{"type":"FeatureCollection", "features": [
{"type":"Feature","geometry":{"type":"Polygon","coordinates":[[[74.889862,37.23409],[73.305908,37.46380600100008],[71.675568,36.672278],[71.590935,37.92033500100007],[71.257316,37.92289500100003],[71.373526,38.255973],[70.98841,38.490733],[70.18224,37.945031],[70.172345,37.530447],[69.528707,37.588395],[69.32231,37.117019],[68.904604,37.334437],[68.020205,36.922609],[67.78655201800007,37.172269828000026],[66.55373200100007,37.35475300100006],[65.76062000100006,37.550763001000064],[64.755751,37.112878],[64.579957,36.351645001000065],[63.120703,35.863179],[63.099102,35.417985001000034],[62.627865,35.20793],[61.274126,35.60515],[60.918373,34.304756001000044],[60.521095193000065,34.100957609000034],[60.581277259000046,33.59702325100005],[60.94628811300004,33.51368297000005],[60.583154,33.129823001000034],[60.856074,31.486518001000036],[61.70667,31.376244],[61.834703,30.974327001000063],[60.872972,29.858472],[62.469166,29.388695],[64.115128,29.377200001000062],[66.266802,29.857321],[66.391919,30.94061000100004],[66.731058,31.209178],[67.77283,31.32204000100006],[67.56778,31.523220001000027],[68.17103,31.83532000100007],[68.90778,31.596640001000026],[69.32979,31.92746],[69.49628,33.02068],[70.32695,33.330940001000045],[69.88871,34.01953],[71.07591,34.05549],[71.011087,34.534109],[71.68044,35.20462000100008],[71.195027,36.039614],[71.63732,36.477014],[74.564626,37.03085200100003],[74.500896,37.239261001000045],[74.889862,37.23409]]]},"properties":{"id":"AFG","name":"Afghanistan","iso":"AFG"}},
{"type":"Feature","geometry":{"type":"MultiPolygon","coordinates":[[[[-37.71586227399996,-53.97166824399994],[-38.02425003099995,-54.05916595499997],[-35.79672241199995,-54.777137754999956],[-36.62339019799998,-54.12211227399996],[-37.71586227399996,-53.97166824399994]]],[[[-6.267920282999967,54.102323496000054],[-5.434194564999927,54.46583175600006],[-6.027500152999949,55.16583251900005],[-7.256886761999965,55.06664584200007],[-8.160008,54.44011],[-7.546563,54.122044],[-7.029362,54.42109000100004],[-6.267920282999967,54.102323496000054]]],[[[-6.11749982799995,56.65330505500003],[-6.324999808999962,56.268749237000065],[-5.66413879299995,56.39247131400003],[-6.11749982799995,56.65330505500003]]],[[[-6.35508346499995,57.709583284000075],[-6.789222239999958,57.421611787000074],[-5.998388766999938,57.02041626000005],[-5.647527694999951,57.25833511400003],[-6.35508346499995,57.709583284000075]]],[[[-6.258416652999927,58.51622390700004],[-7.107611178999946,58.18244552700003],[-6.968360900999926,57.727085113000044],[-6.258416652999927,58.51622390700004]]],[[[-3.333305596999935,58.648723603000064],[-5.009139060999928,58.62583160500003],[-5.45919466,58.07413864100005],[-5.072527885999932,57.81913757400008],[-5.814222335999943,57.85499954200003],[-5.387527942999952,57.10830688500005],[-6.23086118699996,56.71416854800003],[-5.540055750999954,56.687053680000076],[-6.007472037999946,56.64916610700004],[-5.686694621999948,56.49619293200004],[-5.337583541999948,56.85833358700006],[-5.004166602999931,56.71247101000006],[-5.800027847999957,55.29791641200006],[-5.056749820999926,56.24538803100006],[-5.315888881999967,55.85163879400005],[-4.75174999199993,56.20708465600006],[-4.427527902999941,55.903305053000054],[-4.884194373999946,55.94247055100004],[-4.967583178999973,54.663360596000075],[-3.050861119999979,54.98083496100003],[-3.642527818999952,54.50833511500008],[-3.15169453599998,54.06119537300003],[-2.799277781999933,54.23994445900007],[-3.107555627999943,53.545860290000064],[-2.680860995999979,53.35583496100003],[-4.199166774999981,53.21247100800008],[-4.769166469999959,52.79499816900005],[-4.058361053999931,52.922943115000066],[-3.938333272999955,52.552917480000076],[-5.320833205999975,51.86080551300006],[-3.403416633999939,51.380390168000076],[-2.347583293999946,51.79750061000004],[-3.056694507999964,51.177055360000054],[-4.527527808999935,51.02077865700005],[-5.710861205999947,50.126640320000035],[-5.207499980999955,49.95708465700005],[-4.701638697999954,50.345390320000035],[-3.643361091999964,50.21869278100007],[-3.476694343999952,50.687053680000076],[-2.456638812999927,50.512889862000065],[-1.480861067999967,50.91585922200005],[0.239999994000073,50.73208236700003],[1.407500028000072,51.175804138000046],[1.426611066000021,51.392887115000065],[0.254166663000035,51.465862274000074],[1.580861092000021,52.084945678000054],[1.692444443000056,52.73166656500007],[-0.007583332999957,52.884109497000054],[0.167472228000065,53.47919464200004],[-0.780833303999941,53.695835113000044],[0.124194443000022,53.57830429200004],[-0.077527774999965,54.11994552700003],[-1.212555527999939,54.580833435000045],[-1.640805601999944,55.58247375500008],[-2.655027866999944,56.05952835200003],[-3.842583417999947,56.103305817000034],[-2.59583330199996,56.26750183100006],[-3.377527713999939,56.37997055000005],[-2.539249896999934,56.56663894800005],[-1.767583369999954,57.470806123000045],[-3.281722306999939,57.725444795000044],[-4.438361167999972,57.48619461100003],[-3.772555589999968,57.86502838100006],[-4.35508346599994,57.885417939000035],[-3.109250068999927,58.37077713000008],[-3.333305596999935,58.648723603000064]]],[[[-1.30672216399995,60.641223909000075],[-1.70424997799995,60.25752639900003],[-1.273361086999955,59.85119628900003],[-1.30672216399995,60.641223909000075]]]]},"properties":{"id":"GBR","name":"United Kingdom","iso":"GBR"}},
{"type":"Feature","geometry":{"type":"Polygon","coordinates":[[[20.078895,42.555799001000025],[19.662195086000054,42.62820994200007],[19.368392663000066,41.89036122300007],[19.614194870000063,41.60536193900003],[19.288722992000032,40.41999817000004],[20.00868487300005,39.69148224500003],[20.677427,40.09595800100004],[20.98068591200007,40.853951066000036],[20.515727,41.23076000100008],[20.594286,41.877328],[20.078895,42.555799001000025]]]},"properties":{"id":"ALB","name":"Albania","iso":"ALB"}},
{"type":"Feature","geometry":{"type":"Polygon","coordinates":[[[8.641940572000067,36.940958641000066],[6.466989835000049,37.08900392400005],[5.36862762800007,36.64410357300005],[3.895461349000072,36.92331303900005],[1.343406893000065,36.55155039400006],[-2.211653421999927,35.08512996800005],[-1.739476767999975,34.74284116900003],[-1.670087387999956,33.282249524000065],[-0.996975780999946,32.51656303000004],[-1.153951057999961,32.109415874000035],[-2.907566254999949,32.11815348300007],[-2.823485061999975,31.797681872000055],[-3.666666300999964,31.633334525000066],[-3.63538439499996,30.703794187000028],[-4.324134658999981,30.53058154100006],[-5.569692667999959,29.485284843000045],[-7.147617907999972,29.524171736000028],[-8.664186623999967,28.716840310000066],[-8.667610882999952,27.66726947500007],[-8.667611098999942,27.31589165200006],[-4.834133258999941,25.000661071000025],[1.166668107000021,21.113888897000038],[1.16515,20.73614800100006],[1.797805001000029,20.297876],[3.254628,19.834791],[3.29562,19.002023001000055],[4.266666594000071,19.145555449000028],[5.813022165000064,19.443238785000062],[7.459372162000022,20.843413962000056],[11.998499906000063,23.51499999200007],[11.56788913500003,24.25393058900005],[10.214803235000034,24.64789641300007],[9.399842860000035,26.195428341000024],[9.930410265000035,26.857935329000043],[9.556425,30.228034],[9.075418,32.086467001000074],[8.35734,32.50173500100004],[7.524641,33.79733],[8.320765,34.732633],[8.409609,36.41179200100004],[8.153673,36.496998],[8.641940572000067,36.940958641000066]]]},"properties":{"id":"DZA","name":"Algeria","iso":"DZA"}},
{"type":"Feature","geometry":{"type":"MultiPolygon","coordinates":[[[[-67.07836151099997,18.51291656500007],[-67.19669341999997,17.929582596000046],[-66.15583038299997,17.92708397000007],[-65.58958435099998,18.229166032000023],[-67.07836151099997,18.51291656500007]]],[[[-155.85005187999997,20.27191734400003],[-156.06460571299996,19.729639053000028],[-155.67514038099998,18.91319465600003],[-154.80583190899998,19.520584106000058],[-155.85005187999997,20.27191734400003]]],[[[-156.59521484399997,21.033472061000055],[-156.41638183599997,20.586221695000063],[-155.98797607399996,20.711389541000074],[-156.59521484399997,21.033472061000055]]],[[[-157.96669006399998,21.71086120700005],[-158.23255920399998,21.484083175000023],[-157.69744873099998,21.262638093000078],[-157.96669006399998,21.71086120700005]]],[[[-159.40336608899997,22.238750458000027],[-159.76310729899998,21.98127746600005],[-159.38996887199997,21.90380477900004],[-159.40336608899997,22.238750458000027]]],[[[-72.23066711399997,41.16091537400007],[-74.04205322299998,40.61383438200005],[-72.60255432199995,40.80791854900008],[-72.23066711399997,41.16091537400007]]],[[[-80.61214722999995,24.93842194900003],[-80.38669862199998,25.120531782000057],[-80.25422944499996,25.339670881000075],[-80.41711701799994,25.20008729400007],[-80.03219880499995,26.79500458900003],[-81.32131471099996,29.872587904000056],[-81.60339631399995,31.207199797000044],[-81.18170442,31.51717065200006],[-81.29333772099994,31.807198269000025],[-80.67061890999997,32.214533551000045],[-80.82812013099993,32.49617265100005],[-80.61883820899999,32.25458787200006],[-80.60750855799995,32.504671795000036],[-79.36961640699997,33.007895215000076],[-78.77872742999995,33.76547883300003],[-78.01795472499998,33.88714478700007],[-77.96100892499999,34.18055985700005],[-77.96105194099994,33.83969497700008],[-77.13189210299998,34.76133988600003],[-76.28258790399997,34.93803285000007],[-76.97758759799996,34.99967072700008],[-76.46753205699997,35.26133988600003],[-76.99681367299996,35.482504590000076],[-76.15542115599999,35.32511399500004],[-75.72886933699994,35.62478135400005],[-75.85739411699996,35.97553132300004],[-76.03547944499996,35.64761613300004],[-76.05958833099999,35.99175523100007],[-76.73833741599998,35.93216965900007],[-76.06503571799993,36.14467118600004],[-76.21712006999996,36.29842255800003],[-75.79770173399999,36.070395216000065],[-75.95723237399994,36.71961472900006],[-75.53725709299994,35.786226971000076],[-75.99789704699998,36.92203400900007],[-76.52747620799994,36.85711549000007],[-76.98733796399995,37.24119828500005],[-76.30797852899997,36.99592088000003],[-76.81053437599996,37.53086732200006],[-76.50664796199999,37.24444840700005],[-76.29992188799997,37.55995057500007],[-76.93089570299998,37.98280976500007],[-76.36233796499994,37.60697816100003],[-76.23892487899997,37.88970063600004],[-77.33903779399998,38.34389375100005],[-77.237399,38.66125367500007],[-77.24745454199996,38.37572739900003],[-76.32506074299994,38.03628419300003],[-76.63119782799998,39.26325486600007],[-75.87878693899995,39.53947709300007],[-76.38050355199994,38.85122559900003],[-75.94089783999993,38.67470048300004],[-76.29592408599996,38.63011430200004],[-76.22900666599998,38.30658982500006],[-75.84461488099998,38.40006135200008],[-75.64253510899994,37.97469972000005],[-75.94958771999995,37.118391735000046],[-75.05420197899997,38.40886567500007],[-75.53842439099998,39.73053239300003],[-74.86381043799997,38.94092057600005],[-74.05208863599995,40.06564210300007],[-74.09842194899994,39.765505537000024],[-73.98169984299994,40.44297669700006],[-74.29217042299996,40.50786469700006],[-73.59047974899994,41.04175446900007],[-71.48359193199997,41.357893690000026],[-71.40633668299995,41.818255169000054],[-71.19523133599995,41.45161698600003],[-70.71070374899995,41.75255845400005],[-70.66170014699998,41.51389191800007],[-69.95586671199999,41.64547608600003],[-70.06428803899996,42.04464219300007],[-70.33558930799995,41.70756028400007],[-71.04672517199998,42.29492066600005],[-70.59147920099997,42.635420546000034],[-70.86731232999995,42.81270097100003],[-70.56286896999995,43.32144807200007],[-70.10050477399994,43.84220002400008],[-69.78156556499994,43.741503462000026],[-69.79147614799996,44.08878205700006],[-69.60686768899996,43.81258653100008],[-69.21219910999997,43.93142197800006],[-68.82697572099994,44.665308699000036],[-68.52431001099995,44.22689317100003],[-68.24564637599997,44.58528397900005],[-68.06017579399997,44.330477460000054],[-67.18908967399994,44.645003064000036],[-67.20899021199995,45.16924165900008],[-67.817964,45.69364400100005],[-67.790047,47.06714400100003],[-69.224331,47.459786],[-70.837994,45.234556001000044],[-74.972478,44.98343900100008],[-76.796636,43.631083],[-78.690336,43.631089],[-79.200617,43.450444],[-78.935344,42.82825600100006],[-82.679675,41.676558],[-83.149631,42.040983],[-82.122725,43.591169],[-82.518528,45.33861900100004],[-83.597089,45.821256],[-83.571869,46.10577200100005],[-83.955417,46.05674400100003],[-84.12836610999994,46.529538882000054],[-84.556753,46.460789],[-84.860075,46.888906],[-88.368658,48.30557800100007],[-89.337442,47.974058],[-90.885789,48.246067],[-91.567556,48.043894],[-92.954869,48.631614],[-94.587725,48.7176],[-94.957456,49.3702],[-95.15326104599995,48.99886095800008],[-97.61404197399997,49.00052208500006],[-106.51827501599996,48.999552969000035],[-114.75953908099996,49.00029694600005],[-122.76332589999998,49.00195789000003],[-122.17930879,48.00461457600005],[-122.43461884899995,47.25506089400005],[-122.60717286399995,47.94089387200006],[-123.15931214699998,47.35156129100005],[-122.75808991799994,48.14417146100004],[-124.73256196399996,48.380533918000026],[-124.17514314099998,46.926199659000076],[-123.80753602399994,46.97053407100003],[-124.13964356799994,46.90439484800004],[-123.82001008299994,46.68719743200006],[-124.08756532099994,46.266894086000036],[-123.43258943,46.243033155000035],[-124.02467622199998,46.227034314000036],[-124.17689790099996,43.38128159900003],[-124.56950654299999,42.83889268200005],[-124.06531037699995,41.44356034500004],[-124.36617554899999,40.25922654500005],[-123.02630891199999,37.99533723300004],[-122.53211488199997,37.814253552000025],[-122.517008681,38.12800477400003],[-122.25825776499994,38.05969880500004],[-122.01022614899995,37.46303437500006],[-122.47964753499997,37.80842088000003],[-122.40839661999996,37.195505842000046],[-121.86636628399998,36.932169660000056],[-121.90433778199997,36.30314515400005],[-120.64334382399994,35.13486741400004],[-120.64064301899998,34.558947309000075],[-118.52500428599996,34.027617199000076],[-117.48056306199999,33.30289338400007],[-117.12467672999998,32.53430097800003],[-114.71955656099999,32.71872712700008],[-114.81370316399995,32.49406411900003],[-111.07497184399995,31.332340035000072],[-108.20846135799997,31.333373124000047],[-108.20848019299996,31.783697929000027],[-106.45065464899994,31.76422787200005],[-104.92271644499999,30.603717575000076],[-104.14128824999995,29.377826860000027],[-103.15399883699996,28.971312296000065],[-102.67409475699998,29.744575989000055],[-101.40192025899995,29.77149139100004],[-99.51370223399994,27.569522952000057],[-99.08471354499994,26.39799115200003],[-97.22842304499994,25.95884127200003],[-97.42339600899999,27.26217149200005],[-97.78339661999996,27.28050492500006],[-97.24589814499996,27.688866360000077],[-97.52589692499998,27.872227415000054],[-97.19089784,27.82300446800008],[-96.81131257499999,28.475949034000053],[-96.40253724299998,28.442171795000036],[-96.66506470999997,28.720505459000037],[-95.97478761099995,28.65700410100004],[-96.37086486799996,28.398721696000052],[-95.39303101799999,28.86044953700008],[-94.81109132199998,29.363116009000066],[-94.99278535099995,29.713116392000074],[-94.46989716899998,29.556227430000035],[-94.77278413199997,29.359671338000055],[-93.84347810199995,29.677782757000045],[-93.86419953699999,29.98933862000007],[-93.83722962699994,29.692171796000025],[-92.32487000799995,29.53119920000006],[-91.83050813099999,29.831505520000064],[-90.85953797699995,29.087143643000047],[-90.44625367499998,29.348726972000065],[-90.11622895599999,29.139588101000072],[-90.19733704799995,29.567976696000073],[-89.76795472499998,29.478420956000036],[-89.28837098499997,29.122143492000077],[-89.41631593199997,28.918476803000033],[-88.99992646599998,29.181477293000057],[-89.70923127499998,29.561365828000078],[-89.23923005499995,29.886337979000075],[-90.40883912399994,30.211283429000048],[-88.13798035999997,30.30958817800007],[-88.00248231299997,30.77392075800003],[-87.73003663399999,30.301533445000075],[-88.0315045299999,30.220560774000035],[-87.32789887799998,30.314560635000078],[-87.02897919999998,30.605448468000077],[-87.18831147499998,30.341671688000076],[-86.75433106699995,30.400852438000072],[-87.29916381699996,30.323333740000066],[-86.52272033699995,30.385639192000042],[-86.61764802399995,30.428032621000057],[-86.49939240799995,30.518616423000026],[-86.20064820599998,30.492670759000077],[-86.51639832899997,30.38786576600006],[-85.73633851399995,30.12178300200003],[-85.87675752099994,30.310477003000074],[-85.58342255999997,30.30969880300006],[-85.35739411699996,29.66214440600004],[-84.20962037399994,30.138449414000036],[-83.68348206899998,29.92380975100008],[-82.62755860699997,28.870505079000054],[-82.85505952299997,27.868838055000026],[-82.67837037499999,27.693838818000074],[-82.69550599399997,28.035059674000024],[-82.40587128999994,27.944699033000063],[-82.69506348999994,27.473032696000075],[-82.39922608699999,26.977198346000023],[-82.16298188599995,26.780949339000074],[-82.27506532099994,27.018892987000072],[-82.00214661799998,26.975949032000074],[-81.73337067899996,25.909670575000064],[-81.02794923199997,25.56347726100006],[-81.14297761399996,25.155894026000055],[-80.67381562599996,25.136782392000043],[-80.55794801099995,25.243422253000062],[-80.37423219099998,25.185532315000046],[-80.61214722999995,24.93842194900003]]],[[[-178.09333801299996,51.92122268700007],[-177.91003417999997,51.597110748000034],[-177.61416625999996,51.85497284000007],[-178.09333801299996,51.92122268700007]]],[[[-176.56663513199996,51.99961090200003],[-176.98167419399996,51.60119628900003],[-176.42750549299998,51.74083328200004],[-176.56663513199996,51.99961090200003]]],[[[-173.52250671399997,52.143333436000034],[-174.05589294499998,52.12916564900007],[-172.95422363299997,52.09577941900005],[-173.52250671399997,52.143333436000034]]],[[[-174.15333557099999,52.42208480900007],[-175.34164428799997,52.022888185000056],[-174.10005187999997,52.10041809200004],[-174.15333557099999,52.42208480900007]]],[[[172.7908325200001,53.007499695000035],[172.4450531010001,52.919528961000026],[173.427505493,52.829193116000056],[172.7908325200001,53.007499695000035]]],[[[-166.65977477899997,54.013168336000035],[-167.15977477999996,53.86255645700004],[-166.69714355499997,53.71727752800007],[-167.16619872999996,53.614444734000074],[-166.94860839899997,53.513168335000046],[-167.85244750899997,53.30775070200008],[-167.49671936,53.256416322000064],[-166.27488708499996,53.68597412100007],[-166.65977477899997,54.013168336000035]]],[[[-163.76885986199997,55.056137085000046],[-164.55410766599996,54.889167787000076],[-164.85011291499998,54.41705703900004],[-163.06169128399998,54.65791702300004],[-163.37588500999996,54.78997039800004],[-163.45307922399996,55.04147338900003],[-163.76885986199997,55.056137085000046]]],[[[-131.26341247599998,55.97372055000005],[-131.83589172299997,55.45252609200003],[-131.532531738,55.29330444300007],[-131.36338806199996,55.651248932000044],[-131.19169616699998,55.19122314400005],[-131.26341247599998,55.97372055000005]]],[[[-132.43353271499996,56.35289001400008],[-132.72257995599995,56.13666534400005],[-132.23841857899998,55.92205429100005],[-132.43353271499996,56.35289001400008]]],[[[-133.61833190899995,56.35955429100005],[-133.40658569299995,55.61497116100003],[-132.93588256799995,55.62749862600003],[-133.24472045899995,55.28969574000007],[-132.544998169,55.27791595600007],[-132.01753234899996,54.69166564900007],[-131.99583435099998,55.26327896200007],[-132.35330200199996,55.13205719000007],[-132.411697388,55.51622390700004],[-132.74247741599999,55.35913848900003],[-132.52836608899997,55.60625076400004],[-132.14413452099996,55.47083282600005],[-133.61833190899995,56.35955429100005]]],[[[-134.25163268999995,56.937889099000074],[-134.13339233399995,56.00202942000004],[-133.94255065799996,56.61750030500008],[-133.69250488299997,56.604167938000046],[-134.25163268999995,56.937889099000074]]],[[[-133.89335632299998,57.09872055200003],[-134.05422973599997,57.02336120600006],[-133.687576294,56.85583496100003],[-133.65756225599995,56.43661117500005],[-133.16166686999998,56.459526062000066],[-132.99414062499994,56.939220430000034],[-133.89335632299998,57.09872055200003]]],[[[-153.21638488699998,57.21305465800003],[-153.30532836899997,56.99291610700004],[-152.86691284199998,57.149887086000035],[-153.21638488699998,57.21305465800003]]],[[[-135.41746521,57.5625],[-135.69589233399995,57.35580444500005],[-134.67008972199994,56.16038894600007],[-134.842590332,57.249137878000056],[-135.41746521,57.5625]]],[[[-153.26895141599996,57.999137880000035],[-153.18096923799996,57.705028534000064],[-153.93510436999998,57.80541610700004],[-153.62466430699996,57.277915954000036],[-154.03172302299998,57.655445099000076],[-154.80250549299998,57.34916687000003],[-154.31027221599996,56.84416580300007],[-154.09588623099998,57.12083435000005],[-154.47088623099998,57.124973297000054],[-153.73849487299998,57.13930511600006],[-154.13758850099998,56.74414062500006],[-153.15647888199996,57.35997390700004],[-152.64849853499996,57.304637910000054],[-152.95324707099996,57.52141571200008],[-152.15313720699996,57.58841705300006],[-153.26895141599996,57.999137880000035]]],[[[-135.78247070299994,58.28666687000003],[-136.36088561999998,58.220806122000056],[-136.02580261199995,57.841667176000044],[-136.42422485199995,57.821609497000054],[-135.84503173899998,57.38872146600005],[-135.84005737299998,57.771221162000074],[-134.875,57.463748932000044],[-135.902496338,58.001640320000035],[-135.074996947,57.77461242700008],[-134.95246887199994,58.03997039800004],[-135.83332824699994,57.98875045800003],[-135.78247070299994,58.28666687000003]]],[[[-134.95503234899996,58.41041565100005],[-134.33253478999995,57.59000015200007],[-134.57499694799998,57.015415191000045],[-133.86752319299995,57.365001680000034],[-134.32015991199995,58.09783172600004],[-133.80592346199995,57.60666656600006],[-134.18183899,58.15941619800003],[-134.95503234899996,58.41041565100005]]],[[[-152.64920043899997,58.47833252100003],[-153.22119140699996,58.18641662600004],[-152.84693908699998,57.99166488700007],[-151.96882629399997,58.22769546600006],[-152.64920043899997,58.47833252100003]]],[[[-166.16003417999997,60.42602920600007],[-167.33609008799996,60.065334320000034],[-166.19111633299997,59.748500824000075],[-165.58547973599997,59.90499877900004],[-166.16003417999997,60.42602920600007]]],[[[-146.54035949699997,60.48588943500005],[-146.63325500499997,60.23258209200003],[-146.07821655299998,60.39905548100006],[-146.54035949699997,60.48588943500005]]],[[[-171.67500305199997,63.78791809200004],[-171.74583434899998,63.36666488700007],[-170.59831237799997,63.36624908400006],[-169.75672912599998,62.95205688600004],[-168.72129821799996,63.23333358800005],[-171.67500305199997,63.78791809200004]]],[[[-141.001993498,69.64631482700008],[-143.25633515699997,70.11675523200006],[-144.96475495699997,69.95842240600007],[-149.46625031699998,70.51592515200008],[-151.21640290599996,70.35261796200007],[-152.60515107499998,70.54467271100003],[-152.26384248099998,70.83931229800004],[-154.18884553299998,70.76761887800006],[-155.07637299899997,71.12931321400004],[-155.99875153899998,70.74869797900004],[-155.52264680299996,71.09550736800003],[-156.48636140299996,71.38759110700005],[-157.82384003999996,70.86489366000006],[-159.92753876899997,70.69303391700004],[-159.77100749799996,70.19108782700005],[-160.12140168599998,70.60595200800003],[-161.88380708099996,70.30511735300007],[-163.69240083099996,69.07153580900007],[-166.21997346299997,68.88200639100006],[-166.84947480599996,68.33931230000007],[-164.15245332099997,67.61786912200006],[-163.69917573399997,67.10544846800008],[-161.65478791599998,67.02117417600005],[-161.48964204199999,66.52466843800005],[-160.21000947399997,66.50006364200004],[-161.58473481599998,66.44058488300004],[-162.47000398099996,66.95139573500006],[-161.91116608999997,66.26305650000006],[-161.14264191899997,66.33553574800004],[-161.09141816499996,66.11200211800008],[-163.76225556799997,66.06019852900005],[-163.75290192999998,66.55064652700008],[-164.40533723199997,66.58130906400004],[-168.12050141699999,65.66975663400007],[-166.05478181199996,65.25055955200008],[-166.96144379999998,65.16264603800005],[-166.21364106599998,64.57756303200006],[-163.16894807199998,64.39478562600004],[-163.13672150799997,64.65167497100003],[-162.79509248199997,64.32225297200006],[-161.74731721299997,64.84414170600007],[-160.95852937099997,64.96878312400008],[-160.78770722799996,64.71717332100008],[-161.53734101699996,64.41630814900003],[-160.72995271099998,63.86961625500004],[-161.14506806699998,63.50214265100004],[-162.31297578199997,63.54255936900006],[-163.31134309099997,63.00261567500007],[-164.41995515299996,63.21367143000003],[-165.54384126099998,61.86161683300003],[-166.10603608499997,61.811392530000035],[-165.56337251099998,61.08644746200008],[-165.13289155399997,61.24742005600007],[-165.14848603599998,60.92083619400006],[-164.72152985999998,60.941256268000075],[-164.53833283799997,60.84547685000007],[-163.76314057699997,60.84983704800004],[-163.41597260899997,60.71869920200004],[-164.48521655899998,60.53247754800003],[-164.25158691399997,60.77827835200003],[-164.92105102499997,60.93011093100006],[-164.97985839899997,60.71155548200005],[-165.41004943899998,60.53488922100007],[-164.75074768099998,60.29169464100005],[-164.43461884899997,60.51975510900007],[-163.94128693999997,59.80067323000003],[-162.25816621199996,60.197642071000075],[-162.00906648099996,59.176031813000066],[-161.52234162599999,59.104586346000076],[-162.17676057299997,58.648588879000044],[-161.76411713999997,58.54861710800003],[-160.34154023399998,59.07597611800003],[-158.88637055699996,58.39058945900007],[-158.54069794999998,59.14044831600006],[-158.18547334099998,58.61030839300008],[-156.84294404399998,59.03455995000007],[-157.53680695899996,58.39800523000008],[-157.40214814599997,57.48553345900007],[-158.34778107999998,57.27144883400007],[-158.61294831599997,56.758753521000074],[-160.33612336499996,56.29316972000004],[-160.25798310599998,55.76675294300003],[-161.80420197799998,55.89567063700008],[-162.43953217899997,55.30256150500003],[-162.63614167599997,55.391478283000026],[-163.35434235899996,55.10911439200004],[-163.36711396599998,54.81547807000004],[-163.02878083599998,54.94719956800003],[-163.18458833099996,55.13797639100005],[-162.55386628499997,54.95636628500006],[-162.64647187499997,55.30222581100003],[-162.41658295999997,55.032198651000044],[-161.96623505999997,55.103811962000066],[-161.59570588499997,55.61617158300004],[-161.23709382399997,55.354059918000075],[-159.81814851199996,55.85472749000007],[-159.60130586099996,55.56203339800004],[-158.62300385899997,56.199866041000064],[-158.41653718299997,56.00142167300004],[-158.40919770599996,56.45158646900006],[-156.55444611999997,56.978060467000034],[-155.61615266199996,57.791311962000066],[-154.21373261799997,58.13328431500008],[-153.25125398099996,58.85136674100005],[-154.16678132399997,59.00917313900004],[-154.14256562599996,59.372393353000064],[-152.70544709599997,59.91553376600007],[-152.99644746199996,60.298781140000074],[-149.35505952299997,61.52105973500005],[-150.07762421799998,61.152449353000065],[-148.97044648499997,60.80633805600007],[-150.39169587499998,61.03886674200004],[-151.41549958599998,60.71883653100008],[-151.86436738399996,59.75281022300004],[-150.93123139799997,59.79036591700003],[-151.29370393099998,59.40880845300006],[-151.89125336999996,59.42478059200005],[-151.74389924399998,59.15544770500003],[-150.96753205699997,59.19228242200006],[-150.03470124499998,59.801367506000076],[-149.74264802299996,59.635172589000035],[-149.72461213499997,59.95305894100005],[-149.52719392199998,59.703867657000046],[-149.42801179299997,60.12178300100004],[-149.29269685099996,59.86530946100004],[-149.02633942899996,60.092589125000075],[-148.42761506499997,59.94775651200007],[-147.93884553199996,60.44214509400007],[-148.71545686199997,60.785532696000075],[-147.70494355599996,61.27547715400004],[-147.87794770599996,60.824282391000054],[-147.52125825299996,61.15350602400008],[-147.38630952299997,60.870089276000044],[-146.32167329099997,61.13370011500007],[-146.73976411199996,60.907088024000075],[-146.05430878999996,60.82367203900003],[-146.65486420999997,60.68220017800007],[-146.04641999599997,60.79464219400006],[-146.25958527899996,60.62125657300004],[-145.61050691,60.65886567400008],[-145.94972504999998,60.45258973300008],[-144.88455476199996,60.45728181100003],[-144.25300874199996,60.02344773700008],[-141.41250886199998,60.138697369000056],[-141.45466889699998,59.87428162900005],[-140.316256421,59.69089387300005],[-139.51622285199994,60.05550645100004],[-138.88704194399998,59.80550645100004],[-139.30145539699998,59.560061200000064],[-139.50642670999997,59.990061506000075],[-139.859789746,59.532534345000045],[-136.68797578199997,58.20922730700005],[-136.04049958599995,58.38383744600003],[-137.05055512799998,59.06611512400008],[-136.23800935199995,58.75008653100008],[-136.18634309199996,59.066614851000054],[-135.922152418,58.37967179700007],[-135.09216584599994,58.23969910800008],[-135.35083283799997,59.47961686500008],[-134.783953565,58.39217255800003],[-134.15469636299997,58.19994996300005],[-133.713976759,58.536753400000066],[-134.05725373599995,58.06125520100005],[-133.13705720399997,57.86308930600006],[-133.59045686099995,57.768950207000046],[-132.89497651299996,57.49478410200004],[-133.66380585999997,57.71303437500006],[-133.05874909799996,57.35642121700005],[-133.57377900499995,57.18220017600004],[-132.82153596299997,57.095560773000045],[-132.543810743,56.69975541300005],[-132.06389130999997,56.71972535400005],[-132.183947462,56.37975571900006],[-131.49237336599998,56.23542283300003],[-131.97450532299996,56.17372773500006],[-132.18884553199996,55.58967088000003],[-131.03212251099995,56.10086701600005],[-130.70634736399995,55.75467179700007],[-130.868838209,54.76975510800003],[-130.00331391699996,55.27625535300007],[-130.01408949399996,55.91180553100003],[-131.83642849799998,56.59799882600004],[-133.37847349799995,58.42934882800006],[-135.480378498,59.79685182600008],[-137.52729249799995,58.90518482700003],[-139.07619249799995,60.35128482600004],[-141.00324049799997,60.30517182800003],[-141.001993498,69.64631482700008]]]]},"properties":{"id":"USA","name":"United States","iso":"USA"}},
{"type":"Feature","geometry":{"type":"MultiPolygon","coordinates":[[[[-60.06170619599993,-79.6812973299999],[-61.844933709999964,-80.37958759599996],[-66.20619539299997,-80.19295047899999],[-66.67424174099995,-80.41621730799994],[-60.58673209899996,-80.95577881199995],[-60.06170619599993,-79.6812973299999]]],[[[-163.21560534599996,-78.71484447599994],[-164.31128144599998,-79.30313063999995],[-159.12731918299997,-79.83143252499997],[-163.21560534599996,-78.71484447599994]]],[[[-67.00100204799998,-78.31785796799994],[-71.07387740999997,-78.99289127199995],[-71.35005382599996,-79.66908742499999],[-69.67031979099994,-79.61152644499998],[-67.00100204799998,-78.31785796799994]]],[[[-47.18955949599996,-77.77015652899996],[-49.92864812199997,-78.45042264899996],[-50.24203567699993,-79.52721995999997],[-53.384051159999956,-80.10457402599997],[-54.08292284899994,-80.87496087199997],[-45.83309722299998,-80.52610645199996],[-43.095752868999966,-79.94410099299995],[-43.56321779299998,-78.88067643299996],[-45.36505087599994,-78.78823001299997],[-43.79113601399996,-78.26087841399999],[-47.18955949599996,-77.77015652899996]]],[[[166.73690595400012,-77.16581515099995],[166.68332174600005,-77.85898959499997],[169.36424231800004,-77.50955214999993],[166.73690595400012,-77.16581515099995]]],[[[-116.59068925899999,-74.07384518799995],[-116.33091913399994,-73.86098614599996],[-117.39462795599997,-74.14538458899995],[-116.59068925899999,-74.07384518799995]]],[[[-122.33713437899996,-73.67463712499995],[-123.34913520799995,-73.84535458999994],[-122.33354572299999,-73.91405170799999],[-123.01590291899998,-74.28368321699998],[-121.92136301499994,-74.43184341899996],[-120.26340420899999,-73.927381],[-122.33713437899996,-73.67463712499995]]],[[[-20.64813374499994,-74.03334425699995],[-20.64290092899995,-73.58739202299995],[-22.038318610999966,-74.10718510999999],[-20.460333781999964,-74.49848348499995],[-20.64813374499994,-74.03334425699995]]],[[[-126.35143373699998,-73.27484685199994],[-127.36020746699995,-73.33072814399998],[-127.27231085299996,-73.72015089199994],[-123.89382110899999,-74.26150090299996],[-124.027703369,-73.85577944299996],[-125.68144033699997,-73.83133137899995],[-125.22041968299999,-73.61711976199996],[-126.35143373699998,-73.27484685199994]]],[[[-75.29908974099999,-72.82104979899998],[-76.05424537599998,-73.27168238799999],[-74.57930799599995,-73.62388328299994],[-74.23838573099994,-72.95075405999995],[-75.29908974099999,-72.82104979899998]]],[[[-98.69712310499995,-71.73727586099994],[-98.65662256599995,-72.10793269999994],[-100.20589637899997,-71.82494158699996],[-102.31653843299995,-72.11869866599994],[-98.38388475299996,-72.58009721899998],[-95.42529468899994,-72.37041720999997],[-96.41730158099995,-72.28941613099994],[-95.63958868499998,-72.05871685299996],[-96.99610043499996,-72.21149104199998],[-96.18352631299996,-71.85723948399993],[-97.45442299799998,-72.22328233799993],[-97.46416363499998,-71.90850598999998],[-98.34133355399996,-72.16432585499996],[-98.69712310499995,-71.73727586099994]]],[[[-2.858109886999955,-70.69141154299996],[-3.584543117999942,-70.73770627099998],[-2.769952905999958,-71.17208871799994],[-2.078486968999925,-70.82438576199996],[-2.858109886999955,-70.69141154299996]]],[[[-73.66625152299997,-70.64940060299995],[-74.98123740399996,-70.58839345899997],[-76.48949801199996,-71.06722262699998],[-74.46395835699997,-70.99442418699994],[-73.66625152299997,-70.64940060299995]]],[[[72.00482150000005,-70.46241802599997],[71.75468960700005,-70.26105398699997],[72.22086833400004,-70.64700172899995],[72.00482150000005,-70.46241802599997]]],[[[-74.94073686399997,-69.71788818599998],[-75.66154393899996,-70.12289358499999],[-74.61570721499999,-70.12648224099996],[-74.94073686399997,-69.71788818599998]]],[[[16.22097976300006,-69.70542851899995],[15.553269939000074,-69.87612125599998],[16.14288504700005,-70.09367082299997],[16.22097976300006,-69.70542851899995]]],[[[-61.788344708999944,-69.51834215399998],[-62.501338113999964,-69.14957086399994],[-62.10641661699998,-69.73127955499996],[-61.788344708999944,-69.51834215399998]]],[[[-70.37032784899998,-68.80995836499994],[-72.20720676099995,-69.08320884199998],[-71.83757525199997,-70.01215793099993],[-69.60133025799996,-70.37307413499997],[-71.26800436899998,-70.68221116599995],[-69.80537095199998,-70.84523865599994],[-69.83613085599995,-71.15027436699995],[-70.37032784899998,-70.94264501599997],[-72.78600561399998,-71.06414663499999],[-72.19951678499996,-71.37379633199998],[-75.40623673799996,-71.65371145599994],[-74.05433897399996,-72.17457915599994],[-72.33896168099994,-71.61167291999993],[-70.82916307799997,-71.84852417899998],[-72.04622993199996,-72.16483851999999],[-70.15141986799995,-72.26327021299994],[-72.79061959999996,-72.28428948099997],[-72.38766486199995,-72.67032626999998],[-69.20760349099999,-72.53857134899994],[-68.21508393399995,-71.86082814099996],[-68.43091592499997,-70.65555258199998],[-70.37032784899998,-68.80995836499994]]],[[[-67.68494959399999,-66.71600055999994],[-68.56284940699999,-66.95135242699996],[-68.90386945599994,-67.76627827199997],[-67.96939980699995,-67.46955347099998],[-67.68494959399999,-66.71600055999994]]],[[[96.66079336100006,-66.03998379499996],[96.33720790500007,-66.21725234799999],[97.01744081000004,-66.17645244399995],[96.66079336100006,-66.03998379499996]]],[[[100.80021743200007,-65.38246780499998],[100.30659081900006,-65.67085520699999],[101.23641070900004,-65.58504071899995],[100.80021743200007,-65.38246780499998]]],[[[103.19625527400007,-65.24434539699996],[102.77706794300008,-65.13879463099994],[103.40132533600007,-65.46750987499996],[103.19625527400007,-65.24434539699996]]],[[[-63.34775094199995,-64.24187075399993],[-64.30463505499995,-64.69016001899996],[-63.714387520999935,-64.85399907399994],[-62.80606807899994,-64.57008253799995],[-63.34775094199995,-64.24187075399993]]],[[[-62.42395484799994,-64.01238934299994],[-62.60807365299996,-64.52845567799994],[-61.994344299999966,-64.14047199099997],[-62.42395484799994,-64.01238934299994]]],[[[-57.81137850399995,-63.80212033099997],[-58.30609772899999,-64.33046125199996],[-57.32039502099997,-64.38543005499997],[-57.81137850399995,-63.80212033099997]]],[[[-57.279431424999984,-63.21756367199998],[-60.984333867999965,-64.03908317999998],[-61.560687867999945,-64.65468516799996],[-62.46070335099995,-64.58909263999993],[-62.391347318999976,-64.87565671099998],[-63.26609354899995,-64.95522797199993],[-63.08920878599997,-65.16813486099994],[-63.832769963999965,-65.03157337099998],[-63.79728548299994,-65.60792737199995],[-65.72258741999997,-66.14503338599997],[-65.71183454699997,-66.70095692699994],[-66.54034342299997,-66.64396669999996],[-66.45539572499996,-67.33268822299993],[-66.95432903899996,-66.92784254899993],[-67.48767154699993,-67.04021007499995],[-67.61240487499998,-67.54667039899994],[-66.51023537799995,-67.50796005699993],[-67.48659625999994,-68.82841287899998],[-66.74841151799995,-69.07304074399997],[-67.37530402199997,-69.50960739199996],[-68.84307120599993,-69.40960567299999],[-66.77636898799994,-71.96771419499999],[-67.53605947599993,-72.84622392899996],[-70.30062316199997,-73.29569402799996],[-73.08884316799998,-73.44677189599997],[-74.01789140799997,-73.73978768799998],[-75.32167727699994,-73.62473194699999],[-77.09751427799995,-73.89086555699998],[-76.83460652899998,-73.46666471099996],[-78.85238317499994,-73.61182849699998],[-80.53251960399996,-72.95106444399994],[-80.18950295099995,-73.41451327499993],[-81.27231727699996,-73.26236011999998],[-82.11641781899993,-73.89194084399998],[-85.67239296699995,-73.16881012499994],[-88.46007533199997,-73.26827420199999],[-88.16060781499993,-72.71772709699997],[-89.21546467,-72.63224175399995],[-89.20578708399995,-73.11235754099994],[-91.03216258799995,-73.33709258999994],[-92.79187027899997,-73.14300322899999],[-95.91557992799994,-73.33978080699995],[-97.84733358899996,-73.01343110699997],[-102.71247104299994,-73.00482880999994],[-102.08880440099995,-72.77256674899996],[-102.92053913899997,-72.69890956899997],[-102.87914057699999,-73.30644690099996],[-98.82510578499995,-73.60289017099996],[-103.00044642699999,-73.60880425299996],[-101.54128154199998,-74.00827349099995],[-101.41977407499996,-74.50398094199994],[-99.78748793099999,-74.52978783799995],[-100.58212525699997,-74.87710564099996],[-98.63101642499998,-75.30614527799997],[-101.10579017899994,-75.43571740099998],[-101.73913440699994,-75.08571137999996],[-103.28002112799999,-75.08571137999996],[-106.53437818699996,-75.37496366699997],[-111.60328258799996,-75.20453062799999],[-110.08820276199998,-74.56473467599994],[-111.60274494499998,-74.16849129999997],[-111.53016305099999,-74.80183552899996],[-114.24096237099997,-75.05614097799997],[-113.21513827299998,-74.40505450999996],[-114.19472501699994,-73.86203441399994],[-115.27431348099998,-74.51849732099998],[-117.83134671399995,-74.52118553799994],[-117.97758578999998,-74.25720250399996],[-118.86416018099999,-74.60935909899996],[-121.79539339999997,-74.78946972499995],[-127.233658994,-74.67710219899999],[-133.86173000199994,-74.93409586899998],[-135.39240149399996,-74.56204645799994],[-136.84188879399994,-74.75022173799994],[-136.31069686,-75.18141194899994],[-139.20859617399998,-75.12388407899994],[-141.32852511399994,-75.49862170699998],[-140.637115371,-75.80615387899996],[-142.36080093699996,-75.43356682599995],[-144.34954482399996,-75.61959153099997],[-146.49796887999997,-76.06260990399994],[-145.44096144899996,-76.44810040699997],[-148.22434266299996,-76.08304036299995],[-149.56791416299998,-76.30562483799997],[-145.44902610399998,-76.74810556799997],[-145.29257179999996,-77.05832595699997],[-146.37968727499998,-77.00026044299995],[-145.44795081699996,-77.52661358399996],[-148.59155328099996,-77.10133745099995],[-147.77003377199998,-77.49005381399996],[-149.80501501499998,-77.82285523799999],[-152.32333790699997,-77.30241617899998],[-152.58517036699996,-77.50403254999998],[-154.90617803499998,-77.10187509299999],[-156.99976243799998,-77.36155698099998],[-158.31215060399998,-77.11101503499998],[-158.32956967599998,-77.98398981799994],[-153.79115193599998,-78.24037686499997],[-156.45306816299998,-78.69075819999995],[-154.35478399099998,-79.10915669299999],[-151.71751028099996,-79.08241693799994],[-152.29162851399997,-79.30786976199994],[-147.07003629199997,-79.90715482],[-148.97432617599998,-79.85682116699996],[-147.55187615999998,-80.05238838399998],[-150.35011269899996,-80.07283642999994],[-151.03066563699997,-80.42359907699995],[-147.82897340699998,-80.95223351399994],[-157.13335894499997,-81.27258624499996],[-153.76047986599997,-81.69098473699995],[-154.84579926499998,-81.94946901899993],[-152.53097552199998,-82.53617066699996],[-158.55056587299998,-83.12549385699998],[-156.90843043299998,-83.22930701799999],[-159.12887857699997,-83.54022218899996],[-163.11572336699996,-83.31372074899997],[-164.57505395699997,-83.51530167399994],[-165.74855473699998,-83.17305343099997],[-169.59542500399996,-83.31323831299994],[-174.35578692899998,-82.75785271499996],[-168.02730247799997,-83.79145230499995],[-164.75679246799996,-83.81630099099993],[-163.00416707499997,-84.36455816499995],[-166.44438832099996,-84.36667294599994],[-155.58921348799998,-84.83403971799999],[-155.97516116099996,-85.22368825899997],[-168.31544149399997,-84.64476674899998],[-180,-84.35722676399996],[-180,-84.40999999899998],[-180,-84.44],[-180,-84.47],[-180,-84.49999999899995],[-180,-84.51666666699998],[-180,-84.54666666599996],[-180,-84.57666666699998],[-180,-84.60666666699996],[-180,-84.63666666599994],[-180,-84.66666666699996],[-180,-84.68333333399994],[-180,-84.71333333199999],[-180,-84.74333333199996],[-180,-84.77333333399997],[-180,-84.80333333199997],[-180,-84.83333333199994],[-180,-84.84999999899998],[-180,-84.88],[-180,-84.91],[-180,-84.93999999899995],[-180,-84.97],[-180,-85],[-180,-85.01666666699998],[-180,-85.04666666499998],[-180,-85.07666666699998],[-180,-85.10666666699996],[-180,-85.13666666499995],[-180,-85.16666666699996],[-180,-85.18333333399994],[-180,-85.21333333299998],[-180,-85.24333333199996],[-180,-85.27333333399997],[-180,-85.30333333299996],[-180,-85.33333333199994],[-180,-85.34999999899998],[-180,-85.38],[-180,-85.41],[-180,-85.43999999899995],[-180,-85.47],[-180,-85.5],[-180,-85.51666666699998],[-180,-85.54666666499998],[-180,-85.57666666699998],[-180,-85.60666666699996],[-180,-85.63666666499995],[-180,-85.66666666699996],[-180,-85.68333333299995],[-180,-85.71333333399997],[-180,-85.74333333199996],[-180,-85.77333333299998],[-180,-85.80333333399994],[-180,-85.83333333199994],[-180,-85.84999999899998],[-180,-85.88],[-180,-85.91],[-180,-85.93999999899995],[-180,-85.97],[-180,-86],[-180,-86.01666666699998],[-180,-86.04666666699995],[-180,-86.07666666599994],[-180,-86.10666666699996],[-180,-86.13666666699999],[-180,-86.16666666599997],[-180,-86.18333333199996],[-180,-86.21333333399997],[-180,-86.24333333199996],[-180,-86.27333333199994],[-180,-86.30333333399994],[-180,-86.33333333199994],[-180,-86.35],[-180,-86.37999999899995],[-180,-86.41],[-180,-86.44],[-180,-86.46999999899998],[-180,-86.5],[-180,-86.51666666699998],[-180,-86.54666666699995],[-180,-86.57666666499995],[-180,-86.60666666699996],[-180,-86.63666666699999],[-180,-86.66666666499998],[-180,-86.68333333199996],[-180,-86.71333333399997],[-180,-86.74333333299995],[-180,-86.77333333199994],[-180,-86.80333333399994],[-180,-86.83333333299998],[-180,-86.85],[-180,-86.87999999899995],[-180,-86.91],[-180,-86.94],[-180,-86.96999999899998],[-180,-87],[-180,-87.01666666699998],[-180,-87.04666666699995],[-180,-87.07666666499995],[-180,-87.10666666699996],[-180,-87.13666666699999],[-180,-87.16666666499998],[-180,-87.18333333199996],[-180,-87.21333333299998],[-180,-87.24333333399994],[-180,-87.27333333199994],[-180,-87.30333333299996],[-180,-87.33333333399997],[-180,-87.35],[-180,-87.37999999899995],[-180,-87.41],[-180,-87.44],[-180,-87.46999999899998],[-180,-87.5],[-180,-87.51666666599994],[-180,-87.54666666699995],[-180,-87.57666666699998],[-180,-87.60666666599997],[-180,-87.63666666699999],[-180,-87.66666666699996],[-180,-87.68333333199996],[-180,-87.71333333199999],[-180,-87.74333333399994],[-180,-87.77333333199994],[-180,-87.80333333199997],[-180,-87.83333333399997],[-180,-87.85],[-180,-87.88],[-180,-87.90999999899998],[-180,-87.94],[-180,-87.97],[-180,-87.99999999899995],[-180,-88.01666666499995],[-180,-88.04666666699995],[-180,-88.07666666699998],[-180,-88.10666666499998],[-180,-88.13666666699999],[-180,-88.16666666699996],[-180,-88.18333333299995],[-180,-88.21333333199999],[-180,-88.24333333399994],[-180,-88.27333333299998],[-180,-88.30333333199997],[-180,-88.33333333399997],[-180,-88.35],[-180,-88.38],[-180,-88.40999999899998],[-180,-88.44],[-180,-88.47],[-180,-88.49999999899995],[-180,-88.51666666499995],[-180,-88.54666666699995],[-180,-88.57666666699998],[-180,-88.60666666499998],[-180,-88.63666666699999],[-180,-88.66666666699996],[-180,-88.68333333399994],[-180,-88.71333333199999],[-180,-88.74333333299995],[-180,-88.77333333399997],[-180,-88.80333333199997],[-180,-88.83333333299998],[-180,-88.85],[-180,-88.88],[-180,-88.90999999899998],[-180,-88.94],[-180,-88.97],[-180,-88.99999999899995],[-180,-89.01666666699998],[-180,-89.04666666599996],[-180,-89.07666666699998],[-180,-89.10666666699996],[-180,-89.13666666599994],[-180,-89.16666666699996],[-180,-89.18333333399994],[-180,-89.21333333199999],[-180,-89.24333333199996],[-180,-89.27333333399997],[-180,-89.30333333199997],[-180,-89.33333333199994],[-180,-89.34999999899998],[-180,-89.38],[-180,-89.41],[-180,-89.43999999899995],[-180,-89.47],[-180,-89.5],[-180,-89.51666666699998],[-180,-89.54666666499998],[-180,-89.57666666699998],[-180,-89.60666666699996],[-180,-89.63666666499995],[-180,-89.66666666699996],[-180,-89.68333333399994],[-180,-89.71333333299998],[-180,-89.74333333199996],[-180,-89.77333333399997],[-180,-89.80333333299996],[-180,-89.83333333199994],[-180,-89.84999999899998],[-180,-89.88],[-180,-89.91],[-180,-89.93999999899995],[-180,-90],[-179.94,-90],[-179.91,-90],[-179.88,-90],[-179.85,-90],[-179.82,-90],[-179.79,-90],[-179.76,-90],[-179.73,-90],[-179.7,-90],[-179.67,-90],[-179.64,-90],[-179.61,-90],[-179.58,-90],[-179.55,-90],[-179.52,-90],[-179.49,-90],[-179.46,-90],[-179.43,-90],[-179.4,-90],[-179.37,-90],[-179.34,-90],[-179.31,-90],[-179.28,-90],[-179.25,-90],[-179.22,-90],[-179.19,-90],[-179.16,-90],[-179.13,-90],[-179.1,-90],[-179.07,-90],[-179.04,-90],[-179.01,-90],[-178.98,-90],[-178.95,-90],[-178.92,-90],[-178.89,-90],[-178.86,-90],[-178.83,-90],[-178.8,-90],[-178.77,-90],[-178.74,-90],[-178.71,-90],[-178.68,-90],[-178.65,-90],[-178.62,-90],[-178.59,-90],[-178.56,-90],[-178.53,-90],[-178.5,-90],[-178.47,-90],[-178.44,-90],[-178.41,-90],[-178.38,-90],[-178.35,-90],[-178.32,-90],[-178.29,-90],[-178.26,-90],[-178.23,-90],[-178.2,-90],[-178.17,-90],[-178.14,-90],[-178.11,-90],[-178.08,-90],[-178.05,-90],[-178.02,-90],[-177.99,-90],[-177.96,-90],[-177.93,-90],[-177.9,-90],[-177.87,-90],[-177.84,-90],[-177.81,-90],[-177.78,-90],[-177.75,-90],[-177.72,-90],[-177.69,-90],[-177.66,-90],[-177.63,-90],[-177.6,-90],[-177.57,-90],[-177.54,-90],[-177.51,-90],[-177.48,-90],[-177.45,-90],[-177.42,-90],[-177.39,-90],[-177.36,-90],[-177.33,-90],[-177.3,-90],[-177.27,-90],[-177.24,-90],[-177.21,-90],[-177.18,-90],[-177.15,-90],[-177.12,-90],[-177.09,-90],[-177.06,-90],[-177.03,-90],[-177,-90],[-176.97,-90],[-176.94,-90],[-176.91,-90],[-176.88,-90],[-176.85,-90],[-176.82,-90],[-176.79,-90],[-176.76,-90],[-176.73,-90],[-176.7,-90],[-176.67,-90],[-176.64,-90],[-176.61,-90],[-176.58,-90],[-176.55,-90],[-176.52,-90],[-176.49,-90],[-176.46,-90],[-176.43,-90],[-176.4,-90],[-176.37,-90],[-176.34,-90],[-176.31,-90],[-176.28,-90],[-176.25,-90],[-176.22,-90],[-176.19,-90],[-176.16,-90],[-176.13,-90],[-176.1,-90],[-176.07,-90],[-176.04,-90],[-176.01,-90],[-175.98,-90],[-175.95,-90],[-175.92,-90],[-175.89,-90],[-175.86,-90],[-175.83,-90],[-175.8,-90],[-175.77,-90],[-175.74,-90],[-175.71,-90],[-175.68,-90],[-175.65,-90],[-175.62,-90],[-175.59,-90],[-175.56,-90],[-175.53,-90],[-175.5,-90],[-175.47,-90],[-175.44,-90],[-175.41,-90],[-175.38,-90],[-175.35,-90],[-175.32,-90],[-175.29,-90],[-175.26,-90],[-175.23,-90],[-175.2,-90],[-175.17,-90],[-175.14,-90],[-175.11,-90],[-175.08,-90],[-175.05,-90],[-175.02,-90],[-174.99,-90],[-174.96,-90],[-174.93,-90],[-174.9,-90],[-174.87,-90],[-174.84,-90],[-174.81,-90],[-174.78,-90],[-174.75,-90],[-174.72,-90],[-174.69,-90],[-174.66,-90],[-174.63,-90],[-174.6,-90],[-174.57,-90],[-174.54,-90],[-174.51,-90],[-174.48,-90],[-174.45,-90],[-174.42,-90],[-174.39,-90],[-174.36,-90],[-174.33,-90],[-174.3,-90],[-174.27,-90],[-174.24,-90],[-174.21,-90],[-174.18,-90],[-174.15,-90],[-174.12,-90],[-174.09,-90],[-174.06,-90],[-174.03,-90],[-174,-90],[-173.97,-90],[-173.94,-90],[-173.91,-90],[-173.88,-90],[-173.85,-90],[-173.82,-90],[-173.79,-90],[-173.76,-90],[-173.73,-90],[-173.7,-90],[-173.67,-90],[-173.64,-90],[-173.61,-90],[-173.58,-90],[-173.55,-90],[-173.52,-90],[-173.49,-90],[-173.46,-90],[-173.43,-90],[-173.4,-90],[-173.37,-90],[-173.34,-90],[-173.31,-90],[-173.28,-90],[-173.25,-90],[-173.22,-90],[-173.19,-90],[-173.16,-90],[-173.13,-90],[-173.1,-90],[-173.07,-90],[-173.04,-90],[-173.01,-90],[-172.98,-90],[-172.95,-90],[-172.92,-90],[-172.89,-90],[-172.86,-90],[-172.83,-90],[-172.8,-90],[-172.77,-90],[-172.74,-90],[-172.71,-90],[-172.68,-90],[-172.65,-90],[-172.62,-90],[-172.59,-90],[-172.56,-90],[-172.53,-90],[-172.5,-90],[-172.47,-90],[-172.44,-90],[-172.41,-90],[-172.38,-90],[-172.35,-90],[-172.32,-90],[-172.29,-90],[-172.26,-90],[-172.23,-90],[-172.2,-90],[-172.17,-90],[-172.14,-90],[-172.11,-90],[-172.08,-90],[-172.05,-90],[-172.02,-90],[-171.99,-90],[-171.96,-90],[-171.93,-90],[-171.9,-90],[-171.87,-90],[-171.84,-90],[-171.81,-90],[-171.78,-90],[-171.75,-90],[-171.72,-90],[-171.69,-90],[-171.66,-90],[-171.63,-90],[-171.6,-90],[-171.57,-90],[-171.54,-90],[-171.51,-90],[-171.48,-90],[-171.45,-90],[-171.42,-90],[-171.39,-90],[-171.36,-90],[-171.33,-90],[-171.3,-90],[-171.27,-90],[-171.24,-90],[-171.21,-90],[-171.18,-90],[-171.15,-90],[-171.12,-90],[-171.09,-90],[-171.06,-90],[-171.03,-90],[-171,-90],[-170.97,-90],[-170.94,-90],[-170.91,-90],[-170.88,-90],[-170.85,-90],[-170.82,-90],[-170.79,-90],[-170.76,-90],[-170.73,-90],[-170.7,-90],[-170.67,-90],[-170.64,-90],[-170.61,-90],[-170.58,-90],[-170.55,-90],[-170.52,-90],[-170.49,-90],[-170.46,-90],[-170.43,-90],[-170.4,-90],[-170.37,-90],[-170.34,-90],[-170.31,-90],[-170.28,-90],[-170.25,-90],[-170.22,-90],[-170.19,-90],[-170.16,-90],[-170.13,-90],[-170.1,-90],[-170.07,-90],[-170.04,-90],[-170.01,-90],[-169.98,-90],[-169.95,-90],[-169.92,-90],[-169.89,-90],[-169.86,-90],[-169.83,-90],[-169.8,-90],[-169.77,-90],[-169.74,-90],[-169.71,-90],[-169.68,-90],[-169.65,-90],[-169.62,-90],[-169.59,-90],[-169.56,-90],[-169.53,-90],[-169.5,-90],[-169.47,-90],[-169.44,-90],[-169.41,-90],[-169.38,-90],[-169.35,-90],[-169.32,-90],[-169.29,-90],[-169.26,-90],[-169.23,-90],[-169.2,-90],[-169.17,-90],[-169.14,-90],[-169.11,-90],[-169.08,-90],[-169.05,-90],[-169.02,-90],[-168.99,-90],[-168.96,-90],[-168.93,-90],[-168.9,-90],[-168.87,-90],[-168.84,-90],[-168.81,-90],[-168.78,-90],[-168.75,-90],[-168.72,-90],[-168.69,-90],[-168.66,-90],[-168.63,-90],[-168.6,-90],[-168.57,-90],[-168.54,-90],[-168.51,-90],[-168.48,-90],[-168.45,-90],[-168.42,-90],[-168.39,-90],[-168.36,-90],[-168.33,-90],[-168.3,-90],[-168.27,-90],[-168.24,-90],[-168.21,-90],[-168.18,-90],[-168.15,-90],[-168.12,-90],[-168.09,-90],[-168.06,-90],[-168.03,-90],[-168,-90],[-167.97,-90],[-167.94,-90],[-167.91,-90],[-167.88,-90],[-167.85,-90],[-167.82,-90],[-167.79,-90],[-167.76,-90],[-167.73,-90],[-167.7,-90],[-167.67,-90],[-167.64,-90],[-167.61,-90],[-167.58,-90],[-167.55,-90],[-167.52,-90],[-167.49,-90],[-167.46,-90],[-167.43,-90],[-167.4,-90],[-167.37,-90],[-167.34,-90],[-167.31,-90],[-167.28,-90],[-167.25,-90],[-167.22,-90],[-167.19,-90],[-167.16,-90],[-167.13,-90],[-167.1,-90],[-167.07,-90],[-167.04,-90],[-167.01,-90],[-166.98,-90],[-166.95,-90],[-166.92,-90],[-166.89,-90],[-166.86,-90],[-166.83,-90],[-166.8,-90],[-166.77,-90],[-166.74,-90],[-166.71,-90],[-166.68,-90],[-166.65,-90],[-166.62,-90],[-166.59,-90],[-166.56,-90],[-166.53,-90],[-166.5,-90],[-166.47,-90],[-166.44,-90],[-166.41,-90],[-166.38,-90],[-166.35,-90],[-166.32,-90],[-166.29,-90],[-166.26,-90],[-166.23,-90],[-166.2,-90],[-166.17,-90],[-166.14,-90],[-166.11,-90],[-166.08,-90],[-166.05,-90],[-166.02,-90],[-165.99,-90],[-165.96,-90],[-165.93,-90],[-165.9,-90],[-165.87,-90],[-165.84,-90],[-165.81,-90],[-165.78,-90],[-165.75,-90],[-165.72,-90],[-165.69,-90],[-165.66,-90],[-165.63,-90],[-165.6,-90],[-165.57,-90],[-165.54,-90],[-165.51,-90],[-165.48,-90],[-165.45,-90],[-165.42,-90],[-165.39,-90],[-165.36,-90],[-165.33,-90],[-165.3,-90],[-165.27,-90],[-165.24,-90],[-165.21,-90],[-165.18,-90],[-165.15,-90],[-165.12,-90],[-165.09,-90],[-165.06,-90],[-165.03,-90],[-165,-90],[-164.97,-90],[-164.94,-90],[-164.91,-90],[-164.88,-90],[-164.85,-90],[-164.82,-90],[-164.79,-90],[-164.76,-90],[-164.73,-90],[-164.7,-90],[-164.67,-90],[-164.64,-90],[-164.61,-90],[-164.58,-90],[-164.55,-90],[-164.52,-90],[-164.49,-90],[-164.46,-90],[-164.43,-90],[-164.4,-90],[-164.37,-90],[-164.34,-90],[-164.31,-90],[-164.28,-90],[-164.25,-90],[-164.22,-90],[-164.19,-90],[-164.16,-90],[-164.13,-90],[-164.1,-90],[-164.07,-90],[-164.04,-90],[-164.01,-90],[-163.98,-90],[-163.95,-90],[-163.92,-90],[-163.89,-90],[-163.86,-90],[-163.83,-90],[-163.8,-90],[-163.77,-90],[-163.74,-90],[-163.71,-90],[-163.68,-90],[-163.65,-90],[-163.62,-90],[-163.59,-90],[-163.56,-90],[-163.53,-90],[-163.5,-90],[-163.47,-90],[-163.44,-90],[-163.41,-90],[-163.38,-90],[-163.35,-90],[-163.32,-90],[-163.29,-90],[-163.26,-90],[-163.23,-90],[-163.2,-90],[-163.17,-90],[-163.14,-90],[-163.11,-90],[-163.08,-90],[-163.05,-90],[-163.02,-90],[-162.99,-90],[-162.96,-90],[-162.93,-90],[-162.9,-90],[-162.87,-90],[-162.84,-90],[-162.81,-90],[-162.78,-90],[-162.75,-90],[-162.72,-90],[-162.69,-90],[-162.66,-90],[-162.63,-90],[-162.6,-90],[-162.57,-90],[-162.54,-90],[-162.51,-90],[-162.48,-90],[-162.45,-90],[-162.42,-90],[-162.39,-90],[-162.36,-90],[-162.33,-90],[-162.3,-90],[-162.27,-90],[-162.24,-90],[-162.21,-90],[-162.18,-90],[-162.15,-90],[-162.12,-90],[-162.09,-90],[-162.06,-90],[-162.03,-90],[-162,-90],[-161.97,-90],[-161.94,-90],[-161.91,-90],[-161.88,-90],[-161.85,-90],[-161.82,-90],[-161.79,-90],[-161.76,-90],[-161.73,-90],[-161.7,-90],[-161.67,-90],[-161.64,-90],[-161.61,-90],[-161.58,-90],[-161.55,-90],[-161.52,-90],[-161.49,-90],[-161.46,-90],[-161.43,-90],[-161.4,-90],[-161.37,-90],[-161.34,-90],[-161.31,-90],[-161.28,-90],[-161.25,-90],[-161.22,-90],[-161.19,-90],[-161.16,-90],[-161.13,-90],[-161.1,-90],[-161.07,-90],[-161.04,-90],[-161.01,-90],[-160.98,-90],[-160.95,-90],[-160.92,-90],[-160.89,-90],[-160.86,-90],[-160.83,-90],[-160.8,-90],[-160.77,-90],[-160.74,-90],[-160.71,-90],[-160.68,-90],[-160.65,-90],[-160.62,-90],[-160.59,-90],[-160.56,-90],[-160.53,-90],[-160.5,-90],[-160.47,-90],[-160.44,-90],[-160.41,-90],[-160.38,-90],[-160.35,-90],[-160.32,-90],[-160.29,-90],[-160.26,-90],[-160.23,-90],[-160.2,-90],[-160.17,-90],[-160.14,-90],[-160.11,-90],[-160.08,-90],[-160.05,-90],[-160.02,-90],[-159.99,-90],[-159.96,-90],[-159.93,-90],[-159.9,-90],[-159.87,-90],[-159.84,-90],[-159.81,-90],[-159.78,-90],[-159.75,-90],[-159.72,-90],[-159.69,-90],[-159.66,-90],[-159.63,-90],[-159.6,-90],[-159.57,-90],[-159.54,-90],[-159.51,-90],[-159.48,-90],[-159.45,-90],[-159.42,-90],[-159.39,-90],[-159.36,-90],[-159.33,-90],[-159.3,-90],[-159.27,-90],[-159.24,-90],[-159.21,-90],[-159.18,-90],[-159.15,-90],[-159.12,-90],[-159.09,-90],[-159.06,-90],[-159.03,-90],[-159,-90],[-158.97,-90],[-158.94,-90],[-158.91,-90],[-158.88,-90],[-158.85,-90],[-158.82,-90],[-158.79,-90],[-158.76,-90],[-158.73,-90],[-158.7,-90],[-158.67,-90],[-158.64,-90],[-158.61,-90],[-158.58,-90],[-158.55,-90],[-158.52,-90],[-158.49,-90],[-158.46,-90],[-158.43,-90],[-158.4,-90],[-158.37,-90],[-158.34,-90],[-158.31,-90],[-158.28,-90],[-158.25,-90],[-158.22,-90],[-158.19,-90],[-158.16,-90],[-158.13,-90],[-158.1,-90],[-158.07,-90],[-158.04,-90],[-158.01,-90],[-157.98,-90],[-157.95,-90],[-157.92,-90],[-157.89,-90],[-157.86,-90],[-157.83,-90],[-157.8,-90],[-157.77,-90],[-157.74,-90],[-157.71,-90],[-157.68,-90],[-157.65,-90],[-157.62,-90],[-157.59,-90],[-157.56,-90],[-157.53,-90],[-157.5,-90],[-157.47,-90],[-157.44,-90],[-157.41,-90],[-157.38,-90],[-157.35,-90],[-157.32,-90],[-157.29,-90],[-157.26,-90],[-157.23,-90],[-157.2,-90],[-157.17,-90],[-157.14,-90],[-157.11,-90],[-157.08,-90],[-157.05,-90],[-157.02,-90],[-156.99,-90],[-156.96,-90],[-156.93,-90],[-156.9,-90],[-156.87,-90],[-156.84,-90],[-156.81,-90],[-156.78,-90],[-156.75,-90],[-156.72,-90],[-156.69,-90],[-156.66,-90],[-156.63,-90],[-156.6,-90],[-156.57,-90],[-156.54,-90],[-156.51,-90],[-156.48,-90],[-156.45,-90],[-156.42,-90],[-156.39,-90],[-156.36,-90],[-156.33,-90],[-156.3,-90],[-156.27,-90],[-156.24,-90],[-156.21,-90],[-156.18,-90],[-156.15,-90],[-156.12,-90],[-156.09,-90],[-156.06,-90],[-156.03,-90],[-156,-90],[-155.97,-90],[-155.94,-90],[-155.91,-90],[-155.88,-90],[-155.85,-90],[-155.82,-90],[-155.79,-90],[-155.76,-90],[-155.73,-90],[-155.7,-90],[-155.67,-90],[-155.64,-90],[-155.61,-90],[-155.58,-90],[-155.55,-90],[-155.52,-90],[-155.49,-90],[-155.46,-90],[-155.43,-90],[-155.4,-90],[-155.37,-90],[-155.34,-90],[-155.31,-90],[-155.28,-90],[-155.25,-90],[-155.22,-90],[-155.19,-90],[-155.16,-90],[-155.13,-90],[-155.1,-90],[-155.07,-90],[-155.04,-90],[-155.01,-90],[-154.98,-90],[-154.95,-90],[-154.92,-90],[-154.89,-90],[-154.86,-90],[-154.83,-90],[-154.8,-90],[-154.77,-90],[-154.74,-90],[-154.71,-90],[-154.68,-90],[-154.65,-90],[-154.62,-90],[-154.59,-90],[-154.56,-90],[-154.53,-90],[-154.5,-90],[-154.47,-90],[-154.44,-90],[-154.41,-90],[-154.38,-90],[-154.35,-90],[-154.32,-90],[-154.29,-90],[-154.26,-90],[-154.23,-90],[-154.2,-90],[-154.17,-90],[-154.14,-90],[-154.11,-90],[-154.08,-90],[-154.05,-90],[-154.02,-90],[-153.99,-90],[-153.96,-90],[-153.93,-90],[-153.9,-90],[-153.87,-90],[-153.84,-90],[-153.81,-90],[-153.78,-90],[-153.75,-90],[-153.72,-90],[-153.69,-90],[-153.66,-90],[-153.63,-90],[-153.6,-90],[-153.57,-90],[-153.54,-90],[-153.51,-90],[-153.48,-90],[-153.45,-90],[-153.42,-90],[-153.39,-90],[-153.36,-90],[-153.33,-90],[-153.3,-90],[-153.27,-90],[-153.24,-90],[-153.21,-90],[-153.18,-90],[-153.15,-90],[-153.12,-90],[-153.09,-90],[-153.06,-90],[-153.03,-90],[-153,-90],[-152.97,-90],[-152.94,-90],[-152.91,-90],[-152.88,-90],[-152.85,-90],[-152.82,-90],[-152.79,-90],[-152.76,-90],[-152.73,-90],[-152.7,-90],[-152.67,-90],[-152.64,-90],[-152.61,-90],[-152.58,-90],[-152.55,-90],[-152.52,-90],[-152.49,-90],[-152.46,-90],[-152.43,-90],[-152.4,-90],[-152.37,-90],[-152.34,-90],[-152.31,-90],[-152.28,-90],[-152.25,-90],[-152.22,-90],[-152.19,-90],[-152.16,-90],[-152.13,-90],[-152.1,-90],[-152.07,-90],[-152.04,-90],[-152.01,-90],[-151.98,-90],[-151.95,-90],[-151.92,-90],[-151.89,-90],[-151.86,-90],[-151.83,-90],[-151.8,-90],[-151.77,-90],[-151.74,-90],[-151.71,-90],[-151.68,-90],[-151.65,-90],[-151.62,-90],[-151.59,-90],[-151.56,-90],[-151.53,-90],[-151.5,-90],[-151.47,-90],[-151.44,-90],[-151.41,-90],[-151.38,-90],[-151.35,-90],[-151.32,-90],[-151.29,-90],[-151.26,-90],[-151.23,-90],[-151.2,-90],[-151.17,-90],[-151.14,-90],[-151.11,-90],[-151.08,-90],[-151.05,-90],[-151.02,-90],[-150.99,-90],[-150.96,-90],[-150.93,-90],[-150.9,-90],[-150.87,-90],[-150.84,-90],[-150.81,-90],[-150.78,-90],[-150.75,-90],[-150.72,-90],[-150.69,-90],[-150.66,-90],[-150.63,-90],[-150.6,-90],[-150.57,-90],[-150.54,-90],[-150.51,-90],[-150.48,-90],[-150.45,-90],[-150.42,-90],[-150.39,-90],[-150.36,-90],[-150.33,-90],[-150.3,-90],[-150.27,-90],[-150.24,-90],[-150.21,-90],[-150.18,-90],[-150.15,-90],[-150.12,-90],[-150.09,-90],[-150.06,-90],[-150.03,-90],[-150,-90],[-149.97,-90],[-149.94,-90],[-149.91,-90],[-149.88,-90],[-149.85,-90],[-149.82,-90],[-149.79,-90],[-149.76,-90],[-149.73,-90],[-149.7,-90],[-149.67,-90],[-149.64,-90],[-149.61,-90],[-149.58,-90],[-149.55,-90],[-149.52,-90],[-149.49,-90],[-149.46,-90],[-149.43,-90],[-149.4,-90],[-149.37,-90],[-149.34,-90],[-149.31,-90],[-149.28,-90],[-149.25,-90],[-149.22,-90],[-149.19,-90],[-149.16,-90],[-149.13,-90],[-149.1,-90],[-149.07,-90],[-149.04,-90],[-149.01,-90],[-148.98,-90],[-148.95,-90],[-148.92,-90],[-148.89,-90],[-148.86,-90],[-148.83,-90],[-148.8,-90],[-148.77,-90],[-148.74,-90],[-148.71,-90],[-148.68,-90],[-148.65,-90],[-148.62,-90],[-148.59,-90],[-148.56,-90],[-148.53,-90],[-148.5,-90],[-148.47,-90],[-148.44,-90],[-148.41,-90],[-148.38,-90],[-148.35,-90],[-148.32,-90],[-148.29,-90],[-148.26,-90],[-148.23,-90],[-148.2,-90],[-148.17,-90],[-148.14,-90],[-148.11,-90],[-148.08,-90],[-148.05,-90],[-148.02,-90],[-147.99,-90],[-147.96,-90],[-147.93,-90],[-147.9,-90],[-147.87,-90],[-147.84,-90],[-147.81,-90],[-147.78,-90],[-147.75,-90],[-147.72,-90],[-147.69,-90],[-147.66,-90],[-147.63,-90],[-147.6,-90],[-147.57,-90],[-147.54,-90],[-147.51,-90],[-147.48,-90],[-147.45,-90],[-147.42,-90],[-147.39,-90],[-147.36,-90],[-147.33,-90],[-147.3,-90],[-147.27,-90],[-147.24,-90],[-147.21,-90],[-147.18,-90],[-147.15,-90],[-147.12,-90],[-147.09,-90],[-147.06,-90],[-147.03,-90],[-147,-90],[-146.97,-90],[-146.94,-90],[-146.91,-90],[-146.88,-90],[-146.85,-90],[-146.82,-90],[-146.79,-90],[-146.76,-90],[-146.73,-90],[-146.7,-90],[-146.67,-90],[-146.64,-90],[-146.61,-90],[-146.58,-90],[-146.55,-90],[-146.52,-90],[-146.49,-90],[-146.46,-90],[-146.43,-90],[-146.4,-90],[-146.37,-90],[-146.34,-90],[-146.31,-90],[-146.28,-90],[-146.25,-90],[-146.22,-90],[-146.19,-90],[-146.16,-90],[-146.13,-90],[-146.1,-90],[-146.07,-90],[-146.04,-90],[-146.01,-90],[-145.98,-90],[-145.95,-90],[-145.92,-90],[-145.89,-90],[-145.86,-90],[-145.83,-90],[-145.8,-90],[-145.77,-90],[-145.74,-90],[-145.71,-90],[-145.68,-90],[-145.65,-90],[-145.62,-90],[-145.59,-90],[-145.56,-90],[-145.53,-90],[-145.5,-90],[-145.47,-90],[-145.44,-90],[-145.41,-90],[-145.38,-90],[-145.35,-90],[-145.32,-90],[-145.29,-90],[-145.26,-90],[-145.23,-90],[-145.2,-90],[-145.17,-90],[-145.14,-90],[-145.11,-90],[-145.08,-90],[-145.05,-90],[-145.02,-90],[-144.99,-90],[-144.96,-90],[-144.93,-90],[-144.9,-90],[-144.87,-90],[-144.84,-90],[-144.81,-90],[-144.78,-90],[-144.75,-90],[-144.72,-90],[-144.69,-90],[-144.66,-90],[-144.63,-90],[-144.6,-90],[-144.57,-90],[-144.54,-90],[-144.51,-90],[-144.48,-90],[-144.45,-90],[-144.42,-90],[-144.39,-90],[-144.36,-90],[-144.33,-90],[-144.3,-90],[-144.27,-90],[-144.24,-90],[-144.21,-90],[-144.18,-90],[-144.15,-90],[-144.12,-90],[-144.09,-90],[-144.06,-90],[-144.03,-90],[-144,-90],[-143.97,-90],[-143.94,-90],[-143.91,-90],[-143.88,-90],[-143.85,-90],[-143.82,-90],[-143.79,-90],[-143.76,-90],[-143.73,-90],[-143.7,-90],[-143.67,-90],[-143.64,-90],[-143.61,-90],[-143.58,-90],[-143.55,-90],[-143.52,-90],[-143.49,-90],[-143.46,-90],[-143.43,-90],[-143.4,-90],[-143.37,-90],[-143.34,-90],[-143.31,-90],[-143.28,-90],[-143.25,-90],[-143.22,-90],[-143.19,-90],[-143.16,-90],[-143.13,-90],[-143.1,-90],[-143.07,-90],[-143.04,-90],[-143.01,-90],[-142.98,-90],[-142.95,-90],[-142.92,-90],[-142.89,-90],[-142.86,-90],[-142.83,-90],[-142.8,-90],[-142.77,-90],[-142.74,-90],[-142.71,-90],[-142.68,-90],[-142.65,-90],[-142.62,-90],[-142.59,-90],[-142.56,-90],[-142.53,-90],[-142.5,-90],[-142.47,-90],[-142.44,-90],[-142.41,-90],[-142.38,-90],[-142.35,-90],[-142.32,-90],[-142.29,-90],[-142.26,-90],[-142.23,-90],[-142.2,-90],[-142.17,-90],[-142.14,-90],[-142.11,-90],[-142.08,-90],[-142.05,-90],[-142.02,-90],[-141.99,-90],[-141.96,-90],[-141.93,-90],[-141.9,-90],[-141.87,-90],[-141.84,-90],[-141.81,-90],[-141.78,-90],[-141.75,-90],[-141.72,-90],[-141.69,-90],[-141.66,-90],[-141.63,-90],[-141.6,-90],[-141.57,-90],[-141.54,-90],[-141.51,-90],[-141.48,-90],[-141.45,-90],[-141.42,-90],[-141.39,-90],[-141.36,-90],[-141.33,-90],[-141.3,-90],[-141.27,-90],[-141.24,-90],[-141.21,-90],[-141.18,-90],[-141.15,-90],[-141.12,-90],[-141.09,-90],[-141.06,-90],[-141.03,-90],[-141,-90],[-140.97,-90],[-140.94,-90],[-140.91,-90],[-140.88,-90],[-140.85,-90],[-140.82,-90],[-140.79,-90],[-140.76,-90],[-140.73,-90],[-140.7,-90],[-140.67,-90],[-140.64,-90],[-140.61,-90],[-140.58,-90],[-140.55,-90],[-140.52,-90],[-140.49,-90],[-140.46,-90],[-140.43,-90],[-140.4,-90],[-140.37,-90],[-140.34,-90],[-140.31,-90],[-140.28,-90],[-140.25,-90],[-140.22,-90],[-140.19,-90],[-140.16,-90],[-140.13,-90],[-140.1,-90],[-140.07,-90],[-140.04,-90],[-140.01,-90],[-139.98,-90],[-139.95,-90],[-139.92,-90],[-139.89,-90],[-139.86,-90],[-139.83,-90],[-139.8,-90],[-139.77,-90],[-139.74,-90],[-139.71,-90],[-139.68,-90],[-139.65,-90],[-139.62,-90],[-139.59,-90],[-139.56,-90],[-139.53,-90],[-139.5,-90],[-139.47,-90],[-139.44,-90],[-139.41,-90],[-139.38,-90],[-139.35,-90],[-139.32,-90],[-139.29,-90],[-139.26,-90],[-139.23,-90],[-139.2,-90],[-139.17,-90],[-139.14,-90],[-139.11,-90],[-139.08,-90],[-139.05,-90],[-139.02,-90],[-138.99,-90],[-138.96,-90],[-138.93,-90],[-138.9,-90],[-138.87,-90],[-138.84,-90],[-138.81,-90],[-138.78,-90],[-138.75,-90],[-138.72,-90],[-138.69,-90],[-138.66,-90],[-138.63,-90],[-138.6,-90],[-138.57,-90],[-138.54,-90],[-138.51,-90],[-138.48,-90],[-138.45,-90],[-138.42,-90],[-138.39,-90],[-138.36,-90],[-138.33,-90],[-138.3,-90],[-138.27,-90],[-138.24,-90],[-138.21,-90],[-138.18,-90],[-138.15,-90],[-138.12,-90],[-138.09,-90],[-138.06,-90],[-138.03,-90],[-138,-90],[-137.97,-90],[-137.94,-90],[-137.91,-90],[-137.88,-90],[-137.85,-90],[-137.82,-90],[-137.79,-90],[-137.76,-90],[-137.73,-90],[-137.7,-90],[-137.67,-90],[-137.64,-90],[-137.61,-90],[-137.58,-90],[-137.55,-90],[-137.52,-90],[-137.49,-90],[-137.46,-90],[-137.43,-90],[-137.4,-90],[-137.37,-90],[-137.34,-90],[-137.31,-90],[-137.28,-90],[-137.25,-90],[-137.22,-90],[-137.19,-90],[-137.16,-90],[-137.13,-90],[-137.1,-90],[-137.07,-90],[-137.04,-90],[-137.01,-90],[-136.98,-90],[-136.95,-90],[-136.92,-90],[-136.89,-90],[-136.86,-90],[-136.83,-90],[-136.8,-90],[-136.77,-90],[-136.74,-90],[-136.71,-90],[-136.68,-90],[-136.65,-90],[-136.62,-90],[-136.59,-90],[-136.56,-90],[-136.53,-90],[-136.5,-90],[-136.47,-90],[-136.44,-90],[-136.41,-90],[-136.38,-90],[-136.35,-90],[-136.32,-90],[-136.29,-90],[-136.26,-90],[-136.23,-90],[-136.2,-90],[-136.17,-90],[-136.14,-90],[-136.11,-90],[-136.08,-90],[-136.05,-90],[-136.02,-90],[-135.99,-90],[-135.96,-90],[-135.93,-90],[-135.9,-90],[-135.87,-90],[-135.84,-90],[-135.81,-90],[-135.78,-90],[-135.75,-90],[-135.72,-90],[-135.69,-90],[-135.66,-90],[-135.63,-90],[-135.6,-90],[-135.57,-90],[-135.54,-90],[-135.51,-90],[-135.48,-90],[-135.45,-90],[-135.42,-90],[-135.39,-90],[-135.36,-90],[-135.33,-90],[-135.3,-90],[-135.27,-90],[-135.24,-90],[-135.21,-90],[-135.18,-90],[-135.15,-90],[-135.12,-90],[-135.09,-90],[-135.06,-90],[-135.03,-90],[-135,-90],[-134.97,-90],[-134.94,-90],[-134.91,-90],[-134.88,-90],[-134.85,-90],[-134.82,-90],[-134.79,-90],[-134.76,-90],[-134.73,-90],[-134.7,-90],[-134.67,-90],[-134.64,-90],[-134.61,-90],[-134.58,-90],[-134.55,-90],[-134.52,-90],[-134.49,-90],[-134.46,-90],[-134.43,-90],[-134.4,-90],[-134.37,-90],[-134.34,-90],[-134.31,-90],[-134.28,-90],[-134.25,-90],[-134.22,-90],[-134.19,-90],[-134.16,-90],[-134.13,-90],[-134.1,-90],[-134.07,-90],[-134.04,-90],[-134.01,-90],[-133.98,-90],[-133.95,-90],[-133.92,-90],[-133.89,-90],[-133.86,-90],[-133.83,-90],[-133.8,-90],[-133.77,-90],[-133.74,-90],[-133.71,-90],[-133.68,-90],[-133.65,-90],[-133.62,-90],[-133.59,-90],[-133.56,-90],[-133.53,-90],[-133.5,-90],[-133.47,-90],[-133.44,-90],[-133.41,-90],[-133.38,-90],[-133.35,-90],[-133.32,-90],[-133.29,-90],[-133.26,-90],[-133.23,-90],[-133.2,-90],[-133.17,-90],[-133.14,-90],[-133.11,-90],[-133.08,-90],[-133.05,-90],[-133.02,-90],[-132.99,-90],[-132.96,-90],[-132.93,-90],[-132.9,-90],[-132.87,-90],[-132.84,-90],[-132.81,-90],[-132.78,-90],[-132.75,-90],[-132.72,-90],[-132.69,-90],[-132.66,-90],[-132.63,-90],[-132.6,-90],[-132.57,-90],[-132.54,-90],[-132.51,-90],[-132.48,-90],[-132.45,-90],[-132.42,-90],[-132.39,-90],[-132.36,-90],[-132.33,-90],[-132.3,-90],[-132.27,-90],[-132.24,-90],[-132.21,-90],[-132.18,-90],[-132.15,-90],[-132.12,-90],[-132.09,-90],[-132.06,-90],[-132.03,-90],[-132,-90],[-131.97,-90],[-131.94,-90],[-131.91,-90],[-131.88,-90],[-131.85,-90],[-131.82,-90],[-131.79,-90],[-131.76,-90],[-131.73,-90],[-131.7,-90],[-131.67,-90],[-131.64,-90],[-131.61,-90],[-131.58,-90],[-131.55,-90],[-131.52,-90],[-131.49,-90],[-131.46,-90],[-131.43,-90],[-131.4,-90],[-131.37,-90],[-131.34,-90],[-131.31,-90],[-131.28,-90],[-131.25,-90],[-131.22,-90],[-131.19,-90],[-131.16,-90],[-131.13,-90],[-131.1,-90],[-131.07,-90],[-131.04,-90],[-131.01,-90],[-130.98,-90],[-130.95,-90],[-130.92,-90],[-130.89,-90],[-130.86,-90],[-130.83,-90],[-130.8,-90],[-130.77,-90],[-130.74,-90],[-130.71,-90],[-130.68,-90],[-130.65,-90],[-130.62,-90],[-130.59,-90],[-130.56,-90],[-130.53,-90],[-130.5,-90],[-130.47,-90],[-130.44,-90],[-130.41,-90],[-130.38,-90],[-130.35,-90],[-130.32,-90],[-130.29,-90],[-130.26,-90],[-130.23,-90],[-130.2,-90],[-130.17,-90],[-130.14,-90],[-130.11,-90],[-130.08,-90],[-130.05,-90],[-130.02,-90],[-129.99,-90],[-129.96,-90],[-129.93,-90],[-129.9,-90],[-129.87,-90],[-129.84,-90],[-129.81,-90],[-129.78,-90],[-129.75,-90],[-129.72,-90],[-129.69,-90],[-129.66,-90],[-129.63,-90],[-129.6,-90],[-129.57,-90],[-129.54,-90],[-129.51,-90],[-129.48,-90],[-129.45,-90],[-129.42,-90],[-129.39,-90],[-129.36,-90],[-129.33,-90],[-129.3,-90],[-129.27,-90],[-129.24,-90],[-129.21,-90],[-129.18,-90],[-129.15,-90],[-129.12,-90],[-129.09,-90],[-129.06,-90],[-129.03,-90],[-129,-90],[-128.97,-90],[-128.94,-90],[-128.91,-90],[-128.88,-90],[-128.85,-90],[-128.82,-90],[-128.79,-90],[-128.76,-90],[-128.73,-90],[-128.7,-90],[-128.67,-90],[-128.64,-90],[-128.61,-90],[-128.58,-90],[-128.55,-90],[-128.52,-90],[-128.49,-90],[-128.46,-90],[-128.43,-90],[-128.4,-90],[-128.37,-90],[-128.34,-90],[-128.31,-90],[-128.28,-90],[-128.25,-90],[-128.22,-90],[-128.19,-90],[-128.16,-90],[-128.13,-90],[-128.1,-90],[-128.07,-90],[-128.04,-90],[-128.01,-90],[-127.98,-90],[-127.95,-90],[-127.92,-90],[-127.89,-90],[-127.86,-90],[-127.83,-90],[-127.8,-90],[-127.77,-90],[-127.74,-90],[-127.71,-90],[-127.68,-90],[-127.65,-90],[-127.62,-90],[-127.59,-90],[-127.56,-90],[-127.53,-90],[-127.5,-90],[-127.47,-90],[-127.44,-90],[-127.41,-90],[-127.38,-90],[-127.35,-90],[-127.32,-90],[-127.29,-90],[-127.26,-90],[-127.23,-90],[-127.2,-90],[-127.17,-90],[-127.14,-90],[-127.11,-90],[-127.08,-90],[-127.05,-90],[-127.02,-90],[-126.99,-90],[-126.96,-90],[-126.93,-90],[-126.9,-90],[-126.87,-90],[-126.84,-90],[-126.81,-90],[-126.78,-90],[-126.75,-90],[-126.72,-90],[-126.69,-90],[-126.66,-90],[-126.63,-90],[-126.6,-90],[-126.57,-90],[-126.54,-90],[-126.51,-90],[-126.48,-90],[-126.45,-90],[-126.42,-90],[-126.39,-90],[-126.36,-90],[-126.33,-90],[-126.3,-90],[-126.27,-90],[-126.24,-90],[-126.21,-90],[-126.18,-90],[-126.15,-90],[-126.12,-90],[-126.09,-90],[-126.06,-90],[-126.03,-90],[-126,-90],[-125.97,-90],[-125.94,-90],[-125.91,-90],[-125.88,-90],[-125.85,-90],[-125.82,-90],[-125.79,-90],[-125.76,-90],[-125.73,-90],[-125.7,-90],[-125.67,-90],[-125.64,-90],[-125.61,-90],[-125.58,-90],[-125.55,-90],[-125.52,-90],[-125.49,-90],[-125.46,-90],[-125.43,-90],[-125.4,-90],[-125.37,-90],[-125.34,-90],[-125.31,-90],[-125.28,-90],[-125.25,-90],[-125.22,-90],[-125.19,-90],[-125.16,-90],[-125.13,-90],[-125.1,-90],[-125.07,-90],[-125.04,-90],[-125.01,-90],[-124.98,-90],[-124.95,-90],[-124.92,-90],[-124.89,-90],[-124.86,-90],[-124.83,-90],[-124.8,-90],[-124.77,-90],[-124.74,-90],[-124.71,-90],[-124.68,-90],[-124.65,-90],[-124.62,-90],[-124.59,-90],[-124.56,-90],[-124.53,-90],[-124.5,-90],[-124.47,-90],[-124.44,-90],[-124.41,-90],[-124.38,-90],[-124.35,-90],[-124.32,-90],[-124.29,-90],[-124.26,-90],[-124.23,-90],[-124.2,-90],[-124.17,-90],[-124.14,-90],[-124.11,-90],[-124.08,-90],[-124.05,-90],[-124.02,-90],[-123.99,-90],[-123.96,-90],[-123.93,-90],[-123.9,-90],[-123.87,-90],[-123.84,-90],[-123.81,-90],[-123.78,-90],[-123.75,-90],[-123.72,-90],[-123.69,-90],[-123.66,-90],[-123.63,-90],[-123.6,-90],[-123.57,-90],[-123.54,-90],[-123.51,-90],[-123.48,-90],[-123.45,-90],[-123.42,-90],[-123.39,-90],[-123.36,-90],[-123.33,-90],[-123.3,-90],[-123.27,-90],[-123.24,-90],[-123.21,-90],[-123.18,-90],[-123.15,-90],[-123.12,-90],[-123.09,-90],[-123.06,-90],[-123.03,-90],[-123,-90],[-122.97,-90],[-122.94,-90],[-122.91,-90],[-122.88,-90],[-122.85,-90],[-122.82,-90],[-122.79,-90],[-122.76,-90],[-122.73,-90],[-122.7,-90],[-122.67,-90],[-122.64,-90],[-122.61,-90],[-122.58,-90],[-122.55,-90],[-122.52,-90],[-122.49,-90],[-122.46,-90],[-122.43,-90],[-122.4,-90],[-122.37,-90],[-122.34,-90],[-122.31,-90],[-122.28,-90],[-122.25,-90],[-122.22,-90],[-122.19,-90],[-122.16,-90],[-122.13,-90],[-122.1,-90],[-122.07,-90],[-122.04,-90],[-122.01,-90],[-121.98,-90],[-121.95,-90],[-121.92,-90],[-121.89,-90],[-121.86,-90],[-121.83,-90],[-121.8,-90],[-121.77,-90],[-121.74,-90],[-121.71,-90],[-121.68,-90],[-121.65,-90],[-121.62,-90],[-121.59,-90],[-121.56,-90],[-121.53,-90],[-121.5,-90],[-121.47,-90],[-121.44,-90],[-121.41,-90],[-121.38,-90],[-121.35,-90],[-121.32,-90],[-121.29,-90],[-121.26,-90],[-121.23,-90],[-121.2,-90],[-121.17,-90],[-121.14,-90],[-121.11,-90],[-121.08,-90],[-121.05,-90],[-121.02,-90],[-120.99,-90],[-120.96,-90],[-120.93,-90],[-120.9,-90],[-120.87,-90],[-120.84,-90],[-120.81,-90],[-120.78,-90],[-120.75,-90],[-120.72,-90],[-120.69,-90],[-120.66,-90],[-120.63,-90],[-120.6,-90],[-120.57,-90],[-120.54,-90],[-120.51,-90],[-120.48,-90],[-120.45,-90],[-120.42,-90],[-120.39,-90],[-120.36,-90],[-120.33,-90],[-120.3,-90],[-120.27,-90],[-120.24,-90],[-120.21,-90],[-120.18,-90],[-120.15,-90],[-120.12,-90],[-120.09,-90],[-120.06,-90],[-120.03,-90],[-120,-90],[-119.97,-90],[-119.94,-90],[-119.91,-90],[-119.88,-90],[-119.85,-90],[-119.82,-90],[-119.79,-90],[-119.76,-90],[-119.73,-90],[-119.7,-90],[-119.67,-90],[-119.64,-90],[-119.61,-90],[-119.58,-90],[-119.55,-90],[-119.52,-90],[-119.49,-90],[-119.46,-90],[-119.43,-90],[-119.4,-90],[-119.37,-90],[-119.34,-90],[-119.31,-90],[-119.28,-90],[-119.25,-90],[-119.22,-90],[-119.19,-90],[-119.16,-90],[-119.13,-90],[-119.1,-90],[-119.07,-90],[-119.04,-90],[-119.01,-90],[-118.98,-90],[-118.95,-90],[-118.92,-90],[-118.89,-90],[-118.86,-90],[-118.83,-90],[-118.8,-90],[-118.77,-90],[-118.74,-90],[-118.71,-90],[-118.68,-90],[-118.65,-90],[-118.62,-90],[-118.59,-90],[-118.56,-90],[-118.53,-90],[-118.5,-90],[-118.47,-90],[-118.44,-90],[-118.41,-90],[-118.38,-90],[-118.35,-90],[-118.32,-90],[-118.29,-90],[-118.26,-90],[-118.23,-90],[-118.2,-90],[-118.17,-90],[-118.14,-90],[-118.11,-90],[-118.08,-90],[-118.05,-90],[-118.02,-90],[-117.99,-90],[-117.96,-90],[-117.93,-90],[-117.9,-90],[-117.87,-90],[-117.84,-90],[-117.81,-90],[-117.78,-90],[-117.75,-90],[-117.72,-90],[-117.69,-90],[-117.66,-90],[-117.63,-90],[-117.6,-90],[-117.57,-90],[-117.54,-90],[-117.51,-90],[-117.48,-90],[-117.45,-90],[-117.42,-90],[-117.39,-90],[-117.36,-90],[-117.33,-90],[-117.3,-90],[-117.27,-90],[-117.24,-90],[-117.21,-90],[-117.18,-90],[-117.15,-90],[-117.12,-90],[-117.09,-90],[-117.06,-90],[-117.03,-90],[-117,-90],[-116.97,-90],[-116.94,-90],[-116.91,-90],[-116.88,-90],[-116.85,-90],[-116.82,-90],[-116.79,-90],[-116.76,-90],[-116.73,-90],[-116.7,-90],[-116.67,-90],[-116.64,-90],[-116.61,-90],[-116.58,-90],[-116.55,-90],[-116.52,-90],[-116.49,-90],[-116.46,-90],[-116.43,-90],[-116.4,-90],[-116.37,-90],[-116.34,-90],[-116.31,-90],[-116.28,-90],[-116.25,-90],[-116.22,-90],[-116.19,-90],[-116.16,-90],[-116.13,-90],[-116.1,-90],[-116.07,-90],[-116.04,-90],[-116.01,-90],[-115.98,-90],[-115.95,-90],[-115.92,-90],[-115.89,-90],[-115.86,-90],[-115.83,-90],[-115.8,-90],[-115.77,-90],[-115.74,-90],[-115.71,-90],[-115.68,-90],[-115.65,-90],[-115.62,-90],[-115.59,-90],[-115.56,-90],[-115.53,-90],[-115.5,-90],[-115.47,-90],[-115.44,-90],[-115.41,-90],[-115.38,-90],[-115.35,-90],[-115.32,-90],[-115.29,-90],[-115.26,-90],[-115.23,-90],[-115.2,-90],[-115.17,-90],[-115.14,-90],[-115.11,-90],[-115.08,-90],[-115.05,-90],[-115.02,-90],[-114.99,-90],[-114.96,-90],[-114.93,-90],[-114.9,-90],[-114.87,-90],[-114.84,-90],[-114.81,-90],[-114.78,-90],[-114.75,-90],[-114.72,-90],[-114.69,-90],[-114.66,-90],[-114.63,-90],[-114.6,-90],[-114.57,-90],[-114.54,-90],[-114.51,-90],[-114.48,-90],[-114.45,-90],[-114.42,-90],[-114.39,-90],[-114.36,-90],[-114.33,-90],[-114.3,-90],[-114.27,-90],[-114.24,-90],[-114.21,-90],[-114.18,-90],[-114.15,-90],[-114.12,-90],[-114.09,-90],[-114.06,-90],[-114.03,-90],[-114,-90],[-113.97,-90],[-113.94,-90],[-113.91,-90],[-113.88,-90],[-113.85,-90],[-113.82,-90],[-113.79,-90],[-113.76,-90],[-113.73,-90],[-113.7,-90],[-113.67,-90],[-113.64,-90],[-113.61,-90],[-113.58,-90],[-113.55,-90],[-113.52,-90],[-113.49,-90],[-113.46,-90],[-113.43,-90],[-113.4,-90],[-113.37,-90],[-113.34,-90],[-113.31,-90],[-113.28,-90],[-113.25,-90],[-113.22,-90],[-113.19,-90],[-113.16,-90],[-113.13,-90],[-113.1,-90],[-113.07,-90],[-113.04,-90],[-113.01,-90],[-112.98,-90],[-112.95,-90],[-112.92,-90],[-112.89,-90],[-112.86,-90],[-112.83,-90],[-112.8,-90],[-112.77,-90],[-112.74,-90],[-112.71,-90],[-112.68,-90],[-112.65,-90],[-112.62,-90],[-112.59,-90],[-112.56,-90],[-112.53,-90],[-112.5,-90],[-112.47,-90],[-112.44,-90],[-112.41,-90],[-112.38,-90],[-112.35,-90],[-112.32,-90],[-112.29,-90],[-112.26,-90],[-112.23,-90],[-112.2,-90],[-112.17,-90],[-112.14,-90],[-112.11,-90],[-112.08,-90],[-112.05,-90],[-112.02,-90],[-111.99,-90],[-111.96,-90],[-111.93,-90],[-111.9,-90],[-111.87,-90],[-111.84,-90],[-111.81,-90],[-111.78,-90],[-111.75,-90],[-111.72,-90],[-111.69,-90],[-111.66,-90],[-111.63,-90],[-111.6,-90],[-111.57,-90],[-111.54,-90],[-111.51,-90],[-111.48,-90],[-111.45,-90],[-111.42,-90],[-111.39,-90],[-111.36,-90],[-111.33,-90],[-111.3,-90],[-111.27,-90],[-111.24,-90],[-111.21,-90],[-111.18,-90],[-111.15,-90],[-111.12,-90],[-111.09,-90],[-111.06,-90],[-111.03,-90],[-111,-90],[-110.97,-90],[-110.94,-90],[-110.91,-90],[-110.88,-90],[-110.85,-90],[-110.82,-90],[-110.79,-90],[-110.76,-90],[-110.73,-90],[-110.7,-90],[-110.67,-90],[-110.64,-90],[-110.61,-90],[-110.58,-90],[-110.55,-90],[-110.52,-90],[-110.49,-90],[-110.46,-90],[-110.43,-90],[-110.4,-90],[-110.37,-90],[-110.34,-90],[-110.31,-90],[-110.28,-90],[-110.25,-90],[-110.22,-90],[-110.19,-90],[-110.16,-90],[-110.13,-90],[-110.1,-90],[-110.07,-90],[-110.04,-90],[-110.01,-90],[-109.98,-90],[-109.95,-90],[-109.92,-90],[-109.89,-90],[-109.86,-90],[-109.83,-90],[-109.8,-90],[-109.77,-90],[-109.74,-90],[-109.71,-90],[-109.68,-90],[-109.65,-90],[-109.62,-90],[-109.59,-90],[-109.56,-90],[-109.53,-90],[-109.5,-90],[-109.47,-90],[-109.44,-90],[-109.41,-90],[-109.38,-90],[-109.35,-90],[-109.32,-90],[-109.29,-90],[-109.26,-90],[-109.23,-90],[-109.2,-90],[-109.17,-90],[-109.14,-90],[-109.11,-90],[-109.08,-90],[-109.05,-90],[-109.02,-90],[-108.99,-90],[-108.96,-90],[-108.93,-90],[-108.9,-90],[-108.87,-90],[-108.84,-90],[-108.81,-90],[-108.78,-90],[-108.75,-90],[-108.72,-90],[-108.69,-90],[-108.66,-90],[-108.63,-90],[-108.6,-90],[-108.57,-90],[-108.54,-90],[-108.51,-90],[-108.48,-90],[-108.45,-90],[-108.42,-90],[-108.39,-90],[-108.36,-90],[-108.33,-90],[-108.3,-90],[-108.27,-90],[-108.24,-90],[-108.21,-90],[-108.18,-90],[-108.15,-90],[-108.12,-90],[-108.09,-90],[-108.06,-90],[-108.03,-90],[-108,-90],[-107.97,-90],[-107.94,-90],[-107.91,-90],[-107.88,-90],[-107.85,-90],[-107.82,-90],[-107.79,-90],[-107.76,-90],[-107.73,-90],[-107.7,-90],[-107.67,-90],[-107.64,-90],[-107.61,-90],[-107.58,-90],[-107.55,-90],[-107.52,-90],[-107.49,-90],[-107.46,-90],[-107.43,-90],[-107.4,-90],[-107.37,-90],[-107.34,-90],[-107.31,-90],[-107.28,-90],[-107.25,-90],[-107.22,-90],[-107.19,-90],[-107.16,-90],[-107.13,-90],[-107.1,-90],[-107.07,-90],[-107.04,-90],[-107.01,-90],[-106.98,-90],[-106.95,-90],[-106.92,-90],[-106.89,-90],[-106.86,-90],[-106.83,-90],[-106.8,-90],[-106.77,-90],[-106.74,-90],[-106.71,-90],[-106.68,-90],[-106.65,-90],[-106.62,-90],[-106.59,-90],[-106.56,-90],[-106.53,-90],[-106.5,-90],[-106.47,-90],[-106.44,-90],[-106.41,-90],[-106.38,-90],[-106.35,-90],[-106.32,-90],[-106.29,-90],[-106.26,-90],[-106.23,-90],[-106.2,-90],[-106.17,-90],[-106.14,-90],[-106.11,-90],[-106.08,-90],[-106.05,-90],[-106.02,-90],[-105.99,-90],[-105.96,-90],[-105.93,-90],[-105.9,-90],[-105.87,-90],[-105.84,-90],[-105.81,-90],[-105.78,-90],[-105.75,-90],[-105.72,-90],[-105.69,-90],[-105.66,-90],[-105.63,-90],[-105.6,-90],[-105.57,-90],[-105.54,-90],[-105.51,-90],[-105.48,-90],[-105.45,-90],[-105.42,-90],[-105.39,-90],[-105.36,-90],[-105.33,-90],[-105.3,-90],[-105.27,-90],[-105.24,-90],[-105.21,-90],[-105.18,-90],[-105.15,-90],[-105.12,-90],[-105.09,-90],[-105.06,-90],[-105.03,-90],[-105,-90],[-104.97,-90],[-104.94,-90],[-104.91,-90],[-104.88,-90],[-104.85,-90],[-104.82,-90],[-104.79,-90],[-104.76,-90],[-104.73,-90],[-104.7,-90],[-104.67,-90],[-104.64,-90],[-104.61,-90],[-104.58,-90],[-104.55,-90],[-104.52,-90],[-104.49,-90],[-104.46,-90],[-104.43,-90],[-104.4,-90],[-104.37,-90],[-104.34,-90],[-104.31,-90],[-104.28,-90],[-104.25,-90],[-104.22,-90],[-104.19,-90],[-104.16,-90],[-104.13,-90],[-104.1,-90],[-104.07,-90],[-104.04,-90],[-104.01,-90],[-103.98,-90],[-103.95,-90],[-103.92,-90],[-103.89,-90],[-103.86,-90],[-103.83,-90],[-103.8,-90],[-103.77,-90],[-103.74,-90],[-103.71,-90],[-103.68,-90],[-103.65,-90],[-103.62,-90],[-103.59,-90],[-103.56,-90],[-103.53,-90],[-103.5,-90],[-103.47,-90],[-103.44,-90],[-103.41,-90],[-103.38,-90],[-103.35,-90],[-103.32,-90],[-103.29,-90],[-103.26,-90],[-103.23,-90],[-103.2,-90],[-103.17,-90],[-103.14,-90],[-103.11,-90],[-103.08,-90],[-103.05,-90],[-103.02,-90],[-102.99,-90],[-102.96,-90],[-102.93,-90],[-102.9,-90],[-102.87,-90],[-102.84,-90],[-102.81,-90],[-102.78,-90],[-102.75,-90],[-102.72,-90],[-102.69,-90],[-102.66,-90],[-102.63,-90],[-102.6,-90],[-102.57,-90],[-102.54,-90],[-102.51,-90],[-102.48,-90],[-102.45,-90],[-102.42,-90],[-102.39,-90],[-102.36,-90],[-102.33,-90],[-102.3,-90],[-102.27,-90],[-102.24,-90],[-102.21,-90],[-102.18,-90],[-102.15,-90],[-102.12,-90],[-102.09,-90],[-102.06,-90],[-102.03,-90],[-102,-90],[-101.97,-90],[-101.94,-90],[-101.91,-90],[-101.88,-90],[-101.85,-90],[-101.82,-90],[-101.79,-90],[-101.76,-90],[-101.73,-90],[-101.7,-90],[-101.67,-90],[-101.64,-90],[-101.61,-90],[-101.58,-90],[-101.55,-90],[-101.52,-90],[-101.49,-90],[-101.46,-90],[-101.43,-90],[-101.4,-90],[-101.37,-90],[-101.34,-90],[-101.31,-90],[-101.28,-90],[-101.25,-90],[-101.22,-90],[-101.19,-90],[-101.16,-90],[-101.13,-90],[-101.1,-90],[-101.07,-90],[-101.04,-90],[-101.01,-90],[-100.98,-90],[-100.95,-90],[-100.92,-90],[-100.89,-90],[-100.86,-90],[-100.83,-90],[-100.8,-90],[-100.77,-90],[-100.74,-90],[-100.71,-90],[-100.68,-90],[-100.65,-90],[-100.62,-90],[-100.59,-90],[-100.56,-90],[-100.53,-90],[-100.5,-90],[-100.47,-90],[-100.44,-90],[-100.41,-90],[-100.38,-90],[-100.35,-90],[-100.32,-90],[-100.29,-90],[-100.26,-90],[-100.23,-90],[-100.2,-90],[-100.17,-90],[-100.14,-90],[-100.11,-90],[-100.08,-90],[-100.05,-90],[-100.02,-90],[-99.99,-90],[-99.96,-90],[-99.93,-90],[-99.9,-90],[-99.87,-90],[-99.84,-90],[-99.81,-90],[-99.78,-90],[-99.75,-90],[-99.72,-90],[-99.69,-90],[-99.66,-90],[-99.63,-90],[-99.6,-90],[-99.57,-90],[-99.54,-90],[-99.51,-90],[-99.48,-90],[-99.45,-90],[-99.42,-90],[-99.39,-90],[-99.36,-90],[-99.33,-90],[-99.3,-90],[-99.27,-90],[-99.24,-90],[-99.21,-90],[-99.18,-90],[-99.15,-90],[-99.12,-90],[-99.09,-90],[-99.06,-90],[-99.03,-90],[-99,-90],[-98.97,-90],[-98.94,-90],[-98.91,-90],[-98.88,-90],[-98.85,-90],[-98.82,-90],[-98.79,-90],[-98.76,-90],[-98.73,-90],[-98.7,-90],[-98.67,-90],[-98.64,-90],[-98.61,-90],[-98.58,-90],[-98.55,-90],[-98.52,-90],[-98.49,-90],[-98.46,-90],[-98.43,-90],[-98.4,-90],[-98.37,-90],[-98.34,-90],[-98.31,-90],[-98.28,-90],[-98.25,-90],[-98.22,-90],[-98.19,-90],[-98.16,-90],[-98.13,-90],[-98.1,-90],[-98.07,-90],[-98.04,-90],[-98.01,-90],[-97.98,-90],[-97.95,-90],[-97.92,-90],[-97.89,-90],[-97.86,-90],[-97.83,-90],[-97.8,-90],[-97.77,-90],[-97.74,-90],[-97.71,-90],[-97.68,-90],[-97.65,-90],[-97.62,-90],[-97.59,-90],[-97.56,-90],[-97.53,-90],[-97.5,-90],[-97.47,-90],[-97.44,-90],[-97.41,-90],[-97.38,-90],[-97.35,-90],[-97.32,-90],[-97.29,-90],[-97.26,-90],[-97.23,-90],[-97.2,-90],[-97.17,-90],[-97.14,-90],[-97.11,-90],[-97.08,-90],[-97.05,-90],[-97.02,-90],[-96.99,-90],[-96.96,-90],[-96.93,-90],[-96.9,-90],[-96.87,-90],[-96.84,-90],[-96.81,-90],[-96.78,-90],[-96.75,-90],[-96.72,-90],[-96.69,-90],[-96.66,-90],[-96.63,-90],[-96.6,-90],[-96.57,-90],[-96.54,-90],[-96.51,-90],[-96.48,-90],[-96.45,-90],[-96.42,-90],[-96.39,-90],[-96.36,-90],[-96.33,-90],[-96.3,-90],[-96.27,-90],[-96.24,-90],[-96.21,-90],[-96.18,-90],[-96.15,-90],[-96.12,-90],[-96.09,-90],[-96.06,-90],[-96.03,-90],[-96,-90],[-95.97,-90],[-95.94,-90],[-95.91,-90],[-95.88,-90],[-95.85,-90],[-95.82,-90],[-95.79,-90],[-95.76,-90],[-95.73,-90],[-95.7,-90],[-95.67,-90],[-95.64,-90],[-95.61,-90],[-95.58,-90],[-95.55,-90],[-95.52,-90],[-95.49,-90],[-95.46,-90],[-95.43,-90],[-95.4,-90],[-95.37,-90],[-95.34,-90],[-95.31,-90],[-95.28,-90],[-95.25,-90],[-95.22,-90],[-95.19,-90],[-95.16,-90],[-95.13,-90],[-95.1,-90],[-95.07,-90],[-95.04,-90],[-95.01,-90],[-94.98,-90],[-94.95,-90],[-94.92,-90],[-94.89,-90],[-94.86,-90],[-94.83,-90],[-94.8,-90],[-94.77,-90],[-94.74,-90],[-94.71,-90],[-94.68,-90],[-94.65,-90],[-94.62,-90],[-94.59,-90],[-94.56,-90],[-94.53,-90],[-94.5,-90],[-94.47,-90],[-94.44,-90],[-94.41,-90],[-94.38,-90],[-94.35,-90],[-94.32,-90],[-94.29,-90],[-94.26,-90],[-94.23,-90],[-94.2,-90],[-94.17,-90],[-94.14,-90],[-94.11,-90],[-94.08,-90],[-94.05,-90],[-94.02,-90],[-93.99,-90],[-93.96,-90],[-93.93,-90],[-93.9,-90],[-93.87,-90],[-93.84,-90],[-93.81,-90],[-93.78,-90],[-93.75,-90],[-93.72,-90],[-93.69,-90],[-93.66,-90],[-93.63,-90],[-93.6,-90],[-93.57,-90],[-93.54,-90],[-93.51,-90],[-93.48,-90],[-93.45,-90],[-93.42,-90],[-93.39,-90],[-93.36,-90],[-93.33,-90],[-93.3,-90],[-93.27,-90],[-93.24,-90],[-93.21,-90],[-93.18,-90],[-93.15,-90],[-93.12,-90],[-93.09,-90],[-93.06,-90],[-93.03,-90],[-93,-90],[-92.97,-90],[-92.94,-90],[-92.91,-90],[-92.88,-90],[-92.85,-90],[-92.82,-90],[-92.79,-90],[-92.76,-90],[-92.73,-90],[-92.7,-90],[-92.67,-90],[-92.64,-90],[-92.61,-90],[-92.58,-90],[-92.55,-90],[-92.52,-90],[-92.49,-90],[-92.46,-90],[-92.43,-90],[-92.4,-90],[-92.37,-90],[-92.34,-90],[-92.31,-90],[-92.28,-90],[-92.25,-90],[-92.22,-90],[-92.19,-90],[-92.16,-90],[-92.13,-90],[-92.1,-90],[-92.07,-90],[-92.04,-90],[-92.01,-90],[-91.98,-90],[-91.95,-90],[-91.92,-90],[-91.89,-90],[-91.86,-90],[-91.83,-90],[-91.8,-90],[-91.77,-90],[-91.74,-90],[-91.71,-90],[-91.68,-90],[-91.65,-90],[-91.62,-90],[-91.59,-90],[-91.56,-90],[-91.53,-90],[-91.5,-90],[-91.47,-90],[-91.44,-90],[-91.41,-90],[-91.38,-90],[-91.35,-90],[-91.32,-90],[-91.29,-90],[-91.26,-90],[-91.23,-90],[-91.2,-90],[-91.17,-90],[-91.14,-90],[-91.11,-90],[-91.08,-90],[-91.05,-90],[-91.02,-90],[-90.99,-90],[-90.96,-90],[-90.93,-90],[-90.9,-90],[-90.87,-90],[-90.84,-90],[-90.81,-90],[-90.78,-90],[-90.75,-90],[-90.72,-90],[-90.69,-90],[-90.66,-90],[-90.63,-90],[-90.6,-90],[-90.57,-90],[-90.54,-90],[-90.51,-90],[-90.48,-90],[-90.45,-90],[-90.42,-90],[-90.39,-90],[-90.36,-90],[-90.33,-90],[-90.3,-90],[-90.27,-90],[-90.24,-90],[-90.21,-90],[-90.18,-90],[-90.15,-90],[-90.12,-90],[-90.09,-90],[-90.06,-90],[-90.03,-90],[-90,-90],[-89.97,-90],[-89.94,-90],[-89.91,-90],[-89.88,-90],[-89.85,-90],[-89.82,-90],[-89.79,-90],[-89.76,-90],[-89.73,-90],[-89.7,-90],[-89.67,-90],[-89.64,-90],[-89.61,-90],[-89.58,-90],[-89.55,-90],[-89.52,-90],[-89.49,-90],[-89.46,-90],[-89.43,-90],[-89.4,-90],[-89.37,-90],[-89.34,-90],[-89.31,-90],[-89.28,-90],[-89.25,-90],[-89.22,-90],[-89.19,-90],[-89.16,-90],[-89.13,-90],[-89.1,-90],[-89.07,-90],[-89.04,-90],[-89.01,-90],[-88.98,-90],[-88.95,-90],[-88.92,-90],[-88.89,-90],[-88.86,-90],[-88.83,-90],[-88.8,-90],[-88.77,-90],[-88.74,-90],[-88.71,-90],[-88.68,-90],[-88.65,-90],[-88.62,-90],[-88.59,-90],[-88.56,-90],[-88.53,-90],[-88.5,-90],[-88.47,-90],[-88.44,-90],[-88.41,-90],[-88.38,-90],[-88.35,-90],[-88.32,-90],[-88.29,-90],[-88.26,-90],[-88.23,-90],[-88.2,-90],[-88.17,-90],[-88.14,-90],[-88.11,-90],[-88.08,-90],[-88.05,-90],[-88.02,-90],[-87.99,-90],[-87.96,-90],[-87.93,-90],[-87.9,-90],[-87.87,-90],[-87.84,-90],[-87.81,-90],[-87.78,-90],[-87.75,-90],[-87.72,-90],[-87.69,-90],[-87.66,-90],[-87.63,-90],[-87.6,-90],[-87.57,-90],[-87.54,-90],[-87.51,-90],[-87.48,-90],[-87.45,-90],[-87.42,-90],[-87.39,-90],[-87.36,-90],[-87.33,-90],[-87.3,-90],[-87.27,-90],[-87.24,-90],[-87.21,-90],[-87.18,-90],[-87.15,-90],[-87.12,-90],[-87.09,-90],[-87.06,-90],[-87.03,-90],[-87,-90],[-86.97,-90],[-86.94,-90],[-86.91,-90],[-86.88,-90],[-86.85,-90],[-86.82,-90],[-86.79,-90],[-86.76,-90],[-86.73,-90],[-86.7,-90],[-86.67,-90],[-86.64,-90],[-86.61,-90],[-86.58,-90],[-86.55,-90],[-86.52,-90],[-86.49,-90],[-86.46,-90],[-86.43,-90],[-86.4,-90],[-86.37,-90],[-86.34,-90],[-86.31,-90],[-86.28,-90],[-86.25,-90],[-86.22,-90],[-86.19,-90],[-86.16,-90],[-86.13,-90],[-86.1,-90],[-86.07,-90],[-86.04,-90],[-86.01,-90],[-85.98,-90],[-85.95,-90],[-85.92,-90],[-85.89,-90],[-85.86,-90],[-85.83,-90],[-85.8,-90],[-85.77,-90],[-85.74,-90],[-85.71,-90],[-85.68,-90],[-85.65,-90],[-85.62,-90],[-85.59,-90],[-85.56,-90],[-85.53,-90],[-85.5,-90],[-85.47,-90],[-85.44,-90],[-85.41,-90],[-85.38,-90],[-85.35,-90],[-85.32,-90],[-85.29,-90],[-85.26,-90],[-85.23,-90],[-85.2,-90],[-85.17,-90],[-85.14,-90],[-85.11,-90],[-85.08,-90],[-85.05,-90],[-85.02,-90],[-84.99,-90],[-84.96,-90],[-84.93,-90],[-84.9,-90],[-84.87,-90],[-84.84,-90],[-84.81,-90],[-84.78,-90],[-84.75,-90],[-84.72,-90],[-84.69,-90],[-84.66,-90],[-84.63,-90],[-84.6,-90],[-84.57,-90],[-84.54,-90],[-84.51,-90],[-84.48,-90],[-84.45,-90],[-84.42,-90],[-84.39,-90],[-84.36,-90],[-84.33,-90],[-84.3,-90],[-84.27,-90],[-84.24,-90],[-84.21,-90],[-84.18,-90],[-84.15,-90],[-84.12,-90],[-84.09,-90],[-84.06,-90],[-84.03,-90],[-84,-90],[-83.97,-90],[-83.94,-90],[-83.91,-90],[-83.88,-90],[-83.85,-90],[-83.82,-90],[-83.79,-90],[-83.76,-90],[-83.73,-90],[-83.7,-90],[-83.67,-90],[-83.64,-90],[-83.61,-90],[-83.58,-90],[-83.55,-90],[-83.52,-90],[-83.49,-90],[-83.46,-90],[-83.43,-90],[-83.4,-90],[-83.37,-90],[-83.34,-90],[-83.31,-90],[-83.28,-90],[-83.25,-90],[-83.22,-90],[-83.19,-90],[-83.16,-90],[-83.13,-90],[-83.1,-90],[-83.07,-90],[-83.04,-90],[-83.01,-90],[-82.98,-90],[-82.95,-90],[-82.92,-90],[-82.89,-90],[-82.86,-90],[-82.83,-90],[-82.8,-90],[-82.77,-90],[-82.74,-90],[-82.71,-90],[-82.68,-90],[-82.65,-90],[-82.62,-90],[-82.59,-90],[-82.56,-90],[-82.53,-90],[-82.5,-90],[-82.47,-90],[-82.44,-90],[-82.41,-90],[-82.38,-90],[-82.35,-90],[-82.32,-90],[-82.29,-90],[-82.26,-90],[-82.23,-90],[-82.2,-90],[-82.17,-90],[-82.14,-90],[-82.11,-90],[-82.08,-90],[-82.05,-90],[-82.02,-90],[-81.99,-90],[-81.96,-90],[-81.93,-90],[-81.9,-90],[-81.87,-90],[-81.84,-90],[-81.81,-90],[-81.78,-90],[-81.75,-90],[-81.72,-90],[-81.69,-90],[-81.66,-90],[-81.63,-90],[-81.6,-90],[-81.57,-90],[-81.54,-90],[-81.51,-90],[-81.48,-90],[-81.45,-90],[-81.42,-90],[-81.39,-90],[-81.36,-90],[-81.33,-90],[-81.3,-90],[-81.27,-90],[-81.24,-90],[-81.21,-90],[-81.18,-90],[-81.15,-90],[-81.12,-90],[-81.09,-90],[-81.06,-90],[-81.03,-90],[-81,-90],[-80.97,-90],[-80.94,-90],[-80.91,-90],[-80.88,-90],[-80.85,-90],[-80.82,-90],[-80.79,-90],[-80.76,-90],[-80.73,-90],[-80.7,-90],[-80.67,-90],[-80.64,-90],[-80.61,-90],[-80.58,-90],[-80.55,-90],[-80.52,-90],[-80.49,-90],[-80.46,-90],[-80.43,-90],[-80.4,-90],[-80.37,-90],[-80.34,-90],[-80.31,-90],[-80.28,-90],[-80.25,-90],[-80.22,-90],[-80.19,-90],[-80.16,-90],[-80.13,-90],[-80.1,-90],[-80.07,-90],[-80.04,-90],[-80.01,-90],[-79.98,-90],[-79.95,-90],[-79.92,-90],[-79.89,-90],[-79.86,-90],[-79.83,-90],[-79.8,-90],[-79.77,-90],[-79.74,-90],[-79.71,-90],[-79.68,-90],[-79.65,-90],[-79.62,-90],[-79.59,-90],[-79.56,-90],[-79.53,-90],[-79.5,-90],[-79.47,-90],[-79.44,-90],[-79.41,-90],[-79.38,-90],[-79.35,-90],[-79.32,-90],[-79.29,-90],[-79.26,-90],[-79.23,-90],[-79.2,-90],[-79.17,-90],[-79.14,-90],[-79.11,-90],[-79.08,-90],[-79.05,-90],[-79.02,-90],[-78.99,-90],[-78.96,-90],[-78.93,-90],[-78.9,-90],[-78.87,-90],[-78.84,-90],[-78.81,-90],[-78.78,-90],[-78.75,-90],[-78.72,-90],[-78.69,-90],[-78.66,-90],[-78.63,-90],[-78.6,-90],[-78.57,-90],[-78.54,-90],[-78.51,-90],[-78.48,-90],[-78.45,-90],[-78.42,-90],[-78.39,-90],[-78.36,-90],[-78.33,-90],[-78.3,-90],[-78.27,-90],[-78.24,-90],[-78.21,-90],[-78.18,-90],[-78.15,-90],[-78.12,-90],[-78.09,-90],[-78.06,-90],[-78.03,-90],[-78,-90],[-77.97,-90],[-77.94,-90],[-77.91,-90],[-77.88,-90],[-77.85,-90],[-77.82,-90],[-77.79,-90],[-77.76,-90],[-77.73,-90],[-77.7,-90],[-77.67,-90],[-77.64,-90],[-77.61,-90],[-77.58,-90],[-77.55,-90],[-77.52,-90],[-77.49,-90],[-77.46,-90],[-77.43,-90],[-77.4,-90],[-77.37,-90],[-77.34,-90],[-77.31,-90],[-77.28,-90],[-77.25,-90],[-77.22,-90],[-77.19,-90],[-77.16,-90],[-77.13,-90],[-77.1,-90],[-77.07,-90],[-77.04,-90],[-77.01,-90],[-76.98,-90],[-76.95,-90],[-76.92,-90],[-76.89,-90],[-76.86,-90],[-76.83,-90],[-76.8,-90],[-76.77,-90],[-76.74,-90],[-76.71,-90],[-76.68,-90],[-76.65,-90],[-76.62,-90],[-76.59,-90],[-76.56,-90],[-76.53,-90],[-76.5,-90],[-76.47,-90],[-76.44,-90],[-76.41,-90],[-76.38,-90],[-76.35,-90],[-76.32,-90],[-76.29,-90],[-76.26,-90],[-76.23,-90],[-76.2,-90],[-76.17,-90],[-76.14,-90],[-76.11,-90],[-76.08,-90],[-76.05,-90],[-76.02,-90],[-75.99,-90],[-75.96,-90],[-75.93,-90],[-75.9,-90],[-75.87,-90],[-75.84,-90],[-75.81,-90],[-75.78,-90],[-75.75,-90],[-75.72,-90],[-75.69,-90],[-75.66,-90],[-75.63,-90],[-75.6,-90],[-75.57,-90],[-75.54,-90],[-75.51,-90],[-75.48,-90],[-75.45,-90],[-75.42,-90],[-75.39,-90],[-75.36,-90],[-75.33,-90],[-75.3,-90],[-75.27,-90],[-75.24,-90],[-75.21,-90],[-75.18,-90],[-75.15,-90],[-75.12,-90],[-75.09,-90],[-75.06,-90],[-75.03,-90],[-75,-90],[-74.97,-90],[-74.94,-90],[-74.91,-90],[-74.88,-90],[-74.85,-90],[-74.82,-90],[-74.79,-90],[-74.76,-90],[-74.73,-90],[-74.7,-90],[-74.67,-90],[-74.64,-90],[-74.61,-90],[-74.58,-90],[-74.55,-90],[-74.52,-90],[-74.49,-90],[-74.46,-90],[-74.43,-90],[-74.4,-90],[-74.37,-90],[-74.34,-90],[-74.31,-90],[-74.28,-90],[-74.25,-90],[-74.22,-90],[-74.19,-90],[-74.16,-90],[-74.13,-90],[-74.1,-90],[-74.07,-90],[-74.04,-90],[-74.01,-90],[-73.98,-90],[-73.95,-90],[-73.92,-90],[-73.89,-90],[-73.86,-90],[-73.83,-90],[-73.8,-90],[-73.77,-90],[-73.74,-90],[-73.71,-90],[-73.68,-90],[-73.65,-90],[-73.62,-90],[-73.59,-90],[-73.56,-90],[-73.53,-90],[-73.5,-90],[-73.47,-90],[-73.44,-90],[-73.41,-90],[-73.38,-90],[-73.35,-90],[-73.32,-90],[-73.29,-90],[-73.26,-90],[-73.23,-90],[-73.2,-90],[-73.17,-90],[-73.14,-90],[-73.11,-90],[-73.08,-90],[-73.05,-90],[-73.02,-90],[-72.99,-90],[-72.96,-90],[-72.93,-90],[-72.9,-90],[-72.87,-90],[-72.84,-90],[-72.81,-90],[-72.78,-90],[-72.75,-90],[-72.72,-90],[-72.69,-90],[-72.66,-90],[-72.63,-90],[-72.6,-90],[-72.57,-90],[-72.54,-90],[-72.51,-90],[-72.48,-90],[-72.45,-90],[-72.42,-90],[-72.39,-90],[-72.36,-90],[-72.33,-90],[-72.3,-90],[-72.27,-90],[-72.24,-90],[-72.21,-90],[-72.18,-90],[-72.15,-90],[-72.12,-90],[-72.09,-90],[-72.06,-90],[-72.03,-90],[-72,-90],[-71.97,-90],[-71.94,-90],[-71.91,-90],[-71.88,-90],[-71.85,-90],[-71.82,-90],[-71.79,-90],[-71.76,-90],[-71.73,-90],[-71.7,-90],[-71.67,-90],[-71.64,-90],[-71.61,-90],[-71.58,-90],[-71.55,-90],[-71.52,-90],[-71.49,-90],[-71.46,-90],[-71.43,-90],[-71.4,-90],[-71.37,-90],[-71.34,-90],[-71.31,-90],[-71.28,-90],[-71.25,-90],[-71.22,-90],[-71.19,-90],[-71.16,-90],[-71.13,-90],[-71.1,-90],[-71.07,-90],[-71.04,-90],[-71.01,-90],[-70.98,-90],[-70.95,-90],[-70.92,-90],[-70.89,-90],[-70.86,-90],[-70.83,-90],[-70.8,-90],[-70.77,-90],[-70.74,-90],[-70.71,-90],[-70.68,-90],[-70.65,-90],[-70.62,-90],[-70.59,-90],[-70.56,-90],[-70.53,-90],[-70.5,-90],[-70.47,-90],[-70.44,-90],[-70.41,-90],[-70.38,-90],[-70.35,-90],[-70.32,-90],[-70.29,-90],[-70.26,-90],[-70.23,-90],[-70.2,-90],[-70.17,-90],[-70.14,-90],[-70.11,-90],[-70.08,-90],[-70.05,-90],[-70.02,-90],[-69.99,-90],[-69.96,-90],[-69.93,-90],[-69.9,-90],[-69.87,-90],[-69.84,-90],[-69.81,-90],[-69.78,-90],[-69.75,-90],[-69.72,-90],[-69.69,-90],[-69.66,-90],[-69.63,-90],[-69.6,-90],[-69.57,-90],[-69.54,-90],[-69.51,-90],[-69.48,-90],[-69.45,-90],[-69.42,-90],[-69.39,-90],[-69.36,-90],[-69.33,-90],[-69.3,-90],[-69.27,-90],[-69.24,-90],[-69.21,-90],[-69.18,-90],[-69.15,-90],[-69.12,-90],[-69.09,-90],[-69.06,-90],[-69.03,-90],[-69,-90],[-68.97,-90],[-68.94,-90],[-68.91,-90],[-68.88,-90],[-68.85,-90],[-68.82,-90],[-68.79,-90],[-68.76,-90],[-68.73,-90],[-68.7,-90],[-68.67,-90],[-68.64,-90],[-68.61,-90],[-68.58,-90],[-68.55,-90],[-68.52,-90],[-68.49,-90],[-68.46,-90],[-68.43,-90],[-68.4,-90],[-68.37,-90],[-68.34,-90],[-68.31,-90],[-68.28,-90],[-68.25,-90],[-68.22,-90],[-68.19,-90],[-68.16,-90],[-68.13,-90],[-68.1,-90],[-68.07,-90],[-68.04,-90],[-68.01,-90],[-67.98,-90],[-67.95,-90],[-67.92,-90],[-67.89,-90],[-67.86,-90],[-67.83,-90],[-67.8,-90],[-67.77,-90],[-67.74,-90],[-67.71,-90],[-67.68,-90],[-67.65,-90],[-67.62,-90],[-67.59,-90],[-67.56,-90],[-67.53,-90],[-67.5,-90],[-67.47,-90],[-67.44,-90],[-67.41,-90],[-67.38,-90],[-67.35,-90],[-67.32,-90],[-67.29,-90],[-67.26,-90],[-67.23,-90],[-67.2,-90],[-67.17,-90],[-67.14,-90],[-67.11,-90],[-67.08,-90],[-67.05,-90],[-67.02,-90],[-66.99,-90],[-66.96,-90],[-66.93,-90],[-66.9,-90],[-66.87,-90],[-66.84,-90],[-66.81,-90],[-66.78,-90],[-66.75,-90],[-66.72,-90],[-66.69,-90],[-66.66,-90],[-66.63,-90],[-66.6,-90],[-66.57,-90],[-66.54,-90],[-66.51,-90],[-66.48,-90],[-66.45,-90],[-66.42,-90],[-66.39,-90],[-66.36,-90],[-66.33,-90],[-66.3,-90],[-66.27,-90],[-66.24,-90],[-66.21,-90],[-66.18,-90],[-66.15,-90],[-66.12,-90],[-66.09,-90],[-66.06,-90],[-66.03,-90],[-66,-90],[-65.97,-90],[-65.94,-90],[-65.91,-90],[-65.88,-90],[-65.85,-90],[-65.82,-90],[-65.79,-90],[-65.76,-90],[-65.73,-90],[-65.7,-90],[-65.67,-90],[-65.64,-90],[-65.61,-90],[-65.58,-90],[-65.55,-90],[-65.52,-90],[-65.49,-90],[-65.46,-90],[-65.43,-90],[-65.4,-90],[-65.37,-90],[-65.34,-90],[-65.31,-90],[-65.28,-90],[-65.25,-90],[-65.22,-90],[-65.19,-90],[-65.16,-90],[-65.13,-90],[-65.1,-90],[-65.07,-90],[-65.04,-90],[-65.01,-90],[-64.98,-90],[-64.95,-90],[-64.92,-90],[-64.89,-90],[-64.86,-90],[-64.83,-90],[-64.8,-90],[-64.77,-90],[-64.74,-90],[-64.71,-90],[-64.68,-90],[-64.65,-90],[-64.62,-90],[-64.59,-90],[-64.56,-90],[-64.53,-90],[-64.5,-90],[-64.47,-90],[-64.44,-90],[-64.41,-90],[-64.38,-90],[-64.35,-90],[-64.32,-90],[-64.29,-90],[-64.26,-90],[-64.23,-90],[-64.2,-90],[-64.17,-90],[-64.14,-90],[-64.11,-90],[-64.08,-90],[-64.05,-90],[-64.02,-90],[-63.99,-90],[-63.96,-90],[-63.93,-90],[-63.9,-90],[-63.87,-90],[-63.84,-90],[-63.81,-90],[-63.78,-90],[-63.75,-90],[-63.72,-90],[-63.69,-90],[-63.66,-90],[-63.63,-90],[-63.6,-90],[-63.57,-90],[-63.54,-90],[-63.51,-90],[-63.48,-90],[-63.45,-90],[-63.42,-90],[-63.39,-90],[-63.36,-90],[-63.33,-90],[-63.3,-90],[-63.27,-90],[-63.24,-90],[-63.21,-90],[-63.18,-90],[-63.15,-90],[-63.12,-90],[-63.09,-90],[-63.06,-90],[-63.03,-90],[-63,-90],[-62.97,-90],[-62.94,-90],[-62.91,-90],[-62.88,-90],[-62.85,-90],[-62.82,-90],[-62.79,-90],[-62.76,-90],[-62.73,-90],[-62.7,-90],[-62.67,-90],[-62.64,-90],[-62.61,-90],[-62.58,-90],[-62.55,-90],[-62.52,-90],[-62.49,-90],[-62.46,-90],[-62.43,-90],[-62.4,-90],[-62.37,-90],[-62.34,-90],[-62.31,-90],[-62.28,-90],[-62.25,-90],[-62.22,-90],[-62.19,-90],[-62.16,-90],[-62.13,-90],[-62.1,-90],[-62.07,-90],[-62.04,-90],[-62.01,-90],[-61.98,-90],[-61.95,-90],[-61.92,-90],[-61.89,-90],[-61.86,-90],[-61.83,-90],[-61.8,-90],[-61.77,-90],[-61.74,-90],[-61.71,-90],[-61.68,-90],[-61.65,-90],[-61.62,-90],[-61.59,-90],[-61.56,-90],[-61.53,-90],[-61.5,-90],[-61.47,-90],[-61.44,-90],[-61.41,-90],[-61.38,-90],[-61.35,-90],[-61.32,-90],[-61.29,-90],[-61.26,-90],[-61.23,-90],[-61.2,-90],[-61.17,-90],[-61.14,-90],[-61.11,-90],[-61.08,-90],[-61.05,-90],[-61.02,-90],[-60.99,-90],[-60.96,-90],[-60.93,-90],[-60.9,-90],[-60.87,-90],[-60.84,-90],[-60.81,-90],[-60.78,-90],[-60.75,-90],[-60.72,-90],[-60.69,-90],[-60.66,-90],[-60.63,-90],[-60.6,-90],[-60.57,-90],[-60.54,-90],[-60.51,-90],[-60.48,-90],[-60.45,-90],[-60.42,-90],[-60.39,-90],[-60.36,-90],[-60.33,-90],[-60.3,-90],[-60.27,-90],[-60.24,-90],[-60.21,-90],[-60.18,-90],[-60.15,-90],[-60.12,-90],[-60.09,-90],[-60.06,-90],[-60.03,-90],[-60,-90],[-59.97,-90],[-59.94,-90],[-59.91,-90],[-59.88,-90],[-59.85,-90],[-59.82,-90],[-59.79,-90],[-59.76,-90],[-59.73,-90],[-59.7,-90],[-59.67,-90],[-59.64,-90],[-59.61,-90],[-59.58,-90],[-59.55,-90],[-59.52,-90],[-59.49,-90],[-59.46,-90],[-59.43,-90],[-59.4,-90],[-59.37,-90],[-59.34,-90],[-59.31,-90],[-59.28,-90],[-59.25,-90],[-59.22,-90],[-59.19,-90],[-59.16,-90],[-59.13,-90],[-59.1,-90],[-59.07,-90],[-59.04,-90],[-59.01,-90],[-58.98,-90],[-58.95,-90],[-58.92,-90],[-58.89,-90],[-58.86,-90],[-58.83,-90],[-58.8,-90],[-58.77,-90],[-58.74,-90],[-58.71,-90],[-58.68,-90],[-58.65,-90],[-58.62,-90],[-58.59,-90],[-58.56,-90],[-58.53,-90],[-58.5,-90],[-58.47,-90],[-58.44,-90],[-58.41,-90],[-58.38,-90],[-58.35,-90],[-58.32,-90],[-58.29,-90],[-58.26,-90],[-58.23,-90],[-58.2,-90],[-58.17,-90],[-58.14,-90],[-58.11,-90],[-58.08,-90],[-58.05,-90],[-58.02,-90],[-57.99,-90],[-57.96,-90],[-57.93,-90],[-57.9,-90],[-57.87,-90],[-57.84,-90],[-57.81,-90],[-57.78,-90],[-57.75,-90],[-57.72,-90],[-57.69,-90],[-57.66,-90],[-57.63,-90],[-57.6,-90],[-57.57,-90],[-57.54,-90],[-57.51,-90],[-57.48,-90],[-57.45,-90],[-57.42,-90],[-57.39,-90],[-57.36,-90],[-57.33,-90],[-57.3,-90],[-57.27,-90],[-57.24,-90],[-57.21,-90],[-57.18,-90],[-57.15,-90],[-57.12,-90],[-57.09,-90],[-57.06,-90],[-57.03,-90],[-57,-90],[-56.97,-90],[-56.94,-90],[-56.91,-90],[-56.88,-90],[-56.85,-90],[-56.82,-90],[-56.79,-90],[-56.76,-90],[-56.73,-90],[-56.7,-90],[-56.67,-90],[-56.64,-90],[-56.61,-90],[-56.58,-90],[-56.55,-90],[-56.52,-90],[-56.49,-90],[-56.46,-90],[-56.43,-90],[-56.4,-90],[-56.37,-90],[-56.34,-90],[-56.31,-90],[-56.28,-90],[-56.25,-90],[-56.22,-90],[-56.19,-90],[-56.16,-90],[-56.13,-90],[-56.1,-90],[-56.07,-90],[-56.04,-90],[-56.01,-90],[-55.98,-90],[-55.95,-90],[-55.92,-90],[-55.89,-90],[-55.86,-90],[-55.83,-90],[-55.8,-90],[-55.77,-90],[-55.74,-90],[-55.71,-90],[-55.68,-90],[-55.65,-90],[-55.62,-90],[-55.59,-90],[-55.56,-90],[-55.53,-90],[-55.5,-90],[-55.47,-90],[-55.44,-90],[-55.41,-90],[-55.38,-90],[-55.35,-90],[-55.32,-90],[-55.29,-90],[-55.26,-90],[-55.23,-90],[-55.2,-90],[-55.17,-90],[-55.14,-90],[-55.11,-90],[-55.08,-90],[-55.05,-90],[-55.02,-90],[-54.99,-90],[-54.96,-90],[-54.93,-90],[-54.9,-90],[-54.87,-90],[-54.84,-90],[-54.81,-90],[-54.78,-90],[-54.75,-90],[-54.72,-90],[-54.69,-90],[-54.66,-90],[-54.63,-90],[-54.6,-90],[-54.57,-90],[-54.54,-90],[-54.51,-90],[-54.48,-90],[-54.45,-90],[-54.42,-90],[-54.39,-90],[-54.36,-90],[-54.33,-90],[-54.3,-90],[-54.27,-90],[-54.24,-90],[-54.21,-90],[-54.18,-90],[-54.15,-90],[-54.12,-90],[-54.09,-90],[-54.06,-90],[-54.03,-90],[-54,-90],[-53.97,-90],[-53.94,-90],[-53.91,-90],[-53.88,-90],[-53.85,-90],[-53.82,-90],[-53.79,-90],[-53.76,-90],[-53.73,-90],[-53.7,-90],[-53.67,-90],[-53.64,-90],[-53.61,-90],[-53.58,-90],[-53.55,-90],[-53.52,-90],[-53.49,-90],[-53.46,-90],[-53.43,-90],[-53.4,-90],[-53.37,-90],[-53.34,-90],[-53.31,-90],[-53.28,-90],[-53.25,-90],[-53.22,-90],[-53.19,-90],[-53.16,-90],[-53.13,-90],[-53.1,-90],[-53.07,-90],[-53.04,-90],[-53.01,-90],[-52.98,-90],[-52.95,-90],[-52.92,-90],[-52.89,-90],[-52.86,-90],[-52.83,-90],[-52.8,-90],[-52.77,-90],[-52.74,-90],[-52.71,-90],[-52.68,-90],[-52.65,-90],[-52.62,-90],[-52.59,-90],[-52.56,-90],[-52.53,-90],[-52.5,-90],[-52.47,-90],[-52.44,-90],[-52.41,-90],[-52.38,-90],[-52.35,-90],[-52.32,-90],[-52.29,-90],[-52.26,-90],[-52.23,-90],[-52.2,-90],[-52.17,-90],[-52.14,-90],[-52.11,-90],[-52.08,-90],[-52.05,-90],[-52.02,-90],[-51.99,-90],[-51.96,-90],[-51.93,-90],[-51.9,-90],[-51.87,-90],[-51.84,-90],[-51.81,-90],[-51.78,-90],[-51.75,-90],[-51.72,-90],[-51.69,-90],[-51.66,-90],[-51.63,-90],[-51.6,-90],[-51.57,-90],[-51.54,-90],[-51.51,-90],[-51.48,-90],[-51.45,-90],[-51.42,-90],[-51.39,-90],[-51.36,-90],[-51.33,-90],[-51.3,-90],[-51.27,-90],[-51.24,-90],[-51.21,-90],[-51.18,-90],[-51.15,-90],[-51.12,-90],[-51.09,-90],[-51.06,-90],[-51.03,-90],[-51,-90],[-50.97,-90],[-50.94,-90],[-50.91,-90],[-50.88,-90],[-50.85,-90],[-50.82,-90],[-50.79,-90],[-50.76,-90],[-50.73,-90],[-50.7,-90],[-50.67,-90],[-50.64,-90],[-50.61,-90],[-50.58,-90],[-50.55,-90],[-50.52,-90],[-50.49,-90],[-50.46,-90],[-50.43,-90],[-50.4,-90],[-50.37,-90],[-50.34,-90],[-50.31,-90],[-50.28,-90],[-50.25,-90],[-50.22,-90],[-50.19,-90],[-50.16,-90],[-50.13,-90],[-50.1,-90],[-50.07,-90],[-50.04,-90],[-50.01,-90],[-49.98,-90],[-49.95,-90],[-49.92,-90],[-49.89,-90],[-49.86,-90],[-49.83,-90],[-49.8,-90],[-49.77,-90],[-49.74,-90],[-49.71,-90],[-49.68,-90],[-49.65,-90],[-49.62,-90],[-49.59,-90],[-49.56,-90],[-49.53,-90],[-49.5,-90],[-49.47,-90],[-49.44,-90],[-49.41,-90],[-49.38,-90],[-49.35,-90],[-49.32,-90],[-49.29,-90],[-49.26,-90],[-49.23,-90],[-49.2,-90],[-49.17,-90],[-49.14,-90],[-49.11,-90],[-49.08,-90],[-49.05,-90],[-49.02,-90],[-48.99,-90],[-48.96,-90],[-48.93,-90],[-48.9,-90],[-48.87,-90],[-48.84,-90],[-48.81,-90],[-48.78,-90],[-48.75,-90],[-48.72,-90],[-48.69,-90],[-48.66,-90],[-48.63,-90],[-48.6,-90],[-48.57,-90],[-48.54,-90],[-48.51,-90],[-48.48,-90],[-48.45,-90],[-48.42,-90],[-48.39,-90],[-48.36,-90],[-48.33,-90],[-48.3,-90],[-48.27,-90],[-48.24,-90],[-48.21,-90],[-48.18,-90],[-48.15,-90],[-48.12,-90],[-48.09,-90],[-48.06,-90],[-48.03,-90],[-48,-90],[-47.97,-90],[-47.94,-90],[-47.91,-90],[-47.88,-90],[-47.85,-90],[-47.82,-90],[-47.79,-90],[-47.76,-90],[-47.73,-90],[-47.7,-90],[-47.67,-90],[-47.64,-90],[-47.61,-90],[-47.58,-90],[-47.55,-90],[-47.52,-90],[-47.49,-90],[-47.46,-90],[-47.43,-90],[-47.4,-90],[-47.37,-90],[-47.34,-90],[-47.31,-90],[-47.28,-90],[-47.25,-90],[-47.22,-90],[-47.19,-90],[-47.16,-90],[-47.13,-90],[-47.1,-90],[-47.07,-90],[-47.04,-90],[-47.01,-90],[-46.98,-90],[-46.95,-90],[-46.92,-90],[-46.89,-90],[-46.86,-90],[-46.83,-90],[-46.8,-90],[-46.77,-90],[-46.74,-90],[-46.71,-90],[-46.68,-90],[-46.65,-90],[-46.62,-90],[-46.59,-90],[-46.56,-90],[-46.53,-90],[-46.5,-90],[-46.47,-90],[-46.44,-90],[-46.41,-90],[-46.38,-90],[-46.35,-90],[-46.32,-90],[-46.29,-90],[-46.26,-90],[-46.23,-90],[-46.2,-90],[-46.17,-90],[-46.14,-90],[-46.11,-90],[-46.08,-90],[-46.05,-90],[-46.02,-90],[-45.99,-90],[-45.96,-90],[-45.93,-90],[-45.9,-90],[-45.87,-90],[-45.84,-90],[-45.81,-90],[-45.78,-90],[-45.75,-90],[-45.72,-90],[-45.69,-90],[-45.66,-90],[-45.63,-90],[-45.6,-90],[-45.57,-90],[-45.54,-90],[-45.51,-90],[-45.48,-90],[-45.45,-90],[-45.42,-90],[-45.39,-90],[-45.36,-90],[-45.33,-90],[-45.3,-90],[-45.27,-90],[-45.24,-90],[-45.21,-90],[-45.18,-90],[-45.15,-90],[-45.12,-90],[-45.09,-90],[-45.06,-90],[-45.03,-90],[-45,-90],[-44.97,-90],[-44.94,-90],[-44.91,-90],[-44.88,-90],[-44.85,-90],[-44.82,-90],[-44.79,-90],[-44.76,-90],[-44.73,-90],[-44.7,-90],[-44.67,-90],[-44.64,-90],[-44.61,-90],[-44.58,-90],[-44.55,-90],[-44.52,-90],[-44.49,-90],[-44.46,-90],[-44.43,-90],[-44.4,-90],[-44.37,-90],[-44.34,-90],[-44.31,-90],[-44.28,-90],[-44.25,-90],[-44.22,-90],[-44.19,-90],[-44.16,-90],[-44.13,-90],[-44.1,-90],[-44.07,-90],[-44.04,-90],[-44.01,-90],[-43.98,-90],[-43.95,-90],[-43.92,-90],[-43.89,-90],[-43.86,-90],[-43.83,-90],[-43.8,-90],[-43.77,-90],[-43.74,-90],[-43.71,-90],[-43.68,-90],[-43.65,-90],[-43.62,-90],[-43.59,-90],[-43.56,-90],[-43.53,-90],[-43.5,-90],[-43.47,-90],[-43.44,-90],[-43.41,-90],[-43.38,-90],[-43.35,-90],[-43.32,-90],[-43.29,-90],[-43.26,-90],[-43.23,-90],[-43.2,-90],[-43.17,-90],[-43.14,-90],[-43.11,-90],[-43.08,-90],[-43.05,-90],[-43.02,-90],[-42.99,-90],[-42.96,-90],[-42.93,-90],[-42.9,-90],[-42.87,-90],[-42.84,-90],[-42.81,-90],[-42.78,-90],[-42.75,-90],[-42.72,-90],[-42.69,-90],[-42.66,-90],[-42.63,-90],[-42.6,-90],[-42.57,-90],[-42.54,-90],[-42.51,-90],[-42.48,-90],[-42.45,-90],[-42.42,-90],[-42.39,-90],[-42.36,-90],[-42.33,-90],[-42.3,-90],[-42.27,-90],[-42.24,-90],[-42.21,-90],[-42.18,-90],[-42.15,-90],[-42.12,-90],[-42.09,-90],[-42.06,-90],[-42.03,-90],[-42,-90],[-41.97,-90],[-41.94,-90],[-41.91,-90],[-41.88,-90],[-41.85,-90],[-41.82,-90],[-41.79,-90],[-41.76,-90],[-41.73,-90],[-41.7,-90],[-41.67,-90],[-41.64,-90],[-41.61,-90],[-41.58,-90],[-41.55,-90],[-41.52,-90],[-41.49,-90],[-41.46,-90],[-41.43,-90],[-41.4,-90],[-41.37,-90],[-41.34,-90],[-41.31,-90],[-41.28,-90],[-41.25,-90],[-41.22,-90],[-41.19,-90],[-41.16,-90],[-41.13,-90],[-41.1,-90],[-41.07,-90],[-41.04,-90],[-41.01,-90],[-40.98,-90],[-40.95,-90],[-40.92,-90],[-40.89,-90],[-40.86,-90],[-40.83,-90],[-40.8,-90],[-40.77,-90],[-40.74,-90],[-40.71,-90],[-40.68,-90],[-40.65,-90],[-40.62,-90],[-40.59,-90],[-40.56,-90],[-40.53,-90],[-40.5,-90],[-40.47,-90],[-40.44,-90],[-40.41,-90],[-40.38,-90],[-40.35,-90],[-40.32,-90],[-40.29,-90],[-40.26,-90],[-40.23,-90],[-40.2,-90],[-40.17,-90],[-40.14,-90],[-40.11,-90],[-40.08,-90],[-40.05,-90],[-40.02,-90],[-39.99,-90],[-39.96,-90],[-39.93,-90],[-39.9,-90],[-39.87,-90],[-39.84,-90],[-39.81,-90],[-39.78,-90],[-39.75,-90],[-39.72,-90],[-39.69,-90],[-39.66,-90],[-39.63,-90],[-39.6,-90],[-39.57,-90],[-39.54,-90],[-39.51,-90],[-39.48,-90],[-39.45,-90],[-39.42,-90],[-39.39,-90],[-39.36,-90],[-39.33,-90],[-39.3,-90],[-39.27,-90],[-39.24,-90],[-39.21,-90],[-39.18,-90],[-39.15,-90],[-39.12,-90],[-39.09,-90],[-39.06,-90],[-39.03,-90],[-39,-90],[-38.97,-90],[-38.94,-90],[-38.91,-90],[-38.88,-90],[-38.85,-90],[-38.82,-90],[-38.79,-90],[-38.76,-90],[-38.73,-90],[-38.7,-90],[-38.67,-90],[-38.64,-90],[-38.61,-90],[-38.58,-90],[-38.55,-90],[-38.52,-90],[-38.49,-90],[-38.46,-90],[-38.43,-90],[-38.4,-90],[-38.37,-90],[-38.34,-90],[-38.31,-90],[-38.28,-90],[-38.25,-90],[-38.22,-90],[-38.19,-90],[-38.16,-90],[-38.13,-90],[-38.1,-90],[-38.07,-90],[-38.04,-90],[-38.01,-90],[-37.98,-90],[-37.95,-90],[-37.92,-90],[-37.89,-90],[-37.86,-90],[-37.83,-90],[-37.8,-90],[-37.77,-90],[-37.74,-90],[-37.71,-90],[-37.68,-90],[-37.65,-90],[-37.62,-90],[-37.59,-90],[-37.56,-90],[-37.53,-90],[-37.5,-90],[-37.47,-90],[-37.44,-90],[-37.41,-90],[-37.38,-90],[-37.35,-90],[-37.32,-90],[-37.29,-90],[-37.26,-90],[-37.23,-90],[-37.2,-90],[-37.17,-90],[-37.14,-90],[-37.11,-90],[-37.08,-90],[-37.05,-90],[-37.02,-90],[-36.99,-90],[-36.96,-90],[-36.93,-90],[-36.9,-90],[-36.87,-90],[-36.84,-90],[-36.81,-90],[-36.78,-90],[-36.75,-90],[-36.72,-90],[-36.69,-90],[-36.66,-90],[-36.63,-90],[-36.6,-90],[-36.57,-90],[-36.54,-90],[-36.51,-90],[-36.48,-90],[-36.45,-90],[-36.42,-90],[-36.39,-90],[-36.36,-90],[-36.33,-90],[-36.3,-90],[-36.27,-90],[-36.24,-90],[-36.21,-90],[-36.18,-90],[-36.15,-90],[-36.12,-90],[-36.09,-90],[-36.06,-90],[-36.03,-90],[-36,-90],[-35.97,-90],[-35.94,-90],[-35.91,-90],[-35.88,-90],[-35.85,-90],[-35.82,-90],[-35.79,-90],[-35.76,-90],[-35.73,-90],[-35.7,-90],[-35.67,-90],[-35.64,-90],[-35.61,-90],[-35.58,-90],[-35.55,-90],[-35.52,-90],[-35.49,-90],[-35.46,-90],[-35.43,-90],[-35.4,-90],[-35.37,-90],[-35.34,-90],[-35.31,-90],[-35.28,-90],[-35.25,-90],[-35.22,-90],[-35.19,-90],[-35.16,-90],[-35.13,-90],[-35.1,-90],[-35.07,-90],[-35.04,-90],[-35.01,-90],[-34.98,-90],[-34.95,-90],[-34.92,-90],[-34.89,-90],[-34.86,-90],[-34.83,-90],[-34.8,-90],[-34.77,-90],[-34.74,-90],[-34.71,-90],[-34.68,-90],[-34.65,-90],[-34.62,-90],[-34.59,-90],[-34.56,-90],[-34.53,-90],[-34.5,-90],[-34.47,-90],[-34.44,-90],[-34.41,-90],[-34.38,-90],[-34.35,-90],[-34.32,-90],[-34.29,-90],[-34.26,-90],[-34.23,-90],[-34.2,-90],[-34.17,-90],[-34.14,-90],[-34.11,-90],[-34.08,-90],[-34.05,-90],[-34.02,-90],[-33.99,-90],[-33.96,-90],[-33.93,-90],[-33.9,-90],[-33.87,-90],[-33.84,-90],[-33.81,-90],[-33.78,-90],[-33.75,-90],[-33.72,-90],[-33.69,-90],[-33.66,-90],[-33.63,-90],[-33.6,-90],[-33.57,-90],[-33.54,-90],[-33.51,-90],[-33.48,-90],[-33.45,-90],[-33.42,-90],[-33.39,-90],[-33.36,-90],[-33.33,-90],[-33.3,-90],[-33.27,-90],[-33.24,-90],[-33.21,-90],[-33.18,-90],[-33.15,-90],[-33.12,-90],[-33.09,-90],[-33.06,-90],[-33.03,-90],[-33,-90],[-32.97,-90],[-32.94,-90],[-32.91,-90],[-32.88,-90],[-32.85,-90],[-32.82,-90],[-32.79,-90],[-32.76,-90],[-32.73,-90],[-32.7,-90],[-32.67,-90],[-32.64,-90],[-32.61,-90],[-32.58,-90],[-32.55,-90],[-32.52,-90],[-32.49,-90],[-32.46,-90],[-32.43,-90],[-32.4,-90],[-32.37,-90],[-32.34,-90],[-32.31,-90],[-32.28,-90],[-32.25,-90],[-32.22,-90],[-32.19,-90],[-32.16,-90],[-32.13,-90],[-32.1,-90],[-32.07,-90],[-32.04,-90],[-32.01,-90],[-31.98,-90],[-31.95,-90],[-31.92,-90],[-31.89,-90],[-31.86,-90],[-31.83,-90],[-31.8,-90],[-31.77,-90],[-31.74,-90],[-31.71,-90],[-31.68,-90],[-31.65,-90],[-31.62,-90],[-31.59,-90],[-31.56,-90],[-31.53,-90],[-31.5,-90],[-31.47,-90],[-31.44,-90],[-31.41,-90],[-31.38,-90],[-31.35,-90],[-31.32,-90],[-31.29,-90],[-31.26,-90],[-31.23,-90],[-31.2,-90],[-31.17,-90],[-31.14,-90],[-31.11,-90],[-31.08,-90],[-31.05,-90],[-31.02,-90],[-30.99,-90],[-30.96,-90],[-30.93,-90],[-30.9,-90],[-30.87,-90],[-30.84,-90],[-30.81,-90],[-30.78,-90],[-30.75,-90],[-30.72,-90],[-30.69,-90],[-30.66,-90],[-30.63,-90],[-30.6,-90],[-30.57,-90],[-30.54,-90],[-30.51,-90],[-30.48,-90],[-30.45,-90],[-30.42,-90],[-30.39,-90],[-30.36,-90],[-30.33,-90],[-30.3,-90],[-30.27,-90],[-30.24,-90],[-30.21,-90],[-30.18,-90],[-30.15,-90],[-30.12,-90],[-30.09,-90],[-30.06,-90],[-30.03,-90],[-30,-90],[-29.97,-90],[-29.94,-90],[-29.91,-90],[-29.88,-90],[-29.85,-90],[-29.82,-90],[-29.79,-90],[-29.76,-90],[-29.73,-90],[-29.7,-90],[-29.67,-90],[-29.64,-90],[-29.61,-90],[-29.58,-90],[-29.55,-90],[-29.52,-90],[-29.49,-90],[-29.46,-90],[-29.43,-90],[-29.4,-90],[-29.37,-90],[-29.34,-90],[-29.31,-90],[-29.28,-90],[-29.25,-90],[-29.22,-90],[-29.19,-90],[-29.16,-90],[-29.13,-90],[-29.1,-90],[-29.07,-90],[-29.04,-90],[-29.01,-90],[-28.98,-90],[-28.95,-90],[-28.92,-90],[-28.89,-90],[-28.86,-90],[-28.83,-90],[-28.8,-90],[-28.77,-90],[-28.74,-90],[-28.71,-90],[-28.68,-90],[-28.65,-90],[-28.62,-90],[-28.59,-90],[-28.56,-90],[-28.53,-90],[-28.5,-90],[-28.47,-90],[-28.44,-90],[-28.41,-90],[-28.38,-90],[-28.35,-90],[-28.32,-90],[-28.29,-90],[-28.26,-90],[-28.23,-90],[-28.2,-90],[-28.17,-90],[-28.14,-90],[-28.11,-90],[-28.08,-90],[-28.05,-90],[-28.02,-90],[-27.99,-90],[-27.96,-90],[-27.93,-90],[-27.9,-90],[-27.87,-90],[-27.84,-90],[-27.81,-90],[-27.78,-90],[-27.75,-90],[-27.72,-90],[-27.69,-90],[-27.66,-90],[-27.63,-90],[-27.6,-90],[-27.57,-90],[-27.54,-90],[-27.51,-90],[-27.48,-90],[-27.45,-90],[-27.42,-90],[-27.39,-90],[-27.36,-90],[-27.33,-90],[-27.3,-90],[-27.27,-90],[-27.24,-90],[-27.21,-90],[-27.18,-90],[-27.15,-90],[-27.12,-90],[-27.09,-90],[-27.06,-90],[-27.03,-90],[-27,-90],[-26.97,-90],[-26.94,-90],[-26.91,-90],[-26.88,-90],[-26.85,-90],[-26.82,-90],[-26.79,-90],[-26.76,-90],[-26.73,-90],[-26.7,-90],[-26.67,-90],[-26.64,-90],[-26.61,-90],[-26.58,-90],[-26.55,-90],[-26.52,-90],[-26.49,-90],[-26.46,-90],[-26.43,-90],[-26.4,-90],[-26.37,-90],[-26.34,-90],[-26.31,-90],[-26.28,-90],[-26.25,-90],[-26.22,-90],[-26.19,-90],[-26.16,-90],[-26.13,-90],[-26.1,-90],[-26.07,-90],[-26.04,-90],[-26.01,-90],[-25.98,-90],[-25.95,-90],[-25.92,-90],[-25.89,-90],[-25.86,-90],[-25.83,-90],[-25.8,-90],[-25.77,-90],[-25.74,-90],[-25.71,-90],[-25.68,-90],[-25.65,-90],[-25.62,-90],[-25.59,-90],[-25.56,-90],[-25.53,-90],[-25.5,-90],[-25.47,-90],[-25.44,-90],[-25.41,-90],[-25.38,-90],[-25.35,-90],[-25.32,-90],[-25.29,-90],[-25.26,-90],[-25.23,-90],[-25.2,-90],[-25.17,-90],[-25.14,-90],[-25.11,-90],[-25.08,-90],[-25.05,-90],[-25.02,-90],[-24.99,-90],[-24.96,-90],[-24.93,-90],[-24.9,-90],[-24.87,-90],[-24.84,-90],[-24.81,-90],[-24.78,-90],[-24.75,-90],[-24.72,-90],[-24.69,-90],[-24.66,-90],[-24.63,-90],[-24.6,-90],[-24.57,-90],[-24.54,-90],[-24.51,-90],[-24.48,-90],[-24.45,-90],[-24.42,-90],[-24.39,-90],[-24.36,-90],[-24.33,-90],[-24.3,-90],[-24.27,-90],[-24.24,-90],[-24.21,-90],[-24.18,-90],[-24.15,-90],[-24.12,-90],[-24.09,-90],[-24.06,-90],[-24.03,-90],[-24,-90],[-23.97,-90],[-23.94,-90],[-23.91,-90],[-23.88,-90],[-23.85,-90],[-23.82,-90],[-23.79,-90],[-23.76,-90],[-23.73,-90],[-23.7,-90],[-23.67,-90],[-23.64,-90],[-23.61,-90],[-23.58,-90],[-23.55,-90],[-23.52,-90],[-23.49,-90],[-23.46,-90],[-23.43,-90],[-23.4,-90],[-23.37,-90],[-23.34,-90],[-23.31,-90],[-23.28,-90],[-23.25,-90],[-23.22,-90],[-23.19,-90],[-23.16,-90],[-23.13,-90],[-23.1,-90],[-23.07,-90],[-23.04,-90],[-23.01,-90],[-22.98,-90],[-22.95,-90],[-22.92,-90],[-22.89,-90],[-22.86,-90],[-22.83,-90],[-22.8,-90],[-22.77,-90],[-22.74,-90],[-22.71,-90],[-22.68,-90],[-22.65,-90],[-22.62,-90],[-22.59,-90],[-22.56,-90],[-22.53,-90],[-22.5,-90],[-22.47,-90],[-22.44,-90],[-22.41,-90],[-22.38,-90],[-22.35,-90],[-22.32,-90],[-22.29,-90],[-22.26,-90],[-22.23,-90],[-22.2,-90],[-22.17,-90],[-22.14,-90],[-22.11,-90],[-22.08,-90],[-22.05,-90],[-22.02,-90],[-21.99,-90],[-21.96,-90],[-21.93,-90],[-21.9,-90],[-21.87,-90],[-21.84,-90],[-21.81,-90],[-21.78,-90],[-21.75,-90],[-21.72,-90],[-21.69,-90],[-21.66,-90],[-21.63,-90],[-21.6,-90],[-21.57,-90],[-21.54,-90],[-21.51,-90],[-21.48,-90],[-21.45,-90],[-21.42,-90],[-21.39,-90],[-21.36,-90],[-21.33,-90],[-21.3,-90],[-21.27,-90],[-21.24,-90],[-21.21,-90],[-21.18,-90],[-21.15,-90],[-21.12,-90],[-21.09,-90],[-21.06,-90],[-21.03,-90],[-21,-90],[-20.97,-90],[-20.94,-90],[-20.91,-90],[-20.88,-90],[-20.85,-90],[-20.82,-90],[-20.79,-90],[-20.76,-90],[-20.73,-90],[-20.7,-90],[-20.67,-90],[-20.64,-90],[-20.61,-90],[-20.58,-90],[-20.55,-90],[-20.52,-90],[-20.49,-90],[-20.46,-90],[-20.43,-90],[-20.4,-90],[-20.37,-90],[-20.34,-90],[-20.31,-90],[-20.28,-90],[-20.25,-90],[-20.22,-90],[-20.19,-90],[-20.16,-90],[-20.13,-90],[-20.1,-90],[-20.07,-90],[-20.04,-90],[-20.01,-90],[-19.98,-90],[-19.95,-90],[-19.92,-90],[-19.89,-90],[-19.86,-90],[-19.83,-90],[-19.8,-90],[-19.77,-90],[-19.74,-90],[-19.71,-90],[-19.68,-90],[-19.65,-90],[-19.62,-90],[-19.59,-90],[-19.56,-90],[-19.53,-90],[-19.5,-90],[-19.47,-90],[-19.44,-90],[-19.41,-90],[-19.38,-90],[-19.35,-90],[-19.32,-90],[-19.29,-90],[-19.26,-90],[-19.23,-90],[-19.2,-90],[-19.17,-90],[-19.14,-90],[-19.11,-90],[-19.08,-90],[-19.05,-90],[-19.02,-90],[-18.99,-90],[-18.96,-90],[-18.93,-90],[-18.9,-90],[-18.87,-90],[-18.84,-90],[-18.81,-90],[-18.78,-90],[-18.75,-90],[-18.72,-90],[-18.69,-90],[-18.66,-90],[-18.63,-90],[-18.6,-90],[-18.57,-90],[-18.54,-90],[-18.51,-90],[-18.48,-90],[-18.45,-90],[-18.42,-90],[-18.39,-90],[-18.36,-90],[-18.33,-90],[-18.3,-90],[-18.27,-90],[-18.24,-90],[-18.21,-90],[-18.18,-90],[-18.15,-90],[-18.12,-90],[-18.09,-90],[-18.06,-90],[-18.03,-90],[-18,-90],[-17.97,-90],[-17.94,-90],[-17.91,-90],[-17.88,-90],[-17.85,-90],[-17.82,-90],[-17.79,-90],[-17.76,-90],[-17.73,-90],[-17.7,-90],[-17.67,-90],[-17.64,-90],[-17.61,-90],[-17.58,-90],[-17.55,-90],[-17.52,-90],[-17.49,-90],[-17.46,-90],[-17.43,-90],[-17.4,-90],[-17.37,-90],[-17.34,-90],[-17.31,-90],[-17.28,-90],[-17.25,-90],[-17.22,-90],[-17.19,-90],[-17.16,-90],[-17.13,-90],[-17.1,-90],[-17.07,-90],[-17.04,-90],[-17.01,-90],[-16.98,-90],[-16.95,-90],[-16.92,-90],[-16.89,-90],[-16.86,-90],[-16.83,-90],[-16.8,-90],[-16.77,-90],[-16.74,-90],[-16.71,-90],[-16.68,-90],[-16.65,-90],[-16.62,-90],[-16.59,-90],[-16.56,-90],[-16.53,-90],[-16.5,-90],[-16.47,-90],[-16.44,-90],[-16.41,-90],[-16.38,-90],[-16.35,-90],[-16.32,-90],[-16.29,-90],[-16.26,-90],[-16.23,-90],[-16.2,-90],[-16.17,-90],[-16.14,-90],[-16.11,-90],[-16.08,-90],[-16.05,-90],[-16.02,-90],[-15.99,-90],[-15.96,-90],[-15.93,-90],[-15.9,-90],[-15.87,-90],[-15.84,-90],[-15.81,-90],[-15.78,-90],[-15.75,-90],[-15.72,-90],[-15.69,-90],[-15.66,-90],[-15.63,-90],[-15.6,-90],[-15.57,-90],[-15.54,-90],[-15.51,-90],[-15.48,-90],[-15.45,-90],[-15.42,-90],[-15.39,-90],[-15.36,-90],[-15.33,-90],[-15.3,-90],[-15.27,-90],[-15.24,-90],[-15.21,-90],[-15.18,-90],[-15.15,-90],[-15.12,-90],[-15.09,-90],[-15.06,-90],[-15.03,-90],[-15,-90],[-14.97,-90],[-14.94,-90],[-14.91,-90],[-14.88,-90],[-14.85,-90],[-14.82,-90],[-14.79,-90],[-14.76,-90],[-14.73,-90],[-14.7,-90],[-14.67,-90],[-14.64,-90],[-14.61,-90],[-14.58,-90],[-14.55,-90],[-14.52,-90],[-14.49,-90],[-14.46,-90],[-14.43,-90],[-14.4,-90],[-14.37,-90],[-14.34,-90],[-14.31,-90],[-14.28,-90],[-14.25,-90],[-14.22,-90],[-14.19,-90],[-14.16,-90],[-14.13,-90],[-14.1,-90],[-14.07,-90],[-14.04,-90],[-14.01,-90],[-13.98,-90],[-13.95,-90],[-13.92,-90],[-13.89,-90],[-13.86,-90],[-13.83,-90],[-13.8,-90],[-13.77,-90],[-13.74,-90],[-13.71,-90],[-13.68,-90],[-13.65,-90],[-13.62,-90],[-13.59,-90],[-13.56,-90],[-13.53,-90],[-13.5,-90],[-13.47,-90],[-13.44,-90],[-13.41,-90],[-13.38,-90],[-13.35,-90],[-13.32,-90],[-13.29,-90],[-13.26,-90],[-13.23,-90],[-13.2,-90],[-13.17,-90],[-13.14,-90],[-13.11,-90],[-13.08,-90],[-13.05,-90],[-13.02,-90],[-12.99,-90],[-12.96,-90],[-12.93,-90],[-12.9,-90],[-12.87,-90],[-12.84,-90],[-12.81,-90],[-12.78,-90],[-12.75,-90],[-12.72,-90],[-12.69,-90],[-12.66,-90],[-12.63,-90],[-12.6,-90],[-12.57,-90],[-12.54,-90],[-12.51,-90],[-12.48,-90],[-12.45,-90],[-12.42,-90],[-12.39,-90],[-12.36,-90],[-12.33,-90],[-12.3,-90],[-12.27,-90],[-12.24,-90],[-12.21,-90],[-12.18,-90],[-12.15,-90],[-12.12,-90],[-12.09,-90],[-12.06,-90],[-12.03,-90],[-12,-90],[-11.97,-90],[-11.94,-90],[-11.91,-90],[-11.88,-90],[-11.85,-90],[-11.82,-90],[-11.79,-90],[-11.76,-90],[-11.73,-90],[-11.7,-90],[-11.67,-90],[-11.64,-90],[-11.61,-90],[-11.58,-90],[-11.55,-90],[-11.52,-90],[-11.49,-90],[-11.46,-90],[-11.43,-90],[-11.4,-90],[-11.37,-90],[-11.34,-90],[-11.31,-90],[-11.28,-90],[-11.25,-90],[-11.22,-90],[-11.19,-90],[-11.16,-90],[-11.13,-90],[-11.1,-90],[-11.07,-90],[-11.04,-90],[-11.01,-90],[-10.98,-90],[-10.95,-90],[-10.92,-90],[-10.89,-90],[-10.86,-90],[-10.83,-90],[-10.8,-90],[-10.77,-90],[-10.74,-90],[-10.71,-90],[-10.68,-90],[-10.65,-90],[-10.62,-90],[-10.59,-90],[-10.56,-90],[-10.53,-90],[-10.5,-90],[-10.47,-90],[-10.44,-90],[-10.41,-90],[-10.38,-90],[-10.35,-90],[-10.32,-90],[-10.29,-90],[-10.26,-90],[-10.23,-90],[-10.2,-90],[-10.17,-90],[-10.14,-90],[-10.11,-90],[-10.08,-90],[-10.05,-90],[-10.02,-90],[-9.99,-90],[-9.96,-90],[-9.93,-90],[-9.9,-90],[-9.87,-90],[-9.84,-90],[-9.81,-90],[-9.78,-90],[-9.75,-90],[-9.72,-90],[-9.69,-90],[-9.66,-90],[-9.63,-90],[-9.6,-90],[-9.57,-90],[-9.54,-90],[-9.51,-90],[-9.48,-90],[-9.45,-90],[-9.42,-90],[-9.39,-90],[-9.36,-90],[-9.33,-90],[-9.3,-90],[-9.27,-90],[-9.24,-90],[-9.21,-90],[-9.18,-90],[-9.15,-90],[-9.12,-90],[-9.09,-90],[-9.06,-90],[-9.03,-90],[-9,-90],[-8.97,-90],[-8.94,-90],[-8.91,-90],[-8.88,-90],[-8.85,-90],[-8.82,-90],[-8.79,-90],[-8.76,-90],[-8.73,-90],[-8.7,-90],[-8.67,-90],[-8.64,-90],[-8.61,-90],[-8.58,-90],[-8.55,-90],[-8.52,-90],[-8.49,-90],[-8.46,-90],[-8.43,-90],[-8.4,-90],[-8.37,-90],[-8.34,-90],[-8.31,-90],[-8.28,-90],[-8.25,-90],[-8.22,-90],[-8.19,-90],[-8.16,-90],[-8.13,-90],[-8.1,-90],[-8.07,-90],[-8.04,-90],[-8.01,-90],[-7.98,-90],[-7.95,-90],[-7.92,-90],[-7.89,-90],[-7.86,-90],[-7.83,-90],[-7.8,-90],[-7.77,-90],[-7.74,-90],[-7.71,-90],[-7.68,-90],[-7.65,-90],[-7.62,-90],[-7.59,-90],[-7.56,-90],[-7.53,-90],[-7.5,-90],[-7.47,-90],[-7.44,-90],[-7.41,-90],[-7.38,-90],[-7.35,-90],[-7.32,-90],[-7.29,-90],[-7.26,-90],[-7.23,-90],[-7.2,-90],[-7.17,-90],[-7.14,-90],[-7.11,-90],[-7.08,-90],[-7.05,-90],[-7.02,-90],[-6.99,-90],[-6.96,-90],[-6.93,-90],[-6.9,-90],[-6.87,-90],[-6.84,-90],[-6.81,-90],[-6.78,-90],[-6.75,-90],[-6.72,-90],[-6.69,-90],[-6.66,-90],[-6.63,-90],[-6.6,-90],[-6.57,-90],[-6.54,-90],[-6.51,-90],[-6.48,-90],[-6.45,-90],[-6.42,-90],[-6.39,-90],[-6.36,-90],[-6.33,-90],[-6.3,-90],[-6.27,-90],[-6.24,-90],[-6.21,-90],[-6.18,-90],[-6.15,-90],[-6.12,-90],[-6.09,-90],[-6.06,-90],[-6.03,-90],[-6,-90],[-5.97,-90],[-5.94,-90],[-5.91,-90],[-5.88,-90],[-5.85,-90],[-5.82,-90],[-5.79,-90],[-5.76,-90],[-5.73,-90],[-5.7,-90],[-5.67,-90],[-5.64,-90],[-5.61,-90],[-5.58,-90],[-5.55,-90],[-5.52,-90],[-5.49,-90],[-5.46,-90],[-5.43,-90],[-5.4,-90],[-5.37,-90],[-5.34,-90],[-5.31,-90],[-5.28,-90],[-5.25,-90],[-5.22,-90],[-5.19,-90],[-5.16,-90],[-5.13,-90],[-5.1,-90],[-5.07,-90],[-5.04,-90],[-5.01,-90],[-4.98,-90],[-4.95,-90],[-4.92,-90],[-4.89,-90],[-4.86,-90],[-4.83,-90],[-4.8,-90],[-4.77,-90],[-4.74,-90],[-4.71,-90],[-4.68,-90],[-4.65,-90],[-4.62,-90],[-4.59,-90],[-4.56,-90],[-4.53,-90],[-4.5,-90],[-4.47,-90],[-4.44,-90],[-4.41,-90],[-4.38,-90],[-4.35,-90],[-4.32,-90],[-4.29,-90],[-4.26,-90],[-4.23,-90],[-4.2,-90],[-4.17,-90],[-4.14,-90],[-4.11,-90],[-4.08,-90],[-4.05,-90],[-4.02,-90],[-3.99,-90],[-3.96,-90],[-3.93,-90],[-3.9,-90],[-3.87,-90],[-3.84,-90],[-3.81,-90],[-3.78,-90],[-3.75,-90],[-3.72,-90],[-3.69,-90],[-3.66,-90],[-3.63,-90],[-3.6,-90],[-3.57,-90],[-3.54,-90],[-3.51,-90],[-3.48,-90],[-3.45,-90],[-3.42,-90],[-3.39,-90],[-3.36,-90],[-3.33,-90],[-3.3,-90],[-3.27,-90],[-3.24,-90],[-3.21,-90],[-3.18,-90],[-3.15,-90],[-3.12,-90],[-3.09,-90],[-3.06,-90],[-3.03,-90],[-3,-90],[-2.97,-90],[-2.94,-90],[-2.91,-90],[-2.88,-90],[-2.85,-90],[-2.82,-90],[-2.79,-90],[-2.76,-90],[-2.73,-90],[-2.7,-90],[-2.67,-90],[-2.64,-90],[-2.61,-90],[-2.58,-90],[-2.55,-90],[-2.52,-90],[-2.49,-90],[-2.46,-90],[-2.43,-90],[-2.4,-90],[-2.37,-90],[-2.34,-90],[-2.31,-90],[-2.28,-90],[-2.25,-90],[-2.22,-90],[-2.19,-90],[-2.16,-90],[-2.13,-90],[-2.1,-90],[-2.07,-90],[-2.04,-90],[-2.01,-90],[-1.98,-90],[-1.95,-90],[-1.92,-90],[-1.89,-90],[-1.86,-90],[-1.83,-90],[-1.8,-90],[-1.77,-90],[-1.74,-90],[-1.71,-90],[-1.68,-90],[-1.65,-90],[-1.62,-90],[-1.59,-90],[-1.56,-90],[-1.53,-90],[-1.5,-90],[-1.47,-90],[-1.44,-90],[-1.41,-90],[-1.38,-90],[-1.35,-90],[-1.32,-90],[-1.29,-90],[-1.26,-90],[-1.23,-90],[-1.2,-90],[-1.17,-90],[-1.14,-90],[-1.11,-90],[-1.08,-90],[-1.05,-90],[-1.02,-90],[-0.99,-90],[-0.96,-90],[-0.93,-90],[-0.9,-90],[-0.87,-90],[-0.84,-90],[-0.81,-90],[-0.78,-90],[-0.75,-90],[-0.72,-90],[-0.69,-90],[-0.66,-90],[-0.63,-90],[-0.6,-90],[-0.57,-90],[-0.54,-90],[-0.51,-90],[-0.48,-90],[-0.45,-90],[-0.42,-90],[-0.39,-90],[-0.36,-90],[-0.33,-90],[-0.3,-90],[-0.27,-90],[-0.24,-90],[-0.21,-90],[-0.18,-90],[-0.15,-90],[-0.12,-90],[-0.09,-90],[-0.06,-90],[-0.03,-90],[0,-90],[0.03,-90],[0.06,-90],[0.09,-90],[0.12,-90],[0.15,-90],[0.18,-90],[0.21,-90],[0.24,-90],[0.27,-90],[0.3,-90],[0.33,-90],[0.36,-90],[0.39,-90],[0.42,-90],[0.45,-90],[0.48,-90],[0.51,-90],[0.54,-90],[0.57,-90],[0.6,-90],[0.63,-90],[0.66,-90],[0.69,-90],[0.72,-90],[0.75,-90],[0.78,-90],[0.81,-90],[0.84,-90],[0.87,-90],[0.9,-90],[0.93,-90],[0.96,-90],[0.99,-90],[1.02,-90],[1.05,-90],[1.08,-90],[1.11,-90],[1.14,-90],[1.17,-90],[1.2,-90],[1.23,-90],[1.26,-90],[1.29,-90],[1.32,-90],[1.35,-90],[1.38,-90],[1.41,-90],[1.44,-90],[1.47,-90],[1.5,-90],[1.53,-90],[1.56,-90],[1.59,-90],[1.62,-90],[1.65,-90],[1.68,-90],[1.71,-90],[1.74,-90],[1.77,-90],[1.8,-90],[1.83,-90],[1.86,-90],[1.89,-90],[1.92,-90],[1.95,-90],[1.98,-90],[2.01,-90],[2.04,-90],[2.07,-90],[2.1,-90],[2.13,-90],[2.16,-90],[2.19,-90],[2.22,-90],[2.25,-90],[2.28,-90],[2.31,-90],[2.34,-90],[2.37,-90],[2.4,-90],[2.43,-90],[2.46,-90],[2.49,-90],[2.52,-90],[2.55,-90],[2.58,-90],[2.61,-90],[2.64,-90],[2.67,-90],[2.7,-90],[2.73,-90],[2.76,-90],[2.79,-90],[2.82,-90],[2.85,-90],[2.88,-90],[2.91,-90],[2.94,-90],[2.97,-90],[3,-90],[3.03,-90],[3.06,-90],[3.09,-90],[3.12,-90],[3.15,-90],[3.18,-90],[3.21,-90],[3.24,-90],[3.27,-90],[3.3,-90],[3.33,-90],[3.36,-90],[3.39,-90],[3.42,-90],[3.45,-90],[3.48,-90],[3.51,-90],[3.54,-90],[3.57,-90],[3.6,-90],[3.63,-90],[3.66,-90],[3.69,-90],[3.72,-90],[3.75,-90],[3.78,-90],[3.81,-90],[3.84,-90],[3.87,-90],[3.9,-90],[3.93,-90],[3.96,-90],[3.99,-90],[4.02,-90],[4.05,-90],[4.08,-90],[4.11,-90],[4.14,-90],[4.17,-90],[4.2,-90],[4.23,-90],[4.26,-90],[4.29,-90],[4.32,-90],[4.35,-90],[4.38,-90],[4.41,-90],[4.44,-90],[4.47,-90],[4.5,-90],[4.53,-90],[4.56,-90],[4.59,-90],[4.62,-90],[4.65,-90],[4.68,-90],[4.71,-90],[4.74,-90],[4.77,-90],[4.8,-90],[4.83,-90],[4.86,-90],[4.89,-90],[4.92,-90],[4.95,-90],[4.98,-90],[5.01,-90],[5.04,-90],[5.07,-90],[5.1,-90],[5.13,-90],[5.16,-90],[5.19,-90],[5.22,-90],[5.25,-90],[5.28,-90],[5.31,-90],[5.34,-90],[5.37,-90],[5.4,-90],[5.43,-90],[5.46,-90],[5.49,-90],[5.52,-90],[5.55,-90],[5.58,-90],[5.61,-90],[5.64,-90],[5.67,-90],[5.7,-90],[5.73,-90],[5.76,-90],[5.79,-90],[5.82,-90],[5.85,-90],[5.88,-90],[5.91,-90],[5.94,-90],[5.97,-90],[6,-90],[6.03,-90],[6.06,-90],[6.09,-90],[6.12,-90],[6.15,-90],[6.18,-90],[6.21,-90],[6.24,-90],[6.27,-90],[6.3,-90],[6.33,-90],[6.36,-90],[6.39,-90],[6.42,-90],[6.45,-90],[6.48,-90],[6.51,-90],[6.54,-90],[6.57,-90],[6.6,-90],[6.63,-90],[6.66,-90],[6.69,-90],[6.72,-90],[6.75,-90],[6.78,-90],[6.81,-90],[6.84,-90],[6.87,-90],[6.9,-90],[6.93,-90],[6.96,-90],[6.99,-90],[7.02,-90],[7.05,-90],[7.08,-90],[7.11,-90],[7.14,-90],[7.17,-90],[7.2,-90],[7.23,-90],[7.26,-90],[7.29,-90],[7.32,-90],[7.35,-90],[7.38,-90],[7.41,-90],[7.44,-90],[7.47,-90],[7.5,-90],[7.53,-90],[7.56,-90],[7.59,-90],[7.62,-90],[7.65,-90],[7.68,-90],[7.71,-90],[7.74,-90],[7.77,-90],[7.8,-90],[7.83,-90],[7.86,-90],[7.89,-90],[7.92,-90],[7.95,-90],[7.98,-90],[8.01,-90],[8.04,-90],[8.07,-90],[8.1,-90],[8.13,-90],[8.16,-90],[8.19,-90],[8.22,-90],[8.25,-90],[8.28,-90],[8.31,-90],[8.34,-90],[8.37,-90],[8.4,-90],[8.43,-90],[8.46,-90],[8.49,-90],[8.52,-90],[8.55,-90],[8.58,-90],[8.61,-90],[8.64,-90],[8.67,-90],[8.7,-90],[8.73,-90],[8.76,-90],[8.79,-90],[8.82,-90],[8.85,-90],[8.88,-90],[8.91,-90],[8.94,-90],[8.97,-90],[9,-90],[9.03,-90],[9.06,-90],[9.09,-90],[9.12,-90],[9.15,-90],[9.18,-90],[9.21,-90],[9.24,-90],[9.27,-90],[9.3,-90],[9.33,-90],[9.36,-90],[9.39,-90],[9.42,-90],[9.45,-90],[9.48,-90],[9.51,-90],[9.54,-90],[9.57,-90],[9.6,-90],[9.63,-90],[9.66,-90],[9.69,-90],[9.72,-90],[9.75,-90],[9.78,-90],[9.81,-90],[9.84,-90],[9.87,-90],[9.9,-90],[9.93,-90],[9.96,-90],[9.99,-90],[10.02,-90],[10.05,-90],[10.08,-90],[10.11,-90],[10.14,-90],[10.17,-90],[10.2,-90],[10.23,-90],[10.26,-90],[10.29,-90],[10.32,-90],[10.35,-90],[10.38,-90],[10.41,-90],[10.44,-90],[10.47,-90],[10.5,-90],[10.53,-90],[10.56,-90],[10.59,-90],[10.62,-90],[10.65,-90],[10.68,-90],[10.71,-90],[10.74,-90],[10.77,-90],[10.8,-90],[10.83,-90],[10.86,-90],[10.89,-90],[10.92,-90],[10.95,-90],[10.98,-90],[11.01,-90],[11.04,-90],[11.07,-90],[11.1,-90],[11.13,-90],[11.16,-90],[11.19,-90],[11.22,-90],[11.25,-90],[11.28,-90],[11.31,-90],[11.34,-90],[11.37,-90],[11.4,-90],[11.43,-90],[11.46,-90],[11.49,-90],[11.52,-90],[11.55,-90],[11.58,-90],[11.61,-90],[11.64,-90],[11.67,-90],[11.7,-90],[11.73,-90],[11.76,-90],[11.79,-90],[11.82,-90],[11.85,-90],[11.88,-90],[11.91,-90],[11.94,-90],[11.97,-90],[12,-90],[12.03,-90],[12.06,-90],[12.09,-90],[12.12,-90],[12.15,-90],[12.18,-90],[12.21,-90],[12.24,-90],[12.27,-90],[12.3,-90],[12.33,-90],[12.36,-90],[12.39,-90],[12.42,-90],[12.45,-90],[12.48,-90],[12.51,-90],[12.54,-90],[12.57,-90],[12.6,-90],[12.63,-90],[12.66,-90],[12.69,-90],[12.72,-90],[12.75,-90],[12.78,-90],[12.81,-90],[12.84,-90],[12.87,-90],[12.9,-90],[12.93,-90],[12.96,-90],[12.99,-90],[13.02,-90],[13.05,-90],[13.08,-90],[13.11,-90],[13.14,-90],[13.17,-90],[13.2,-90],[13.23,-90],[13.26,-90],[13.29,-90],[13.32,-90],[13.35,-90],[13.38,-90],[13.41,-90],[13.44,-90],[13.47,-90],[13.5,-90],[13.53,-90],[13.56,-90],[13.59,-90],[13.62,-90],[13.65,-90],[13.68,-90],[13.71,-90],[13.74,-90],[13.77,-90],[13.8,-90],[13.83,-90],[13.86,-90],[13.89,-90],[13.92,-90],[13.95,-90],[13.98,-90],[14.01,-90],[14.04,-90],[14.07,-90],[14.1,-90],[14.13,-90],[14.16,-90],[14.19,-90],[14.22,-90],[14.25,-90],[14.28,-90],[14.31,-90],[14.34,-90],[14.37,-90],[14.4,-90],[14.43,-90],[14.46,-90],[14.49,-90],[14.52,-90],[14.55,-90],[14.58,-90],[14.61,-90],[14.64,-90],[14.67,-90],[14.7,-90],[14.73,-90],[14.76,-90],[14.79,-90],[14.82,-90],[14.85,-90],[14.88,-90],[14.91,-90],[14.94,-90],[14.97,-90],[15,-90],[15.03,-90],[15.06,-90],[15.09,-90],[15.12,-90],[15.15,-90],[15.18,-90],[15.21,-90],[15.24,-90],[15.27,-90],[15.3,-90],[15.33,-90],[15.36,-90],[15.39,-90],[15.42,-90],[15.45,-90],[15.48,-90],[15.51,-90],[15.54,-90],[15.57,-90],[15.6,-90],[15.63,-90],[15.66,-90],[15.69,-90],[15.72,-90],[15.75,-90],[15.78,-90],[15.81,-90],[15.84,-90],[15.87,-90],[15.9,-90],[15.93,-90],[15.96,-90],[15.99,-90],[16.02,-90],[16.05,-90],[16.08,-90],[16.11,-90],[16.14,-90],[16.17,-90],[16.2,-90],[16.23,-90],[16.26,-90],[16.29,-90],[16.32,-90],[16.35,-90],[16.38,-90],[16.41,-90],[16.44,-90],[16.47,-90],[16.5,-90],[16.53,-90],[16.56,-90],[16.59,-90],[16.62,-90],[16.65,-90],[16.68,-90],[16.71,-90],[16.74,-90],[16.77,-90],[16.8,-90],[16.83,-90],[16.86,-90],[16.89,-90],[16.92,-90],[16.95,-90],[16.98,-90],[17.01,-90],[17.04,-90],[17.07,-90],[17.1,-90],[17.13,-90],[17.16,-90],[17.19,-90],[17.22,-90],[17.25,-90],[17.28,-90],[17.31,-90],[17.34,-90],[17.37,-90],[17.4,-90],[17.43,-90],[17.46,-90],[17.49,-90],[17.52,-90],[17.55,-90],[17.58,-90],[17.61,-90],[17.64,-90],[17.67,-90],[17.7,-90],[17.73,-90],[17.76,-90],[17.79,-90],[17.82,-90],[17.85,-90],[17.88,-90],[17.91,-90],[17.94,-90],[17.97,-90],[18,-90],[18.03,-90],[18.06,-90],[18.09,-90],[18.12,-90],[18.15,-90],[18.18,-90],[18.21,-90],[18.24,-90],[18.27,-90],[18.3,-90],[18.33,-90],[18.36,-90],[18.39,-90],[18.42,-90],[18.45,-90],[18.48,-90],[18.51,-90],[18.54,-90],[18.57,-90],[18.6,-90],[18.63,-90],[18.66,-90],[18.69,-90],[18.72,-90],[18.75,-90],[18.78,-90],[18.81,-90],[18.84,-90],[18.87,-90],[18.9,-90],[18.93,-90],[18.96,-90],[18.99,-90],[19.02,-90],[19.05,-90],[19.08,-90],[19.11,-90],[19.14,-90],[19.17,-90],[19.2,-90],[19.23,-90],[19.26,-90],[19.29,-90],[19.32,-90],[19.35,-90],[19.38,-90],[19.41,-90],[19.44,-90],[19.47,-90],[19.5,-90],[19.53,-90],[19.56,-90],[19.59,-90],[19.62,-90],[19.65,-90],[19.68,-90],[19.71,-90],[19.74,-90],[19.77,-90],[19.8,-90],[19.83,-90],[19.86,-90],[19.89,-90],[19.92,-90],[19.95,-90],[19.98,-90],[20.01,-90],[20.04,-90],[20.07,-90],[20.1,-90],[20.13,-90],[20.16,-90],[20.19,-90],[20.22,-90],[20.25,-90],[20.28,-90],[20.31,-90],[20.34,-90],[20.37,-90],[20.4,-90],[20.43,-90],[20.46,-90],[20.49,-90],[20.52,-90],[20.55,-90],[20.58,-90],[20.61,-90],[20.64,-90],[20.67,-90],[20.7,-90],[20.73,-90],[20.76,-90],[20.79,-90],[20.82,-90],[20.85,-90],[20.88,-90],[20.91,-90],[20.94,-90],[20.97,-90],[21,-90],[21.03,-90],[21.06,-90],[21.09,-90],[21.12,-90],[21.15,-90],[21.18,-90],[21.21,-90],[21.24,-90],[21.27,-90],[21.3,-90],[21.33,-90],[21.36,-90],[21.39,-90],[21.42,-90],[21.45,-90],[21.48,-90],[21.51,-90],[21.54,-90],[21.57,-90],[21.6,-90],[21.63,-90],[21.66,-90],[21.69,-90],[21.72,-90],[21.75,-90],[21.78,-90],[21.81,-90],[21.84,-90],[21.87,-90],[21.9,-90],[21.93,-90],[21.96,-90],[21.99,-90],[22.02,-90],[22.05,-90],[22.08,-90],[22.11,-90],[22.14,-90],[22.17,-90],[22.2,-90],[22.23,-90],[22.26,-90],[22.29,-90],[22.32,-90],[22.35,-90],[22.38,-90],[22.41,-90],[22.44,-90],[22.47,-90],[22.5,-90],[22.53,-90],[22.56,-90],[22.59,-90],[22.62,-90],[22.65,-90],[22.68,-90],[22.71,-90],[22.74,-90],[22.77,-90],[22.8,-90],[22.83,-90],[22.86,-90],[22.89,-90],[22.92,-90],[22.95,-90],[22.98,-90],[23.01,-90],[23.04,-90],[23.07,-90],[23.1,-90],[23.13,-90],[23.16,-90],[23.19,-90],[23.22,-90],[23.25,-90],[23.28,-90],[23.31,-90],[23.34,-90],[23.37,-90],[23.4,-90],[23.43,-90],[23.46,-90],[23.49,-90],[23.52,-90],[23.55,-90],[23.58,-90],[23.61,-90],[23.64,-90],[23.67,-90],[23.7,-90],[23.73,-90],[23.76,-90],[23.79,-90],[23.82,-90],[23.85,-90],[23.88,-90],[23.91,-90],[23.94,-90],[23.97,-90],[24,-90],[24.03,-90],[24.06,-90],[24.09,-90],[24.12,-90],[24.15,-90],[24.18,-90],[24.21,-90],[24.24,-90],[24.27,-90],[24.3,-90],[24.33,-90],[24.36,-90],[24.39,-90],[24.42,-90],[24.45,-90],[24.48,-90],[24.51,-90],[24.54,-90],[24.57,-90],[24.6,-90],[24.63,-90],[24.66,-90],[24.69,-90],[24.72,-90],[24.75,-90],[24.78,-90],[24.81,-90],[24.84,-90],[24.87,-90],[24.9,-90],[24.93,-90],[24.96,-90],[24.99,-90],[25.02,-90],[25.05,-90],[25.08,-90],[25.11,-90],[25.14,-90],[25.17,-90],[25.2,-90],[25.23,-90],[25.26,-90],[25.29,-90],[25.32,-90],[25.35,-90],[25.38,-90],[25.41,-90],[25.44,-90],[25.47,-90],[25.5,-90],[25.53,-90],[25.56,-90],[25.59,-90],[25.62,-90],[25.65,-90],[25.68,-90],[25.71,-90],[25.74,-90],[25.77,-90],[25.8,-90],[25.83,-90],[25.86,-90],[25.89,-90],[25.92,-90],[25.95,-90],[25.98,-90],[26.01,-90],[26.04,-90],[26.07,-90],[26.1,-90],[26.13,-90],[26.16,-90],[26.19,-90],[26.22,-90],[26.25,-90],[26.28,-90],[26.31,-90],[26.34,-90],[26.37,-90],[26.4,-90],[26.43,-90],[26.46,-90],[26.49,-90],[26.52,-90],[26.55,-90],[26.58,-90],[26.61,-90],[26.64,-90],[26.67,-90],[26.7,-90],[26.73,-90],[26.76,-90],[26.79,-90],[26.82,-90],[26.85,-90],[26.88,-90],[26.91,-90],[26.94,-90],[26.97,-90],[27,-90],[27.03,-90],[27.06,-90],[27.09,-90],[27.12,-90],[27.15,-90],[27.18,-90],[27.21,-90],[27.24,-90],[27.27,-90],[27.3,-90],[27.33,-90],[27.36,-90],[27.39,-90],[27.42,-90],[27.45,-90],[27.48,-90],[27.51,-90],[27.54,-90],[27.57,-90],[27.6,-90],[27.63,-90],[27.66,-90],[27.69,-90],[27.72,-90],[27.75,-90],[27.78,-90],[27.81,-90],[27.84,-90],[27.87,-90],[27.9,-90],[27.93,-90],[27.96,-90],[27.99,-90],[28.02,-90],[28.05,-90],[28.08,-90],[28.11,-90],[28.14,-90],[28.17,-90],[28.2,-90],[28.23,-90],[28.26,-90],[28.29,-90],[28.32,-90],[28.35,-90],[28.38,-90],[28.41,-90],[28.44,-90],[28.47,-90],[28.5,-90],[28.53,-90],[28.56,-90],[28.59,-90],[28.62,-90],[28.65,-90],[28.68,-90],[28.71,-90],[28.74,-90],[28.77,-90],[28.8,-90],[28.83,-90],[28.86,-90],[28.89,-90],[28.92,-90],[28.95,-90],[28.98,-90],[29.01,-90],[29.04,-90],[29.07,-90],[29.1,-90],[29.13,-90],[29.16,-90],[29.19,-90],[29.22,-90],[29.25,-90],[29.28,-90],[29.31,-90],[29.34,-90],[29.37,-90],[29.4,-90],[29.43,-90],[29.46,-90],[29.49,-90],[29.52,-90],[29.55,-90],[29.58,-90],[29.61,-90],[29.64,-90],[29.67,-90],[29.7,-90],[29.73,-90],[29.76,-90],[29.79,-90],[29.82,-90],[29.85,-90],[29.88,-90],[29.91,-90],[29.94,-90],[29.97,-90],[30,-90],[30.03,-90],[30.06,-90],[30.09,-90],[30.12,-90],[30.15,-90],[30.18,-90],[30.21,-90],[30.24,-90],[30.27,-90],[30.3,-90],[30.33,-90],[30.36,-90],[30.39,-90],[30.42,-90],[30.45,-90],[30.48,-90],[30.51,-90],[30.54,-90],[30.57,-90],[30.6,-90],[30.63,-90],[30.66,-90],[30.69,-90],[30.72,-90],[30.75,-90],[30.78,-90],[30.81,-90],[30.84,-90],[30.87,-90],[30.9,-90],[30.93,-90],[30.96,-90],[30.99,-90],[31.02,-90],[31.05,-90],[31.08,-90],[31.11,-90],[31.14,-90],[31.17,-90],[31.2,-90],[31.23,-90],[31.26,-90],[31.29,-90],[31.32,-90],[31.35,-90],[31.38,-90],[31.41,-90],[31.44,-90],[31.47,-90],[31.5,-90],[31.53,-90],[31.56,-90],[31.59,-90],[31.62,-90],[31.65,-90],[31.68,-90],[31.71,-90],[31.74,-90],[31.77,-90],[31.8,-90],[31.83,-90],[31.86,-90],[31.89,-90],[31.92,-90],[31.95,-90],[31.98,-90],[32.01,-90],[32.04,-90],[32.07,-90],[32.1,-90],[32.13,-90],[32.16,-90],[32.19,-90],[32.22,-90],[32.25,-90],[32.28,-90],[32.31,-90],[32.34,-90],[32.37,-90],[32.4,-90],[32.43,-90],[32.46,-90],[32.49,-90],[32.52,-90],[32.55,-90],[32.58,-90],[32.61,-90],[32.64,-90],[32.67,-90],[32.7,-90],[32.73,-90],[32.76,-90],[32.79,-90],[32.82,-90],[32.85,-90],[32.88,-90],[32.91,-90],[32.94,-90],[32.97,-90],[33,-90],[33.03,-90],[33.06,-90],[33.09,-90],[33.12,-90],[33.15,-90],[33.18,-90],[33.21,-90],[33.24,-90],[33.27,-90],[33.3,-90],[33.33,-90],[33.36,-90],[33.39,-90],[33.42,-90],[33.45,-90],[33.48,-90],[33.51,-90],[33.54,-90],[33.57,-90],[33.6,-90],[33.63,-90],[33.66,-90],[33.69,-90],[33.72,-90],[33.75,-90],[33.78,-90],[33.81,-90],[33.84,-90],[33.87,-90],[33.9,-90],[33.93,-90],[33.96,-90],[33.99,-90],[34.02,-90],[34.05,-90],[34.08,-90],[34.11,-90],[34.14,-90],[34.17,-90],[34.2,-90],[34.23,-90],[34.26,-90],[34.29,-90],[34.32,-90],[34.35,-90],[34.38,-90],[34.41,-90],[34.44,-90],[34.47,-90],[34.5,-90],[34.53,-90],[34.56,-90],[34.59,-90],[34.62,-90],[34.65,-90],[34.68,-90],[34.71,-90],[34.74,-90],[34.77,-90],[34.8,-90],[34.83,-90],[34.86,-90],[34.89,-90],[34.92,-90],[34.95,-90],[34.98,-90],[35.01,-90],[35.04,-90],[35.07,-90],[35.1,-90],[35.13,-90],[35.16,-90],[35.19,-90],[35.22,-90],[35.25,-90],[35.28,-90],[35.31,-90],[35.34,-90],[35.37,-90],[35.4,-90],[35.43,-90],[35.46,-90],[35.49,-90],[35.52,-90],[35.55,-90],[35.58,-90],[35.61,-90],[35.64,-90],[35.67,-90],[35.7,-90],[35.73,-90],[35.76,-90],[35.79,-90],[35.82,-90],[35.85,-90],[35.88,-90],[35.91,-90],[35.94,-90],[35.97,-90],[36,-90],[36.03,-90],[36.06,-90],[36.09,-90],[36.12,-90],[36.15,-90],[36.18,-90],[36.21,-90],[36.24,-90],[36.27,-90],[36.3,-90],[36.33,-90],[36.36,-90],[36.39,-90],[36.42,-90],[36.45,-90],[36.48,-90],[36.51,-90],[36.54,-90],[36.57,-90],[36.6,-90],[36.63,-90],[36.66,-90],[36.69,-90],[36.72,-90],[36.75,-90],[36.78,-90],[36.81,-90],[36.84,-90],[36.87,-90],[36.9,-90],[36.93,-90],[36.96,-90],[36.99,-90],[37.02,-90],[37.05,-90],[37.08,-90],[37.11,-90],[37.14,-90],[37.17,-90],[37.2,-90],[37.23,-90],[37.26,-90],[37.29,-90],[37.32,-90],[37.35,-90],[37.38,-90],[37.41,-90],[37.44,-90],[37.47,-90],[37.5,-90],[37.53,-90],[37.56,-90],[37.59,-90],[37.62,-90],[37.65,-90],[37.68,-90],[37.71,-90],[37.74,-90],[37.77,-90],[37.8,-90],[37.83,-90],[37.86,-90],[37.89,-90],[37.92,-90],[37.95,-90],[37.98,-90],[38.01,-90],[38.04,-90],[38.07,-90],[38.1,-90],[38.13,-90],[38.16,-90],[38.19,-90],[38.22,-90],[38.25,-90],[38.28,-90],[38.31,-90],[38.34,-90],[38.37,-90],[38.4,-90],[38.43,-90],[38.46,-90],[38.49,-90],[38.52,-90],[38.55,-90],[38.58,-90],[38.61,-90],[38.64,-90],[38.67,-90],[38.7,-90],[38.73,-90],[38.76,-90],[38.79,-90],[38.82,-90],[38.85,-90],[38.88,-90],[38.91,-90],[38.94,-90],[38.97,-90],[39,-90],[39.03,-90],[39.06,-90],[39.09,-90],[39.12,-90],[39.15,-90],[39.18,-90],[39.21,-90],[39.24,-90],[39.27,-90],[39.3,-90],[39.33,-90],[39.36,-90],[39.39,-90],[39.42,-90],[39.45,-90],[39.48,-90],[39.51,-90],[39.54,-90],[39.57,-90],[39.6,-90],[39.63,-90],[39.66,-90],[39.69,-90],[39.72,-90],[39.75,-90],[39.78,-90],[39.81,-90],[39.84,-90],[39.87,-90],[39.9,-90],[39.93,-90],[39.96,-90],[39.99,-90],[40.02,-90],[40.05,-90],[40.08,-90],[40.11,-90],[40.14,-90],[40.17,-90],[40.2,-90],[40.23,-90],[40.26,-90],[40.29,-90],[40.32,-90],[40.35,-90],[40.38,-90],[40.41,-90],[40.44,-90],[40.47,-90],[40.5,-90],[40.53,-90],[40.56,-90],[40.59,-90],[40.62,-90],[40.65,-90],[40.68,-90],[40.71,-90],[40.74,-90],[40.77,-90],[40.8,-90],[40.83,-90],[40.86,-90],[40.89,-90],[40.92,-90],[40.95,-90],[40.98,-90],[41.01,-90],[41.04,-90],[41.07,-90],[41.1,-90],[41.13,-90],[41.16,-90],[41.19,-90],[41.22,-90],[41.25,-90],[41.28,-90],[41.31,-90],[41.34,-90],[41.37,-90],[41.4,-90],[41.43,-90],[41.46,-90],[41.49,-90],[41.52,-90],[41.55,-90],[41.58,-90],[41.61,-90],[41.64,-90],[41.67,-90],[41.7,-90],[41.73,-90],[41.76,-90],[41.79,-90],[41.82,-90],[41.85,-90],[41.88,-90],[41.91,-90],[41.94,-90],[41.97,-90],[42,-90],[42.03,-90],[42.06,-90],[42.09,-90],[42.12,-90],[42.15,-90],[42.18,-90],[42.21,-90],[42.24,-90],[42.27,-90],[42.3,-90],[42.33,-90],[42.36,-90],[42.39,-90],[42.42,-90],[42.45,-90],[42.48,-90],[42.51,-90],[42.54,-90],[42.57,-90],[42.6,-90],[42.63,-90],[42.66,-90],[42.69,-90],[42.72,-90],[42.75,-90],[42.78,-90],[42.81,-90],[42.84,-90],[42.87,-90],[42.9,-90],[42.93,-90],[42.96,-90],[42.99,-90],[43.02,-90],[43.05,-90],[43.08,-90],[43.11,-90],[43.14,-90],[43.17,-90],[43.2,-90],[43.23,-90],[43.26,-90],[43.29,-90],[43.32,-90],[43.35,-90],[43.38,-90],[43.41,-90],[43.44,-90],[43.47,-90],[43.5,-90],[43.53,-90],[43.56,-90],[43.59,-90],[43.62,-90],[43.65,-90],[43.68,-90],[43.71,-90],[43.74,-90],[43.77,-90],[43.8,-90],[43.83,-90],[43.86,-90],[43.89,-90],[43.92,-90],[43.95,-90],[43.98,-90],[44.01,-90],[44.04,-90],[44.07,-90],[44.1,-90],[44.13,-90],[44.16,-90],[44.19,-90],[44.22,-90],[44.25,-90],[44.28,-90],[44.31,-90],[44.34,-90],[44.37,-90],[44.4,-90],[44.43,-90],[44.46,-90],[44.49,-90],[44.52,-90],[44.55,-90],[44.58,-90],[44.61,-90],[44.64,-90],[44.67,-90],[44.7,-90],[44.73,-90],[44.76,-90],[44.79,-90],[44.82,-90],[44.85,-90],[44.88,-90],[44.91,-90],[44.94,-90],[44.97,-90],[45,-90],[45.03,-90],[45.06,-90],[45.09,-90],[45.12,-90],[45.15,-90],[45.18,-90],[45.21,-90],[45.24,-90],[45.27,-90],[45.3,-90],[45.33,-90],[45.36,-90],[45.39,-90],[45.42,-90],[45.45,-90],[45.48,-90],[45.51,-90],[45.54,-90],[45.57,-90],[45.6,-90],[45.63,-90],[45.66,-90],[45.69,-90],[45.72,-90],[45.75,-90],[45.78,-90],[45.81,-90],[45.84,-90],[45.87,-90],[45.9,-90],[45.93,-90],[45.96,-90],[45.99,-90],[46.02,-90],[46.05,-90],[46.08,-90],[46.11,-90],[46.14,-90],[46.17,-90],[46.2,-90],[46.23,-90],[46.26,-90],[46.29,-90],[46.32,-90],[46.35,-90],[46.38,-90],[46.41,-90],[46.44,-90],[46.47,-90],[46.5,-90],[46.53,-90],[46.56,-90],[46.59,-90],[46.62,-90],[46.65,-90],[46.68,-90],[46.71,-90],[46.74,-90],[46.77,-90],[46.8,-90],[46.83,-90],[46.86,-90],[46.89,-90],[46.92,-90],[46.95,-90],[46.98,-90],[47.01,-90],[47.04,-90],[47.07,-90],[47.1,-90],[47.13,-90],[47.16,-90],[47.19,-90],[47.22,-90],[47.25,-90],[47.28,-90],[47.31,-90],[47.34,-90],[47.37,-90],[47.4,-90],[47.43,-90],[47.46,-90],[47.49,-90],[47.52,-90],[47.55,-90],[47.58,-90],[47.61,-90],[47.64,-90],[47.67,-90],[47.7,-90],[47.73,-90],[47.76,-90],[47.79,-90],[47.82,-90],[47.85,-90],[47.88,-90],[47.91,-90],[47.94,-90],[47.97,-90],[48,-90],[48.03,-90],[48.06,-90],[48.09,-90],[48.12,-90],[48.15,-90],[48.18,-90],[48.21,-90],[48.24,-90],[48.27,-90],[48.3,-90],[48.33,-90],[48.36,-90],[48.39,-90],[48.42,-90],[48.45,-90],[48.48,-90],[48.51,-90],[48.54,-90],[48.57,-90],[48.6,-90],[48.63,-90],[48.66,-90],[48.69,-90],[48.72,-90],[48.75,-90],[48.78,-90],[48.81,-90],[48.84,-90],[48.87,-90],[48.9,-90],[48.93,-90],[48.96,-90],[48.99,-90],[49.02,-90],[49.05,-90],[49.08,-90],[49.11,-90],[49.14,-90],[49.17,-90],[49.2,-90],[49.23,-90],[49.26,-90],[49.29,-90],[49.32,-90],[49.35,-90],[49.38,-90],[49.41,-90],[49.44,-90],[49.47,-90],[49.5,-90],[49.53,-90],[49.56,-90],[49.59,-90],[49.62,-90],[49.65,-90],[49.68,-90],[49.71,-90],[49.74,-90],[49.77,-90],[49.8,-90],[49.83,-90],[49.86,-90],[49.89,-90],[49.92,-90],[49.95,-90],[49.98,-90],[50.01,-90],[50.04,-90],[50.07,-90],[50.1,-90],[50.13,-90],[50.16,-90],[50.19,-90],[50.22,-90],[50.25,-90],[50.28,-90],[50.31,-90],[50.34,-90],[50.37,-90],[50.4,-90],[50.43,-90],[50.46,-90],[50.49,-90],[50.52,-90],[50.55,-90],[50.58,-90],[50.61,-90],[50.64,-90],[50.67,-90],[50.7,-90],[50.73,-90],[50.76,-90],[50.79,-90],[50.82,-90],[50.85,-90],[50.88,-90],[50.91,-90],[50.94,-90],[50.97,-90],[51,-90],[51.03,-90],[51.06,-90],[51.09,-90],[51.12,-90],[51.15,-90],[51.18,-90],[51.21,-90],[51.24,-90],[51.27,-90],[51.3,-90],[51.33,-90],[51.36,-90],[51.39,-90],[51.42,-90],[51.45,-90],[51.48,-90],[51.51,-90],[51.54,-90],[51.57,-90],[51.6,-90],[51.63,-90],[51.66,-90],[51.69,-90],[51.72,-90],[51.75,-90],[51.78,-90],[51.81,-90],[51.84,-90],[51.87,-90],[51.9,-90],[51.93,-90],[51.96,-90],[51.99,-90],[52.02,-90],[52.05,-90],[52.08,-90],[52.11,-90],[52.14,-90],[52.17,-90],[52.2,-90],[52.23,-90],[52.26,-90],[52.29,-90],[52.32,-90],[52.35,-90],[52.38,-90],[52.41,-90],[52.44,-90],[52.47,-90],[52.5,-90],[52.53,-90],[52.56,-90],[52.59,-90],[52.62,-90],[52.65,-90],[52.68,-90],[52.71,-90],[52.74,-90],[52.77,-90],[52.8,-90],[52.83,-90],[52.86,-90],[52.89,-90],[52.92,-90],[52.95,-90],[52.98,-90],[53.01,-90],[53.04,-90],[53.07,-90],[53.1,-90],[53.13,-90],[53.16,-90],[53.19,-90],[53.22,-90],[53.25,-90],[53.28,-90],[53.31,-90],[53.34,-90],[53.37,-90],[53.4,-90],[53.43,-90],[53.46,-90],[53.49,-90],[53.52,-90],[53.55,-90],[53.58,-90],[53.61,-90],[53.64,-90],[53.67,-90],[53.7,-90],[53.73,-90],[53.76,-90],[53.79,-90],[53.82,-90],[53.85,-90],[53.88,-90],[53.91,-90],[53.94,-90],[53.97,-90],[54,-90],[54.03,-90],[54.06,-90],[54.09,-90],[54.12,-90],[54.15,-90],[54.18,-90],[54.21,-90],[54.24,-90],[54.27,-90],[54.3,-90],[54.33,-90],[54.36,-90],[54.39,-90],[54.42,-90],[54.45,-90],[54.48,-90],[54.51,-90],[54.54,-90],[54.57,-90],[54.6,-90],[54.63,-90],[54.66,-90],[54.69,-90],[54.72,-90],[54.75,-90],[54.78,-90],[54.81,-90],[54.84,-90],[54.87,-90],[54.9,-90],[54.93,-90],[54.96,-90],[54.99,-90],[55.02,-90],[55.05,-90],[55.08,-90],[55.11,-90],[55.14,-90],[55.17,-90],[55.2,-90],[55.23,-90],[55.26,-90],[55.29,-90],[55.32,-90],[55.35,-90],[55.38,-90],[55.41,-90],[55.44,-90],[55.47,-90],[55.5,-90],[55.53,-90],[55.56,-90],[55.59,-90],[55.62,-90],[55.65,-90],[55.68,-90],[55.71,-90],[55.74,-90],[55.77,-90],[55.8,-90],[55.83,-90],[55.86,-90],[55.89,-90],[55.92,-90],[55.95,-90],[55.98,-90],[56.01,-90],[56.04,-90],[56.07,-90],[56.1,-90],[56.13,-90],[56.16,-90],[56.19,-90],[56.22,-90],[56.25,-90],[56.28,-90],[56.31,-90],[56.34,-90],[56.37,-90],[56.4,-90],[56.43,-90],[56.46,-90],[56.49,-90],[56.52,-90],[56.55,-90],[56.58,-90],[56.61,-90],[56.64,-90],[56.67,-90],[56.7,-90],[56.73,-90],[56.76,-90],[56.79,-90],[56.82,-90],[56.85,-90],[56.88,-90],[56.91,-90],[56.94,-90],[56.97,-90],[57,-90],[57.03,-90],[57.06,-90],[57.09,-90],[57.12,-90],[57.15,-90],[57.18,-90],[57.21,-90],[57.24,-90],[57.27,-90],[57.3,-90],[57.33,-90],[57.36,-90],[57.39,-90],[57.42,-90],[57.45,-90],[57.48,-90],[57.51,-90],[57.54,-90],[57.57,-90],[57.6,-90],[57.63,-90],[57.66,-90],[57.69,-90],[57.72,-90],[57.75,-90],[57.78,-90],[57.81,-90],[57.84,-90],[57.87,-90],[57.9,-90],[57.93,-90],[57.96,-90],[57.99,-90],[58.02,-90],[58.05,-90],[58.08,-90],[58.11,-90],[58.14,-90],[58.17,-90],[58.2,-90],[58.23,-90],[58.26,-90],[58.29,-90],[58.32,-90],[58.35,-90],[58.38,-90],[58.41,-90],[58.44,-90],[58.47,-90],[58.5,-90],[58.53,-90],[58.56,-90],[58.59,-90],[58.62,-90],[58.65,-90],[58.68,-90],[58.71,-90],[58.74,-90],[58.77,-90],[58.8,-90],[58.83,-90],[58.86,-90],[58.89,-90],[58.92,-90],[58.95,-90],[58.98,-90],[59.01,-90],[59.04,-90],[59.07,-90],[59.1,-90],[59.13,-90],[59.16,-90],[59.19,-90],[59.22,-90],[59.25,-90],[59.28,-90],[59.31,-90],[59.34,-90],[59.37,-90],[59.4,-90],[59.43,-90],[59.46,-90],[59.49,-90],[59.52,-90],[59.55,-90],[59.58,-90],[59.61,-90],[59.64,-90],[59.67,-90],[59.7,-90],[59.73,-90],[59.76,-90],[59.79,-90],[59.82,-90],[59.85,-90],[59.88,-90],[59.91,-90],[59.94,-90],[59.97,-90],[60,-90],[60.03,-90],[60.06,-90],[60.09,-90],[60.12,-90],[60.15,-90],[60.18,-90],[60.21,-90],[60.24,-90],[60.27,-90],[60.3,-90],[60.33,-90],[60.36,-90],[60.39,-90],[60.42,-90],[60.45,-90],[60.48,-90],[60.51,-90],[60.54,-90],[60.57,-90],[60.6,-90],[60.63,-90],[60.66,-90],[60.69,-90],[60.72,-90],[60.75,-90],[60.78,-90],[60.81,-90],[60.84,-90],[60.87,-90],[60.9,-90],[60.93,-90],[60.96,-90],[60.99,-90],[61.02,-90],[61.05,-90],[61.08,-90],[61.11,-90],[61.14,-90],[61.17,-90],[61.2,-90],[61.23,-90],[61.26,-90],[61.29,-90],[61.32,-90],[61.35,-90],[61.38,-90],[61.41,-90],[61.44,-90],[61.47,-90],[61.5,-90],[61.53,-90],[61.56,-90],[61.59,-90],[61.62,-90],[61.65,-90],[61.68,-90],[61.71,-90],[61.74,-90],[61.77,-90],[61.8,-90],[61.83,-90],[61.86,-90],[61.89,-90],[61.92,-90],[61.95,-90],[61.98,-90],[62.01,-90],[62.04,-90],[62.07,-90],[62.1,-90],[62.13,-90],[62.16,-90],[62.19,-90],[62.22,-90],[62.25,-90],[62.28,-90],[62.31,-90],[62.34,-90],[62.37,-90],[62.4,-90],[62.43,-90],[62.46,-90],[62.49,-90],[62.52,-90],[62.55,-90],[62.58,-90],[62.61,-90],[62.64,-90],[62.67,-90],[62.7,-90],[62.73,-90],[62.76,-90],[62.79,-90],[62.82,-90],[62.85,-90],[62.88,-90],[62.91,-90],[62.94,-90],[62.97,-90],[63,-90],[63.03,-90],[63.06,-90],[63.09,-90],[63.12,-90],[63.15,-90],[63.18,-90],[63.21,-90],[63.24,-90],[63.27,-90],[63.3,-90],[63.33,-90],[63.36,-90],[63.39,-90],[63.42,-90],[63.45,-90],[63.48,-90],[63.51,-90],[63.54,-90],[63.57,-90],[63.6,-90],[63.63,-90],[63.66,-90],[63.69,-90],[63.72,-90],[63.75,-90],[63.78,-90],[63.81,-90],[63.84,-90],[63.87,-90],[63.9,-90],[63.93,-90],[63.96,-90],[63.99,-90],[64.02,-90],[64.05,-90],[64.08,-90],[64.11,-90],[64.14,-90],[64.17,-90],[64.2,-90],[64.23,-90],[64.26,-90],[64.29,-90],[64.32,-90],[64.35,-90],[64.38,-90],[64.41,-90],[64.44,-90],[64.47,-90],[64.5,-90],[64.53,-90],[64.56,-90],[64.59,-90],[64.62,-90],[64.65,-90],[64.68,-90],[64.71,-90],[64.74,-90],[64.77,-90],[64.8,-90],[64.83,-90],[64.86,-90],[64.89,-90],[64.92,-90],[64.95,-90],[64.98,-90],[65.01,-90],[65.04,-90],[65.07,-90],[65.1,-90],[65.13,-90],[65.16,-90],[65.19,-90],[65.22,-90],[65.25,-90],[65.28,-90],[65.31,-90],[65.34,-90],[65.37,-90],[65.4,-90],[65.43,-90],[65.46,-90],[65.49,-90],[65.52,-90],[65.55,-90],[65.58,-90],[65.61,-90],[65.64,-90],[65.67,-90],[65.7,-90],[65.73,-90],[65.76,-90],[65.79,-90],[65.82,-90],[65.85,-90],[65.88,-90],[65.91,-90],[65.94,-90],[65.97,-90],[66,-90],[66.03,-90],[66.06,-90],[66.09,-90],[66.12,-90],[66.15,-90],[66.18,-90],[66.21,-90],[66.24,-90],[66.27,-90],[66.3,-90],[66.33,-90],[66.36,-90],[66.39,-90],[66.42,-90],[66.45,-90],[66.48,-90],[66.51,-90],[66.54,-90],[66.57,-90],[66.6,-90],[66.63,-90],[66.66,-90],[66.69,-90],[66.72,-90],[66.75,-90],[66.78,-90],[66.81,-90],[66.84,-90],[66.87,-90],[66.9,-90],[66.93,-90],[66.96,-90],[66.99,-90],[67.02,-90],[67.05,-90],[67.08,-90],[67.11,-90],[67.14,-90],[67.17,-90],[67.2,-90],[67.23,-90],[67.26,-90],[67.29,-90],[67.32,-90],[67.35,-90],[67.38,-90],[67.41,-90],[67.44,-90],[67.47,-90],[67.5,-90],[67.53,-90],[67.56,-90],[67.59,-90],[67.62,-90],[67.65,-90],[67.68,-90],[67.71,-90],[67.74,-90],[67.77,-90],[67.8,-90],[67.83,-90],[67.86,-90],[67.89,-90],[67.92,-90],[67.95,-90],[67.98,-90],[68.01,-90],[68.04,-90],[68.07,-90],[68.1,-90],[68.13,-90],[68.16,-90],[68.19,-90],[68.22,-90],[68.25,-90],[68.28,-90],[68.31,-90],[68.34,-90],[68.37,-90],[68.4,-90],[68.43,-90],[68.46,-90],[68.49,-90],[68.52,-90],[68.55,-90],[68.58,-90],[68.61,-90],[68.64,-90],[68.67,-90],[68.7,-90],[68.73,-90],[68.76,-90],[68.79,-90],[68.82,-90],[68.85,-90],[68.88,-90],[68.91,-90],[68.94,-90],[68.97,-90],[69,-90],[69.03,-90],[69.06,-90],[69.09,-90],[69.12,-90],[69.15,-90],[69.18,-90],[69.21,-90],[69.24,-90],[69.27,-90],[69.3,-90],[69.33,-90],[69.36,-90],[69.39,-90],[69.42,-90],[69.45,-90],[69.48,-90],[69.51,-90],[69.54,-90],[69.57,-90],[69.6,-90],[69.63,-90],[69.66,-90],[69.69,-90],[69.72,-90],[69.75,-90],[69.78,-90],[69.81,-90],[69.84,-90],[69.87,-90],[69.9,-90],[69.93,-90],[69.96,-90],[69.99,-90],[70.02,-90],[70.05,-90],[70.08,-90],[70.11,-90],[70.14,-90],[70.17,-90],[70.2,-90],[70.23,-90],[70.26,-90],[70.29,-90],[70.32,-90],[70.35,-90],[70.38,-90],[70.41,-90],[70.44,-90],[70.47,-90],[70.5,-90],[70.53,-90],[70.56,-90],[70.59,-90],[70.62,-90],[70.65,-90],[70.68,-90],[70.71,-90],[70.74,-90],[70.77,-90],[70.8,-90],[70.83,-90],[70.86,-90],[70.89,-90],[70.92,-90],[70.95,-90],[70.98,-90],[71.01,-90],[71.04,-90],[71.07,-90],[71.1,-90],[71.13,-90],[71.16,-90],[71.19,-90],[71.22,-90],[71.25,-90],[71.28,-90],[71.31,-90],[71.34,-90],[71.37,-90],[71.4,-90],[71.43,-90],[71.46,-90],[71.49,-90],[71.52,-90],[71.55,-90],[71.58,-90],[71.61,-90],[71.64,-90],[71.67,-90],[71.7,-90],[71.73,-90],[71.76,-90],[71.79,-90],[71.82,-90],[71.85,-90],[71.88,-90],[71.91,-90],[71.94,-90],[71.97,-90],[72,-90],[72.03,-90],[72.06,-90],[72.09,-90],[72.12,-90],[72.15,-90],[72.18,-90],[72.21,-90],[72.24,-90],[72.27,-90],[72.3,-90],[72.33,-90],[72.36,-90],[72.39,-90],[72.42,-90],[72.45,-90],[72.48,-90],[72.51,-90],[72.54,-90],[72.57,-90],[72.6,-90],[72.63,-90],[72.66,-90],[72.69,-90],[72.72,-90],[72.75,-90],[72.78,-90],[72.81,-90],[72.84,-90],[72.87,-90],[72.9,-90],[72.93,-90],[72.96,-90],[72.99,-90],[73.02,-90],[73.05,-90],[73.08,-90],[73.11,-90],[73.14,-90],[73.17,-90],[73.2,-90],[73.23,-90],[73.26,-90],[73.29,-90],[73.32,-90],[73.35,-90],[73.38,-90],[73.41,-90],[73.44,-90],[73.47,-90],[73.5,-90],[73.53,-90],[73.56,-90],[73.59,-90],[73.62,-90],[73.65,-90],[73.68,-90],[73.71,-90],[73.74,-90],[73.77,-90],[73.8,-90],[73.83,-90],[73.86,-90],[73.89,-90],[73.92,-90],[73.95,-90],[73.98,-90],[74.01,-90],[74.04,-90],[74.07,-90],[74.1,-90],[74.13,-90],[74.16,-90],[74.19,-90],[74.22,-90],[74.25,-90],[74.28,-90],[74.31,-90],[74.34,-90],[74.37,-90],[74.4,-90],[74.43,-90],[74.46,-90],[74.49,-90],[74.52,-90],[74.55,-90],[74.58,-90],[74.61,-90],[74.64,-90],[74.67,-90],[74.7,-90],[74.73,-90],[74.76,-90],[74.79,-90],[74.82,-90],[74.85,-90],[74.88,-90],[74.91,-90],[74.94,-90],[74.97,-90],[75,-90],[75.03,-90],[75.06,-90],[75.09,-90],[75.12,-90],[75.15,-90],[75.18,-90],[75.21,-90],[75.24,-90],[75.27,-90],[75.3,-90],[75.33,-90],[75.36,-90],[75.39,-90],[75.42,-90],[75.45,-90],[75.48,-90],[75.51,-90],[75.54,-90],[75.57,-90],[75.6,-90],[75.63,-90],[75.66,-90],[75.69,-90],[75.72,-90],[75.75,-90],[75.78,-90],[75.81,-90],[75.84,-90],[75.87,-90],[75.9,-90],[75.93,-90],[75.96,-90],[75.99,-90],[76.02,-90],[76.05,-90],[76.08,-90],[76.11,-90],[76.14,-90],[76.17,-90],[76.2,-90],[76.23,-90],[76.26,-90],[76.29,-90],[76.32,-90],[76.35,-90],[76.38,-90],[76.41,-90],[76.44,-90],[76.47,-90],[76.5,-90],[76.53,-90],[76.56,-90],[76.59,-90],[76.62,-90],[76.65,-90],[76.68,-90],[76.71,-90],[76.74,-90],[76.77,-90],[76.8,-90],[76.83,-90],[76.86,-90],[76.89,-90],[76.92,-90],[76.95,-90],[76.98,-90],[77.01,-90],[77.04,-90],[77.07,-90],[77.1,-90],[77.13,-90],[77.16,-90],[77.19,-90],[77.22,-90],[77.25,-90],[77.28,-90],[77.31,-90],[77.34,-90],[77.37,-90],[77.4,-90],[77.43,-90],[77.46,-90],[77.49,-90],[77.52,-90],[77.55,-90],[77.58,-90],[77.61,-90],[77.64,-90],[77.67,-90],[77.7,-90],[77.73,-90],[77.76,-90],[77.79,-90],[77.82,-90],[77.85,-90],[77.88,-90],[77.91,-90],[77.94,-90],[77.97,-90],[78,-90],[78.03,-90],[78.06,-90],[78.09,-90],[78.12,-90],[78.15,-90],[78.18,-90],[78.21,-90],[78.24,-90],[78.27,-90],[78.3,-90],[78.33,-90],[78.36,-90],[78.39,-90],[78.42,-90],[78.45,-90],[78.48,-90],[78.51,-90],[78.54,-90],[78.57,-90],[78.6,-90],[78.63,-90],[78.66,-90],[78.69,-90],[78.72,-90],[78.75,-90],[78.78,-90],[78.81,-90],[78.84,-90],[78.87,-90],[78.9,-90],[78.93,-90],[78.96,-90],[78.99,-90],[79.02,-90],[79.05,-90],[79.08,-90],[79.11,-90],[79.14,-90],[79.17,-90],[79.2,-90],[79.23,-90],[79.26,-90],[79.29,-90],[79.32,-90],[79.35,-90],[79.38,-90],[79.41,-90],[79.44,-90],[79.47,-90],[79.5,-90],[79.53,-90],[79.56,-90],[79.59,-90],[79.62,-90],[79.65,-90],[79.68,-90],[79.71,-90],[79.74,-90],[79.77,-90],[79.8,-90],[79.83,-90],[79.86,-90],[79.89,-90],[79.92,-90],[79.95,-90],[79.98,-90],[80.01,-90],[80.04,-90],[80.07,-90],[80.1,-90],[80.13,-90],[80.16,-90],[80.19,-90],[80.22,-90],[80.25,-90],[80.28,-90],[80.31,-90],[80.34,-90],[80.37,-90],[80.4,-90],[80.43,-90],[80.46,-90],[80.49,-90],[80.52,-90],[80.55,-90],[80.58,-90],[80.61,-90],[80.64,-90],[80.67,-90],[80.7,-90],[80.73,-90],[80.76,-90],[80.79,-90],[80.82,-90],[80.85,-90],[80.88,-90],[80.91,-90],[80.94,-90],[80.97,-90],[81,-90],[81.03,-90],[81.06,-90],[81.09,-90],[81.12,-90],[81.15,-90],[81.18,-90],[81.21,-90],[81.24,-90],[81.27,-90],[81.3,-90],[81.33,-90],[81.36,-90],[81.39,-90],[81.42,-90],[81.45,-90],[81.48,-90],[81.51,-90],[81.54,-90],[81.57,-90],[81.6,-90],[81.63,-90],[81.66,-90],[81.69,-90],[81.72,-90],[81.75,-90],[81.78,-90],[81.81,-90],[81.84,-90],[81.87,-90],[81.9,-90],[81.93,-90],[81.96,-90],[81.99,-90],[82.02,-90],[82.05,-90],[82.08,-90],[82.11,-90],[82.14,-90],[82.17,-90],[82.2,-90],[82.23,-90],[82.26,-90],[82.29,-90],[82.32,-90],[82.35,-90],[82.38,-90],[82.41,-90],[82.44,-90],[82.47,-90],[82.5,-90],[82.53,-90],[82.56,-90],[82.59,-90],[82.62,-90],[82.65,-90],[82.68,-90],[82.71,-90],[82.74,-90],[82.77,-90],[82.8,-90],[82.83,-90],[82.86,-90],[82.89,-90],[82.92,-90],[82.95,-90],[82.98,-90],[83.01,-90],[83.04,-90],[83.07,-90],[83.1,-90],[83.13,-90],[83.16,-90],[83.19,-90],[83.22,-90],[83.25,-90],[83.28,-90],[83.31,-90],[83.34,-90],[83.37,-90],[83.4,-90],[83.43,-90],[83.46,-90],[83.49,-90],[83.52,-90],[83.55,-90],[83.58,-90],[83.61,-90],[83.64,-90],[83.67,-90],[83.7,-90],[83.73,-90],[83.76,-90],[83.79,-90],[83.82,-90],[83.85,-90],[83.88,-90],[83.91,-90],[83.94,-90],[83.97,-90],[84,-90],[84.03,-90],[84.06,-90],[84.09,-90],[84.12,-90],[84.15,-90],[84.18,-90],[84.21,-90],[84.24,-90],[84.27,-90],[84.3,-90],[84.33,-90],[84.36,-90],[84.39,-90],[84.42,-90],[84.45,-90],[84.48,-90],[84.51,-90],[84.54,-90],[84.57,-90],[84.6,-90],[84.63,-90],[84.66,-90],[84.69,-90],[84.72,-90],[84.75,-90],[84.78,-90],[84.81,-90],[84.84,-90],[84.87,-90],[84.9,-90],[84.93,-90],[84.96,-90],[84.99,-90],[85.02,-90],[85.05,-90],[85.08,-90],[85.11,-90],[85.14,-90],[85.17,-90],[85.2,-90],[85.23,-90],[85.26,-90],[85.29,-90],[85.32,-90],[85.35,-90],[85.38,-90],[85.41,-90],[85.44,-90],[85.47,-90],[85.5,-90],[85.53,-90],[85.56,-90],[85.59,-90],[85.62,-90],[85.65,-90],[85.68,-90],[85.71,-90],[85.74,-90],[85.77,-90],[85.8,-90],[85.83,-90],[85.86,-90],[85.89,-90],[85.92,-90],[85.95,-90],[85.98,-90],[86.01,-90],[86.04,-90],[86.07,-90],[86.1,-90],[86.13,-90],[86.16,-90],[86.19,-90],[86.22,-90],[86.25,-90],[86.28,-90],[86.31,-90],[86.34,-90],[86.37,-90],[86.4,-90],[86.43,-90],[86.46,-90],[86.49,-90],[86.52,-90],[86.55,-90],[86.58,-90],[86.61,-90],[86.64,-90],[86.67,-90],[86.7,-90],[86.73,-90],[86.76,-90],[86.79,-90],[86.82,-90],[86.85,-90],[86.88,-90],[86.91,-90],[86.94,-90],[86.97,-90],[87,-90],[87.03,-90],[87.06,-90],[87.09,-90],[87.12,-90],[87.15,-90],[87.18,-90],[87.21,-90],[87.24,-90],[87.27,-90],[87.3,-90],[87.33,-90],[87.36,-90],[87.39,-90],[87.42,-90],[87.45,-90],[87.48,-90],[87.51,-90],[87.54,-90],[87.57,-90],[87.6,-90],[87.63,-90],[87.66,-90],[87.69,-90],[87.72,-90],[87.75,-90],[87.78,-90],[87.81,-90],[87.84,-90],[87.87,-90],[87.9,-90],[87.93,-90],[87.96,-90],[87.99,-90],[88.02,-90],[88.05,-90],[88.08,-90],[88.11,-90],[88.14,-90],[88.17,-90],[88.2,-90],[88.23,-90],[88.26,-90],[88.29,-90],[88.32,-90],[88.35,-90],[88.38,-90],[88.41,-90],[88.44,-90],[88.47,-90],[88.5,-90],[88.53,-90],[88.56,-90],[88.59,-90],[88.62,-90],[88.65,-90],[88.68,-90],[88.71,-90],[88.74,-90],[88.77,-90],[88.8,-90],[88.83,-90],[88.86,-90],[88.89,-90],[88.92,-90],[88.95,-90],[88.98,-90],[89.01,-90],[89.04,-90],[89.07,-90],[89.1,-90],[89.13,-90],[89.16,-90],[89.19,-90],[89.22,-90],[89.25,-90],[89.28,-90],[89.31,-90],[89.34,-90],[89.37,-90],[89.4,-90],[89.43,-90],[89.46,-90],[89.49,-90],[89.52,-90],[89.55,-90],[89.58,-90],[89.61,-90],[89.64,-90],[89.67,-90],[89.7,-90],[89.73,-90],[89.76,-90],[89.79,-90],[89.82,-90],[89.85,-90],[89.88,-90],[89.91,-90],[89.94,-90],[89.97,-90],[90,-90],[90.03,-90],[90.06,-90],[90.09,-90],[90.12,-90],[90.15,-90],[90.18,-90],[90.21,-90],[90.24,-90],[90.27,-90],[90.3,-90],[90.33,-90],[90.36,-90],[90.39,-90],[90.42,-90],[90.45,-90],[90.48,-90],[90.51,-90],[90.54,-90],[90.57,-90],[90.6,-90],[90.63,-90],[90.66,-90],[90.69,-90],[90.72,-90],[90.75,-90],[90.78,-90],[90.81,-90],[90.84,-90],[90.87,-90],[90.9,-90],[90.93,-90],[90.96,-90],[90.99,-90],[91.02,-90],[91.05,-90],[91.08,-90],[91.11,-90],[91.14,-90],[91.17,-90],[91.2,-90],[91.23,-90],[91.26,-90],[91.29,-90],[91.32,-90],[91.35,-90],[91.38,-90],[91.41,-90],[91.44,-90],[91.47,-90],[91.5,-90],[91.53,-90],[91.56,-90],[91.59,-90],[91.62,-90],[91.65,-90],[91.68,-90],[91.71,-90],[91.74,-90],[91.77,-90],[91.8,-90],[91.83,-90],[91.86,-90],[91.89,-90],[91.92,-90],[91.95,-90],[91.98,-90],[92.01,-90],[92.04,-90],[92.07,-90],[92.1,-90],[92.13,-90],[92.16,-90],[92.19,-90],[92.22,-90],[92.25,-90],[92.28,-90],[92.31,-90],[92.34,-90],[92.37,-90],[92.4,-90],[92.43,-90],[92.46,-90],[92.49,-90],[92.52,-90],[92.55,-90],[92.58,-90],[92.61,-90],[92.64,-90],[92.67,-90],[92.7,-90],[92.73,-90],[92.76,-90],[92.79,-90],[92.82,-90],[92.85,-90],[92.88,-90],[92.91,-90],[92.94,-90],[92.97,-90],[93,-90],[93.03,-90],[93.06,-90],[93.09,-90],[93.12,-90],[93.15,-90],[93.18,-90],[93.21,-90],[93.24,-90],[93.27,-90],[93.3,-90],[93.33,-90],[93.36,-90],[93.39,-90],[93.42,-90],[93.45,-90],[93.48,-90],[93.51,-90],[93.54,-90],[93.57,-90],[93.6,-90],[93.63,-90],[93.66,-90],[93.69,-90],[93.72,-90],[93.75,-90],[93.78,-90],[93.81,-90],[93.84,-90],[93.87,-90],[93.9,-90],[93.93,-90],[93.96,-90],[93.99,-90],[94.02,-90],[94.05,-90],[94.08,-90],[94.11,-90],[94.14,-90],[94.17,-90],[94.2,-90],[94.23,-90],[94.26,-90],[94.29,-90],[94.32,-90],[94.35,-90],[94.38,-90],[94.41,-90],[94.44,-90],[94.47,-90],[94.5,-90],[94.53,-90],[94.56,-90],[94.59,-90],[94.62,-90],[94.65,-90],[94.68,-90],[94.71,-90],[94.74,-90],[94.77,-90],[94.8,-90],[94.83,-90],[94.86,-90],[94.89,-90],[94.92,-90],[94.95,-90],[94.98,-90],[95.01,-90],[95.04,-90],[95.07,-90],[95.1,-90],[95.13,-90],[95.16,-90],[95.19,-90],[95.22,-90],[95.25,-90],[95.28,-90],[95.31,-90],[95.34,-90],[95.37,-90],[95.4,-90],[95.43,-90],[95.46,-90],[95.49,-90],[95.52,-90],[95.55,-90],[95.58,-90],[95.61,-90],[95.64,-90],[95.67,-90],[95.7,-90],[95.73,-90],[95.76,-90],[95.79,-90],[95.82,-90],[95.85,-90],[95.88,-90],[95.91,-90],[95.94,-90],[95.97,-90],[96,-90],[96.03,-90],[96.06,-90],[96.09,-90],[96.12,-90],[96.15,-90],[96.18,-90],[96.21,-90],[96.24,-90],[96.27,-90],[96.3,-90],[96.33,-90],[96.36,-90],[96.39,-90],[96.42,-90],[96.45,-90],[96.48,-90],[96.51,-90],[96.54,-90],[96.57,-90],[96.6,-90],[96.63,-90],[96.66,-90],[96.69,-90],[96.72,-90],[96.75,-90],[96.78,-90],[96.81,-90],[96.84,-90],[96.87,-90],[96.9,-90],[96.93,-90],[96.96,-90],[96.99,-90],[97.02,-90],[97.05,-90],[97.08,-90],[97.11,-90],[97.14,-90],[97.17,-90],[97.2,-90],[97.23,-90],[97.26,-90],[97.29,-90],[97.32,-90],[97.35,-90],[97.38,-90],[97.41,-90],[97.44,-90],[97.47,-90],[97.5,-90],[97.53,-90],[97.56,-90],[97.59,-90],[97.62,-90],[97.65,-90],[97.68,-90],[97.71,-90],[97.74,-90],[97.77,-90],[97.8,-90],[97.83,-90],[97.86,-90],[97.89,-90],[97.92,-90],[97.95,-90],[97.98,-90],[98.01,-90],[98.04,-90],[98.07,-90],[98.1,-90],[98.13,-90],[98.16,-90],[98.19,-90],[98.22,-90],[98.25,-90],[98.28,-90],[98.31,-90],[98.34,-90],[98.37,-90],[98.4,-90],[98.43,-90],[98.46,-90],[98.49,-90],[98.52,-90],[98.55,-90],[98.58,-90],[98.61,-90],[98.64,-90],[98.67,-90],[98.7,-90],[98.73,-90],[98.76,-90],[98.79,-90],[98.82,-90],[98.85,-90],[98.88,-90],[98.91,-90],[98.94,-90],[98.97,-90],[99,-90],[99.03,-90],[99.06,-90],[99.09,-90],[99.12,-90],[99.15,-90],[99.18,-90],[99.21,-90],[99.24,-90],[99.27,-90],[99.3,-90],[99.33,-90],[99.36,-90],[99.39,-90],[99.42,-90],[99.45,-90],[99.48,-90],[99.51,-90],[99.54,-90],[99.57,-90],[99.6,-90],[99.63,-90],[99.66,-90],[99.69,-90],[99.72,-90],[99.75,-90],[99.78,-90],[99.81,-90],[99.84,-90],[99.87,-90],[99.9,-90],[99.93,-90],[99.96,-90],[99.99,-90],[100.02,-90],[100.05,-90],[100.08,-90],[100.11,-90],[100.14,-90],[100.17,-90],[100.2,-90],[100.23,-90],[100.26,-90],[100.29,-90],[100.32,-90],[100.35,-90],[100.38,-90],[100.41,-90],[100.44,-90],[100.47,-90],[100.5,-90],[100.53,-90],[100.56,-90],[100.59,-90],[100.62,-90],[100.65,-90],[100.68,-90],[100.71,-90],[100.74,-90],[100.77,-90],[100.8,-90],[100.83,-90],[100.86,-90],[100.89,-90],[100.92,-90],[100.95,-90],[100.98,-90],[101.01,-90],[101.04,-90],[101.07,-90],[101.1,-90],[101.13,-90],[101.16,-90],[101.19,-90],[101.22,-90],[101.25,-90],[101.28,-90],[101.31,-90],[101.34,-90],[101.37,-90],[101.4,-90],[101.43,-90],[101.46,-90],[101.49,-90],[101.52,-90],[101.55,-90],[101.58,-90],[101.61,-90],[101.64,-90],[101.67,-90],[101.7,-90],[101.73,-90],[101.76,-90],[101.79,-90],[101.82,-90],[101.85,-90],[101.88,-90],[101.91,-90],[101.94,-90],[101.97,-90],[102,-90],[102.03,-90],[102.06,-90],[102.09,-90],[102.12,-90],[102.15,-90],[102.18,-90],[102.21,-90],[102.24,-90],[102.27,-90],[102.3,-90],[102.33,-90],[102.36,-90],[102.39,-90],[102.42,-90],[102.45,-90],[102.48,-90],[102.51,-90],[102.54,-90],[102.57,-90],[102.6,-90],[102.63,-90],[102.66,-90],[102.69,-90],[102.72,-90],[102.75,-90],[102.78,-90],[102.81,-90],[102.84,-90],[102.87,-90],[102.9,-90],[102.93,-90],[102.96,-90],[102.99,-90],[103.02,-90],[103.05,-90],[103.08,-90],[103.11,-90],[103.14,-90],[103.17,-90],[103.2,-90],[103.23,-90],[103.26,-90],[103.29,-90],[103.32,-90],[103.35,-90],[103.38,-90],[103.41,-90],[103.44,-90],[103.47,-90],[103.5,-90],[103.53,-90],[103.56,-90],[103.59,-90],[103.62,-90],[103.65,-90],[103.68,-90],[103.71,-90],[103.74,-90],[103.77,-90],[103.8,-90],[103.83,-90],[103.86,-90],[103.89,-90],[103.92,-90],[103.95,-90],[103.98,-90],[104.01,-90],[104.04,-90],[104.07,-90],[104.1,-90],[104.13,-90],[104.16,-90],[104.19,-90],[104.22,-90],[104.25,-90],[104.28,-90],[104.31,-90],[104.34,-90],[104.37,-90],[104.4,-90],[104.43,-90],[104.46,-90],[104.49,-90],[104.52,-90],[104.55,-90],[104.58,-90],[104.61,-90],[104.64,-90],[104.67,-90],[104.7,-90],[104.73,-90],[104.76,-90],[104.79,-90],[104.82,-90],[104.85,-90],[104.88,-90],[104.91,-90],[104.94,-90],[104.97,-90],[105,-90],[105.03,-90],[105.06,-90],[105.09,-90],[105.12,-90],[105.15,-90],[105.18,-90],[105.21,-90],[105.24,-90],[105.27,-90],[105.3,-90],[105.33,-90],[105.36,-90],[105.39,-90],[105.42,-90],[105.45,-90],[105.48,-90],[105.51,-90],[105.54,-90],[105.57,-90],[105.6,-90],[105.63,-90],[105.66,-90],[105.69,-90],[105.72,-90],[105.75,-90],[105.78,-90],[105.81,-90],[105.84,-90],[105.87,-90],[105.9,-90],[105.93,-90],[105.96,-90],[105.99,-90],[106.02,-90],[106.05,-90],[106.08,-90],[106.11,-90],[106.14,-90],[106.17,-90],[106.2,-90],[106.23,-90],[106.26,-90],[106.29,-90],[106.32,-90],[106.35,-90],[106.38,-90],[106.41,-90],[106.44,-90],[106.47,-90],[106.5,-90],[106.53,-90],[106.56,-90],[106.59,-90],[106.62,-90],[106.65,-90],[106.68,-90],[106.71,-90],[106.74,-90],[106.77,-90],[106.8,-90],[106.83,-90],[106.86,-90],[106.89,-90],[106.92,-90],[106.95,-90],[106.98,-90],[107.01,-90],[107.04,-90],[107.07,-90],[107.1,-90],[107.13,-90],[107.16,-90],[107.19,-90],[107.22,-90],[107.25,-90],[107.28,-90],[107.31,-90],[107.34,-90],[107.37,-90],[107.4,-90],[107.43,-90],[107.46,-90],[107.49,-90],[107.52,-90],[107.55,-90],[107.58,-90],[107.61,-90],[107.64,-90],[107.67,-90],[107.7,-90],[107.73,-90],[107.76,-90],[107.79,-90],[107.82,-90],[107.85,-90],[107.88,-90],[107.91,-90],[107.94,-90],[107.97,-90],[108,-90],[108.03,-90],[108.06,-90],[108.09,-90],[108.12,-90],[108.15,-90],[108.18,-90],[108.21,-90],[108.24,-90],[108.27,-90],[108.3,-90],[108.33,-90],[108.36,-90],[108.39,-90],[108.42,-90],[108.45,-90],[108.48,-90],[108.51,-90],[108.54,-90],[108.57,-90],[108.6,-90],[108.63,-90],[108.66,-90],[108.69,-90],[108.72,-90],[108.75,-90],[108.78,-90],[108.81,-90],[108.84,-90],[108.87,-90],[108.9,-90],[108.93,-90],[108.96,-90],[108.99,-90],[109.02,-90],[109.05,-90],[109.08,-90],[109.11,-90],[109.14,-90],[109.17,-90],[109.2,-90],[109.23,-90],[109.26,-90],[109.29,-90],[109.32,-90],[109.35,-90],[109.38,-90],[109.41,-90],[109.44,-90],[109.47,-90],[109.5,-90],[109.53,-90],[109.56,-90],[109.59,-90],[109.62,-90],[109.65,-90],[109.68,-90],[109.71,-90],[109.74,-90],[109.77,-90],[109.8,-90],[109.83,-90],[109.86,-90],[109.89,-90],[109.92,-90],[109.95,-90],[109.98,-90],[110.01,-90],[110.04,-90],[110.07,-90],[110.1,-90],[110.13,-90],[110.16,-90],[110.19,-90],[110.22,-90],[110.25,-90],[110.28,-90],[110.31,-90],[110.34,-90],[110.37,-90],[110.4,-90],[110.43,-90],[110.46,-90],[110.49,-90],[110.52,-90],[110.55,-90],[110.58,-90],[110.61,-90],[110.64,-90],[110.67,-90],[110.7,-90],[110.73,-90],[110.76,-90],[110.79,-90],[110.82,-90],[110.85,-90],[110.88,-90],[110.91,-90],[110.94,-90],[110.97,-90],[111,-90],[111.03,-90],[111.06,-90],[111.09,-90],[111.12,-90],[111.15,-90],[111.18,-90],[111.21,-90],[111.24,-90],[111.27,-90],[111.3,-90],[111.33,-90],[111.36,-90],[111.39,-90],[111.42,-90],[111.45,-90],[111.48,-90],[111.51,-90],[111.54,-90],[111.57,-90],[111.6,-90],[111.63,-90],[111.66,-90],[111.69,-90],[111.72,-90],[111.75,-90],[111.78,-90],[111.81,-90],[111.84,-90],[111.87,-90],[111.9,-90],[111.93,-90],[111.96,-90],[111.99,-90],[112.02,-90],[112.05,-90],[112.08,-90],[112.11,-90],[112.1400000000001,-90],[112.17,-90],[112.2,-90],[112.23,-90],[112.2600000000001,-90],[112.29,-90],[112.32,-90],[112.35,-90],[112.38000000000011,-90],[112.41,-90],[112.44,-90],[112.47,-90],[112.50000000000011,-90],[112.53,-90],[112.56,-90],[112.59,-90],[112.62,-90],[112.65,-90],[112.68,-90],[112.71,-90],[112.74,-90],[112.77,-90],[112.8,-90],[112.83,-90],[112.86,-90],[112.8900000000001,-90],[112.92,-90],[112.95,-90],[112.98,-90],[113.0100000000001,-90],[113.04,-90],[113.07,-90],[113.1,-90],[113.13000000000011,-90],[113.16,-90],[113.19,-90],[113.22,-90],[113.25000000000011,-90],[113.28,-90],[113.31,-90],[113.34,-90],[113.37,-90],[113.4,-90],[113.43,-90],[113.46,-90],[113.49,-90],[113.52,-90],[113.55,-90],[113.58,-90],[113.61,-90],[113.6400000000001,-90],[113.67,-90],[113.7,-90],[113.73,-90],[113.7600000000001,-90],[113.79,-90],[113.82,-90],[113.85,-90],[113.88000000000011,-90],[113.91,-90],[113.94,-90],[113.97,-90],[114.00000000000011,-90],[114.03,-90],[114.06,-90],[114.09,-90],[114.12,-90],[114.15,-90],[114.18,-90],[114.21,-90],[114.24,-90],[114.27,-90],[114.3,-90],[114.33,-90],[114.36,-90],[114.3900000000001,-90],[114.42,-90],[114.45,-90],[114.48,-90],[114.5100000000001,-90],[114.54,-90],[114.57,-90],[114.6,-90],[114.63000000000011,-90],[114.66,-90],[114.69,-90],[114.72,-90],[114.75000000000011,-90],[114.78,-90],[114.81,-90],[114.84,-90],[114.87,-90],[114.9,-90],[114.93,-90],[114.96,-90],[114.99,-90],[115.02,-90],[115.05,-90],[115.08,-90],[115.11,-90],[115.1400000000001,-90],[115.17,-90],[115.2,-90],[115.23,-90],[115.2600000000001,-90],[115.29,-90],[115.32,-90],[115.35,-90],[115.38000000000011,-90],[115.41,-90],[115.44,-90],[115.47,-90],[115.50000000000011,-90],[115.53,-90],[115.56,-90],[115.59,-90],[115.62000000000012,-90],[115.65,-90],[115.68,-90],[115.71,-90],[115.74,-90],[115.77,-90],[115.8,-90],[115.83,-90],[115.86,-90],[115.8900000000001,-90],[115.92,-90],[115.95,-90],[115.98,-90],[116.0100000000001,-90],[116.04,-90],[116.07,-90],[116.1,-90],[116.13000000000011,-90],[116.16,-90],[116.19,-90],[116.22,-90],[116.25000000000011,-90],[116.28,-90],[116.31,-90],[116.34,-90],[116.37000000000012,-90],[116.4,-90],[116.43,-90],[116.46,-90],[116.49,-90],[116.52,-90],[116.55,-90],[116.58,-90],[116.61,-90],[116.6400000000001,-90],[116.67,-90],[116.7,-90],[116.73,-90],[116.7600000000001,-90],[116.79,-90],[116.82,-90],[116.85,-90],[116.88000000000011,-90],[116.91,-90],[116.94,-90],[116.97,-90],[117.00000000000011,-90],[117.03,-90],[117.06,-90],[117.09,-90],[117.12000000000012,-90],[117.15,-90],[117.18,-90],[117.21,-90],[117.24,-90],[117.27,-90],[117.3,-90],[117.33,-90],[117.36,-90],[117.3900000000001,-90],[117.42,-90],[117.45,-90],[117.48,-90],[117.5100000000001,-90],[117.54,-90],[117.57,-90],[117.6,-90],[117.63000000000011,-90],[117.66,-90],[117.69,-90],[117.72,-90],[117.75000000000011,-90],[117.78,-90],[117.81,-90],[117.84,-90],[117.87000000000012,-90],[117.9,-90],[117.93,-90],[117.96,-90],[117.99,-90],[118.02,-90],[118.05,-90],[118.08,-90],[118.11,-90],[118.1400000000001,-90],[118.17,-90],[118.2,-90],[118.23,-90],[118.2600000000001,-90],[118.29,-90],[118.32,-90],[118.35,-90],[118.38000000000011,-90],[118.41,-90],[118.44,-90],[118.47,-90],[118.50000000000011,-90],[118.53,-90],[118.56,-90],[118.59,-90],[118.62000000000012,-90],[118.65,-90],[118.68,-90],[118.71,-90],[118.74,-90],[118.77,-90],[118.8,-90],[118.83,-90],[118.86,-90],[118.8900000000001,-90],[118.92,-90],[118.95,-90],[118.98,-90],[119.0100000000001,-90],[119.04,-90],[119.07,-90],[119.1,-90],[119.13000000000011,-90],[119.16,-90],[119.19,-90],[119.22,-90],[119.25000000000011,-90],[119.28,-90],[119.31,-90],[119.34,-90],[119.37000000000012,-90],[119.4,-90],[119.43,-90],[119.46,-90],[119.49,-90],[119.52,-90],[119.55,-90],[119.58,-90],[119.61,-90],[119.6400000000001,-90],[119.67,-90],[119.7,-90],[119.73,-90],[119.7600000000001,-90],[119.79,-90],[119.82,-90],[119.85,-90],[119.88000000000011,-90],[119.91,-90],[119.94,-90],[119.97,-90],[120.00000000000011,-90],[120.03,-90],[120.06,-90],[120.09,-90],[120.12000000000012,-90],[120.15,-90],[120.18,-90],[120.21,-90],[120.24,-90],[120.27,-90],[120.3,-90],[120.33,-90],[120.36,-90],[120.3900000000001,-90],[120.42,-90],[120.45,-90],[120.48,-90],[120.5100000000001,-90],[120.54,-90],[120.57,-90],[120.6,-90],[120.63000000000011,-90],[120.66,-90],[120.69,-90],[120.72,-90],[120.75000000000011,-90],[120.78,-90],[120.81,-90],[120.84,-90],[120.87000000000012,-90],[120.9,-90],[120.93,-90],[120.96,-90],[120.99,-90],[121.02,-90],[121.05,-90],[121.08,-90],[121.11,-90],[121.1400000000001,-90],[121.17,-90],[121.2,-90],[121.23,-90],[121.2600000000001,-90],[121.29,-90],[121.32,-90],[121.35,-90],[121.38000000000011,-90],[121.41,-90],[121.44,-90],[121.47,-90],[121.50000000000011,-90],[121.53,-90],[121.56,-90],[121.59,-90],[121.62000000000012,-90],[121.65,-90],[121.68,-90],[121.71,-90],[121.74,-90],[121.77,-90],[121.8,-90],[121.83,-90],[121.86,-90],[121.8900000000001,-90],[121.92,-90],[121.95,-90],[121.98,-90],[122.0100000000001,-90],[122.04,-90],[122.07,-90],[122.1,-90],[122.13000000000011,-90],[122.16,-90],[122.19,-90],[122.22,-90],[122.25000000000011,-90],[122.28,-90],[122.31,-90],[122.34,-90],[122.37000000000012,-90],[122.4,-90],[122.43,-90],[122.46,-90],[122.49,-90],[122.52,-90],[122.55,-90],[122.58,-90],[122.61,-90],[122.6400000000001,-90],[122.67,-90],[122.7,-90],[122.73,-90],[122.7600000000001,-90],[122.79,-90],[122.82,-90],[122.85,-90],[122.88000000000011,-90],[122.91,-90],[122.94,-90],[122.97,-90],[123.00000000000011,-90],[123.03,-90],[123.06,-90],[123.09,-90],[123.12000000000012,-90],[123.15,-90],[123.18,-90],[123.21,-90],[123.24,-90],[123.27,-90],[123.3,-90],[123.33,-90],[123.36,-90],[123.3900000000001,-90],[123.42,-90],[123.45,-90],[123.48,-90],[123.5100000000001,-90],[123.54,-90],[123.57,-90],[123.6,-90],[123.63000000000011,-90],[123.66,-90],[123.69,-90],[123.72,-90],[123.75000000000011,-90],[123.78,-90],[123.81,-90],[123.84,-90],[123.87000000000012,-90],[123.9,-90],[123.93,-90],[123.96,-90],[123.99,-90],[124.02,-90],[124.05,-90],[124.08,-90],[124.11,-90],[124.1400000000001,-90],[124.17,-90],[124.2,-90],[124.23,-90],[124.2600000000001,-90],[124.29,-90],[124.32,-90],[124.35,-90],[124.38000000000011,-90],[124.41,-90],[124.44,-90],[124.47,-90],[124.50000000000011,-90],[124.53,-90],[124.56,-90],[124.59,-90],[124.62000000000012,-90],[124.65,-90],[124.68,-90],[124.71,-90],[124.74,-90],[124.77,-90],[124.8,-90],[124.83,-90],[124.86,-90],[124.8900000000001,-90],[124.92,-90],[124.95,-90],[124.98,-90],[125.0100000000001,-90],[125.04,-90],[125.07,-90],[125.1,-90],[125.13000000000011,-90],[125.16,-90],[125.19,-90],[125.22,-90],[125.25000000000011,-90],[125.28,-90],[125.31,-90],[125.34,-90],[125.37000000000012,-90],[125.4,-90],[125.43,-90],[125.46,-90],[125.49,-90],[125.52,-90],[125.55,-90],[125.58,-90],[125.61,-90],[125.6400000000001,-90],[125.67,-90],[125.7,-90],[125.73,-90],[125.7600000000001,-90],[125.79,-90],[125.82,-90],[125.85,-90],[125.88000000000011,-90],[125.91,-90],[125.94,-90],[125.97,-90],[126.00000000000011,-90],[126.03,-90],[126.06,-90],[126.09,-90],[126.12000000000012,-90],[126.15,-90],[126.18,-90],[126.21,-90],[126.24,-90],[126.27,-90],[126.3,-90],[126.33,-90],[126.36,-90],[126.3900000000001,-90],[126.42,-90],[126.45,-90],[126.48,-90],[126.5100000000001,-90],[126.54,-90],[126.57,-90],[126.6,-90],[126.63000000000011,-90],[126.66,-90],[126.69,-90],[126.72,-90],[126.75000000000011,-90],[126.78,-90],[126.81,-90],[126.84,-90],[126.87000000000012,-90],[126.9,-90],[126.93,-90],[126.96,-90],[126.99,-90],[127.02,-90],[127.05,-90],[127.08,-90],[127.11,-90],[127.1400000000001,-90],[127.17,-90],[127.2,-90],[127.23,-90],[127.2600000000001,-90],[127.29,-90],[127.32,-90],[127.35,-90],[127.38000000000011,-90],[127.41,-90],[127.44,-90],[127.47,-90],[127.50000000000011,-90],[127.53,-90],[127.56,-90],[127.59,-90],[127.62000000000012,-90],[127.65,-90],[127.68,-90],[127.71,-90],[127.74,-90],[127.77,-90],[127.8,-90],[127.83,-90],[127.86,-90],[127.8900000000001,-90],[127.92,-90],[127.95,-90],[127.98,-90],[128.0100000000001,-90],[128.04,-90],[128.07,-90],[128.1,-90],[128.1300000000001,-90],[128.16,-90],[128.19,-90],[128.22,-90],[128.2500000000001,-90],[128.28,-90],[128.31,-90],[128.34,-90],[128.37000000000012,-90],[128.4,-90],[128.43,-90],[128.46,-90],[128.49,-90],[128.52,-90],[128.55,-90],[128.58,-90],[128.61,-90],[128.6400000000001,-90],[128.67,-90],[128.7,-90],[128.73,-90],[128.7600000000001,-90],[128.79,-90],[128.82,-90],[128.85,-90],[128.8800000000001,-90],[128.91,-90],[128.94,-90],[128.97,-90],[129.0000000000001,-90],[129.03,-90],[129.06,-90],[129.09,-90],[129.12000000000012,-90],[129.15,-90],[129.18,-90],[129.21,-90],[129.24,-90],[129.27,-90],[129.3,-90],[129.33,-90],[129.36,-90],[129.3900000000001,-90],[129.42,-90],[129.45,-90],[129.48,-90],[129.5100000000001,-90],[129.54,-90],[129.57,-90],[129.6,-90],[129.6300000000001,-90],[129.66,-90],[129.69,-90],[129.72,-90],[129.7500000000001,-90],[129.78,-90],[129.81,-90],[129.84,-90],[129.87000000000012,-90],[129.9,-90],[129.93,-90],[129.96,-90],[129.99,-90],[130.02,-90],[130.05,-90],[130.08,-90],[130.11,-90],[130.1400000000001,-90],[130.17,-90],[130.2,-90],[130.23,-90],[130.2600000000001,-90],[130.29,-90],[130.32,-90],[130.35,-90],[130.3800000000001,-90],[130.41,-90],[130.44,-90],[130.47,-90],[130.5000000000001,-90],[130.53,-90],[130.56,-90],[130.59,-90],[130.62000000000012,-90],[130.65,-90],[130.68,-90],[130.71,-90],[130.74,-90],[130.77,-90],[130.8,-90],[130.83,-90],[130.86,-90],[130.8900000000001,-90],[130.92,-90],[130.95,-90],[130.98,-90],[131.0100000000001,-90],[131.04,-90],[131.07,-90],[131.1,-90],[131.1300000000001,-90],[131.16,-90],[131.19,-90],[131.22,-90],[131.2500000000001,-90],[131.28,-90],[131.31,-90],[131.34,-90],[131.37000000000012,-90],[131.4,-90],[131.43,-90],[131.46,-90],[131.49,-90],[131.52,-90],[131.55,-90],[131.58,-90],[131.61,-90],[131.6400000000001,-90],[131.67,-90],[131.7,-90],[131.73,-90],[131.7600000000001,-90],[131.79,-90],[131.82,-90],[131.85,-90],[131.8800000000001,-90],[131.91,-90],[131.94,-90],[131.97,-90],[132.0000000000001,-90],[132.03,-90],[132.06,-90],[132.09,-90],[132.12000000000012,-90],[132.15,-90],[132.18,-90],[132.21,-90],[132.24,-90],[132.27,-90],[132.3,-90],[132.33,-90],[132.36,-90],[132.3900000000001,-90],[132.42,-90],[132.45,-90],[132.48,-90],[132.5100000000001,-90],[132.54,-90],[132.57,-90],[132.6,-90],[132.6300000000001,-90],[132.66,-90],[132.69,-90],[132.72,-90],[132.7500000000001,-90],[132.78,-90],[132.81,-90],[132.84,-90],[132.87000000000012,-90],[132.9,-90],[132.93,-90],[132.96,-90],[132.99,-90],[133.02,-90],[133.05,-90],[133.08,-90],[133.11,-90],[133.1400000000001,-90],[133.17,-90],[133.2,-90],[133.23,-90],[133.2600000000001,-90],[133.29,-90],[133.32,-90],[133.35,-90],[133.3800000000001,-90],[133.41,-90],[133.44,-90],[133.47,-90],[133.5000000000001,-90],[133.53,-90],[133.56,-90],[133.59,-90],[133.62000000000012,-90],[133.65,-90],[133.68,-90],[133.71,-90],[133.74,-90],[133.77,-90],[133.8,-90],[133.83,-90],[133.86,-90],[133.8900000000001,-90],[133.92,-90],[133.95,-90],[133.98,-90],[134.0100000000001,-90],[134.04,-90],[134.07,-90],[134.1,-90],[134.1300000000001,-90],[134.16,-90],[134.19,-90],[134.22,-90],[134.2500000000001,-90],[134.28,-90],[134.31,-90],[134.34,-90],[134.37000000000012,-90],[134.4,-90],[134.43,-90],[134.46,-90],[134.49,-90],[134.52,-90],[134.55,-90],[134.58,-90],[134.61,-90],[134.6400000000001,-90],[134.67,-90],[134.7,-90],[134.73,-90],[134.7600000000001,-90],[134.79,-90],[134.82,-90],[134.85,-90],[134.8800000000001,-90],[134.91,-90],[134.94,-90],[134.97,-90],[135.0000000000001,-90],[135.03,-90],[135.06,-90],[135.09,-90],[135.12000000000012,-90],[135.15,-90],[135.18,-90],[135.21,-90],[135.24,-90],[135.27,-90],[135.3,-90],[135.33,-90],[135.36,-90],[135.3900000000001,-90],[135.42,-90],[135.45,-90],[135.48,-90],[135.5100000000001,-90],[135.54,-90],[135.57,-90],[135.6,-90],[135.6300000000001,-90],[135.66,-90],[135.69,-90],[135.72,-90],[135.7500000000001,-90],[135.78,-90],[135.81,-90],[135.84,-90],[135.87000000000012,-90],[135.9,-90],[135.93,-90],[135.96,-90],[135.99,-90],[136.02,-90],[136.05,-90],[136.08,-90],[136.11,-90],[136.1400000000001,-90],[136.17,-90],[136.2,-90],[136.23,-90],[136.2600000000001,-90],[136.29,-90],[136.32,-90],[136.35,-90],[136.3800000000001,-90],[136.41,-90],[136.44,-90],[136.47,-90],[136.5000000000001,-90],[136.53,-90],[136.56,-90],[136.59,-90],[136.62000000000012,-90],[136.65,-90],[136.68,-90],[136.71,-90],[136.74,-90],[136.77,-90],[136.8,-90],[136.83,-90],[136.86,-90],[136.8900000000001,-90],[136.92,-90],[136.95,-90],[136.98,-90],[137.0100000000001,-90],[137.04,-90],[137.07,-90],[137.1,-90],[137.1300000000001,-90],[137.16,-90],[137.19,-90],[137.22,-90],[137.2500000000001,-90],[137.28,-90],[137.31,-90],[137.34,-90],[137.37000000000012,-90],[137.4,-90],[137.43,-90],[137.46,-90],[137.49,-90],[137.52,-90],[137.55,-90],[137.58,-90],[137.61,-90],[137.6400000000001,-90],[137.67,-90],[137.7,-90],[137.73,-90],[137.7600000000001,-90],[137.79,-90],[137.82,-90],[137.85,-90],[137.8800000000001,-90],[137.91,-90],[137.94,-90],[137.97,-90],[138.0000000000001,-90],[138.03,-90],[138.06,-90],[138.09,-90],[138.12000000000012,-90],[138.15,-90],[138.18,-90],[138.21,-90],[138.24,-90],[138.27,-90],[138.3,-90],[138.33,-90],[138.36,-90],[138.3900000000001,-90],[138.42,-90],[138.45,-90],[138.48,-90],[138.5100000000001,-90],[138.54,-90],[138.57,-90],[138.6,-90],[138.6300000000001,-90],[138.66,-90],[138.69,-90],[138.72,-90],[138.7500000000001,-90],[138.78,-90],[138.81,-90],[138.84,-90],[138.87000000000012,-90],[138.9,-90],[138.93,-90],[138.96,-90],[138.99,-90],[139.02,-90],[139.05,-90],[139.08,-90],[139.11,-90],[139.1400000000001,-90],[139.17,-90],[139.2,-90],[139.23,-90],[139.2600000000001,-90],[139.29,-90],[139.32,-90],[139.35,-90],[139.3800000000001,-90],[139.41,-90],[139.44,-90],[139.47,-90],[139.5000000000001,-90],[139.53,-90],[139.56,-90],[139.59,-90],[139.62000000000012,-90],[139.65,-90],[139.68,-90],[139.71,-90],[139.74,-90],[139.77,-90],[139.8,-90],[139.83,-90],[139.86,-90],[139.8900000000001,-90],[139.92,-90],[139.95,-90],[139.98,-90],[140.0100000000001,-90],[140.04,-90],[140.07,-90],[140.1,-90],[140.1300000000001,-90],[140.16,-90],[140.19,-90],[140.22,-90],[140.2500000000001,-90],[140.28,-90],[140.31,-90],[140.34,-90],[140.37000000000012,-90],[140.4,-90],[140.43,-90],[140.46,-90],[140.49,-90],[140.52,-90],[140.55,-90],[140.58,-90],[140.61,-90],[140.6400000000001,-90],[140.67,-90],[140.7,-90],[140.73,-90],[140.7600000000001,-90],[140.79,-90],[140.82,-90],[140.85,-90],[140.8800000000001,-90],[140.91,-90],[140.94,-90],[140.97,-90],[141.0000000000001,-90],[141.03,-90],[141.06,-90],[141.09,-90],[141.12000000000012,-90],[141.15,-90],[141.18,-90],[141.21,-90],[141.24,-90],[141.27,-90],[141.3,-90],[141.33,-90],[141.36,-90],[141.3900000000001,-90],[141.42,-90],[141.45,-90],[141.48,-90],[141.5100000000001,-90],[141.54,-90],[141.57,-90],[141.6,-90],[141.6300000000001,-90],[141.66,-90],[141.69,-90],[141.72,-90],[141.7500000000001,-90],[141.78,-90],[141.81,-90],[141.84,-90],[141.87000000000012,-90],[141.9,-90],[141.93,-90],[141.96,-90],[141.99,-90],[142.02,-90],[142.05,-90],[142.08,-90],[142.11,-90],[142.1400000000001,-90],[142.17,-90],[142.2,-90],[142.23,-90],[142.2600000000001,-90],[142.29,-90],[142.32,-90],[142.35,-90],[142.3800000000001,-90],[142.41,-90],[142.44,-90],[142.47,-90],[142.5000000000001,-90],[142.53,-90],[142.56,-90],[142.59,-90],[142.62000000000012,-90],[142.65,-90],[142.68,-90],[142.71,-90],[142.74,-90],[142.77,-90],[142.8,-90],[142.83,-90],[142.86,-90],[142.8900000000001,-90],[142.92,-90],[142.95,-90],[142.98,-90],[143.0100000000001,-90],[143.04,-90],[143.07,-90],[143.1,-90],[143.1300000000001,-90],[143.16,-90],[143.19,-90],[143.22,-90],[143.2500000000001,-90],[143.28,-90],[143.31,-90],[143.34,-90],[143.37000000000012,-90],[143.4,-90],[143.43,-90],[143.46,-90],[143.49,-90],[143.52,-90],[143.55,-90],[143.58,-90],[143.61,-90],[143.6400000000001,-90],[143.67,-90],[143.7,-90],[143.73,-90],[143.7600000000001,-90],[143.79,-90],[143.82,-90],[143.85,-90],[143.8800000000001,-90],[143.91,-90],[143.94,-90],[143.97,-90],[144.0000000000001,-90],[144.03,-90],[144.06,-90],[144.09,-90],[144.12000000000012,-90],[144.15,-90],[144.18,-90],[144.21,-90],[144.24,-90],[144.27,-90],[144.3,-90],[144.33,-90],[144.36,-90],[144.3900000000001,-90],[144.42,-90],[144.45,-90],[144.48,-90],[144.5100000000001,-90],[144.54,-90],[144.57,-90],[144.6,-90],[144.6300000000001,-90],[144.66,-90],[144.69,-90],[144.72,-90],[144.7500000000001,-90],[144.78,-90],[144.81,-90],[144.84,-90],[144.87000000000012,-90],[144.9,-90],[144.93,-90],[144.96,-90],[144.99,-90],[145.02,-90],[145.05,-90],[145.08,-90],[145.11,-90],[145.1400000000001,-90],[145.17,-90],[145.2,-90],[145.23,-90],[145.2600000000001,-90],[145.29,-90],[145.32,-90],[145.35,-90],[145.3800000000001,-90],[145.41,-90],[145.44,-90],[145.47,-90],[145.5000000000001,-90],[145.53,-90],[145.56,-90],[145.59,-90],[145.62000000000012,-90],[145.65,-90],[145.68,-90],[145.71,-90],[145.74,-90],[145.77,-90],[145.8,-90],[145.83,-90],[145.86,-90],[145.8900000000001,-90],[145.92,-90],[145.95,-90],[145.98,-90],[146.0100000000001,-90],[146.04,-90],[146.07,-90],[146.1,-90],[146.1300000000001,-90],[146.16,-90],[146.19,-90],[146.22,-90],[146.2500000000001,-90],[146.28,-90],[146.31,-90],[146.34,-90],[146.37000000000012,-90],[146.4,-90],[146.43,-90],[146.46,-90],[146.49,-90],[146.52,-90],[146.55,-90],[146.58,-90],[146.61,-90],[146.6400000000001,-90],[146.67,-90],[146.7,-90],[146.73,-90],[146.7600000000001,-90],[146.79,-90],[146.82,-90],[146.85,-90],[146.8800000000001,-90],[146.91,-90],[146.94,-90],[146.97,-90],[147.0000000000001,-90],[147.03,-90],[147.06,-90],[147.09,-90],[147.12000000000012,-90],[147.15,-90],[147.18,-90],[147.21,-90],[147.24,-90],[147.27,-90],[147.3,-90],[147.33,-90],[147.36,-90],[147.3900000000001,-90],[147.42,-90],[147.45,-90],[147.48,-90],[147.5100000000001,-90],[147.54,-90],[147.57,-90],[147.6,-90],[147.6300000000001,-90],[147.66,-90],[147.69,-90],[147.72,-90],[147.7500000000001,-90],[147.78,-90],[147.81,-90],[147.84,-90],[147.87000000000012,-90],[147.9,-90],[147.93,-90],[147.96,-90],[147.99,-90],[148.02,-90],[148.05,-90],[148.08,-90],[148.11,-90],[148.1400000000001,-90],[148.17,-90],[148.2,-90],[148.23,-90],[148.2600000000001,-90],[148.29,-90],[148.32,-90],[148.35,-90],[148.3800000000001,-90],[148.41,-90],[148.44,-90],[148.47,-90],[148.5000000000001,-90],[148.53,-90],[148.56,-90],[148.59,-90],[148.62000000000012,-90],[148.65,-90],[148.68,-90],[148.71,-90],[148.74,-90],[148.77,-90],[148.8,-90],[148.83,-90],[148.86,-90],[148.8900000000001,-90],[148.92,-90],[148.95,-90],[148.98,-90],[149.0100000000001,-90],[149.04,-90],[149.07,-90],[149.1,-90],[149.1300000000001,-90],[149.16,-90],[149.19,-90],[149.22,-90],[149.2500000000001,-90],[149.28,-90],[149.31,-90],[149.34,-90],[149.37000000000012,-90],[149.4,-90],[149.43,-90],[149.46,-90],[149.49,-90],[149.52,-90],[149.55,-90],[149.58,-90],[149.61,-90],[149.6400000000001,-90],[149.67,-90],[149.7,-90],[149.73,-90],[149.7600000000001,-90],[149.79,-90],[149.82,-90],[149.85,-90],[149.8800000000001,-90],[149.91,-90],[149.94,-90],[149.97,-90],[150.0000000000001,-90],[150.03,-90],[150.06,-90],[150.09,-90],[150.12000000000012,-90],[150.15,-90],[150.18,-90],[150.21,-90],[150.24,-90],[150.27,-90],[150.3,-90],[150.33,-90],[150.36,-90],[150.3900000000001,-90],[150.42,-90],[150.45,-90],[150.48,-90],[150.5100000000001,-90],[150.54,-90],[150.57,-90],[150.6,-90],[150.6300000000001,-90],[150.66,-90],[150.69,-90],[150.72,-90],[150.7500000000001,-90],[150.78,-90],[150.81,-90],[150.84,-90],[150.87000000000012,-90],[150.9,-90],[150.93,-90],[150.96,-90],[150.99,-90],[151.02,-90],[151.05,-90],[151.08,-90],[151.11,-90],[151.1400000000001,-90],[151.17,-90],[151.2,-90],[151.23,-90],[151.2600000000001,-90],[151.29,-90],[151.32,-90],[151.35,-90],[151.3800000000001,-90],[151.41,-90],[151.44,-90],[151.47,-90],[151.5000000000001,-90],[151.53,-90],[151.56,-90],[151.59,-90],[151.62000000000012,-90],[151.65,-90],[151.68,-90],[151.71,-90],[151.74,-90],[151.77,-90],[151.8,-90],[151.83,-90],[151.86,-90],[151.8900000000001,-90],[151.92,-90],[151.95,-90],[151.98,-90],[152.0100000000001,-90],[152.04,-90],[152.07,-90],[152.1,-90],[152.1300000000001,-90],[152.16,-90],[152.19,-90],[152.22,-90],[152.2500000000001,-90],[152.28,-90],[152.31,-90],[152.34,-90],[152.37000000000012,-90],[152.4,-90],[152.43,-90],[152.46,-90],[152.49,-90],[152.52,-90],[152.55,-90],[152.58,-90],[152.61,-90],[152.6400000000001,-90],[152.67,-90],[152.7,-90],[152.73,-90],[152.7600000000001,-90],[152.79,-90],[152.82,-90],[152.85,-90],[152.8800000000001,-90],[152.91,-90],[152.94,-90],[152.97,-90],[153.0000000000001,-90],[153.03,-90],[153.06,-90],[153.09,-90],[153.12000000000012,-90],[153.15,-90],[153.18,-90],[153.21,-90],[153.24000000000012,-90],[153.27,-90],[153.3,-90],[153.33,-90],[153.36,-90],[153.3900000000001,-90],[153.42,-90],[153.45,-90],[153.48,-90],[153.5100000000001,-90],[153.54,-90],[153.57,-90],[153.6,-90],[153.6300000000001,-90],[153.66,-90],[153.69,-90],[153.72,-90],[153.7500000000001,-90],[153.78,-90],[153.81,-90],[153.84,-90],[153.87000000000012,-90],[153.9,-90],[153.93,-90],[153.96,-90],[153.99000000000012,-90],[154.02,-90],[154.05,-90],[154.08,-90],[154.11,-90],[154.1400000000001,-90],[154.17,-90],[154.2,-90],[154.23,-90],[154.2600000000001,-90],[154.29,-90],[154.32,-90],[154.35,-90],[154.3800000000001,-90],[154.41,-90],[154.44,-90],[154.47,-90],[154.5000000000001,-90],[154.53,-90],[154.56,-90],[154.59,-90],[154.62000000000012,-90],[154.65,-90],[154.68,-90],[154.71,-90],[154.74000000000012,-90],[154.77,-90],[154.8,-90],[154.83,-90],[154.86,-90],[154.8900000000001,-90],[154.92,-90],[154.95,-90],[154.98,-90],[155.0100000000001,-90],[155.04,-90],[155.07,-90],[155.1,-90],[155.1300000000001,-90],[155.16,-90],[155.19,-90],[155.22,-90],[155.2500000000001,-90],[155.28,-90],[155.31,-90],[155.34,-90],[155.37000000000012,-90],[155.4,-90],[155.43,-90],[155.46,-90],[155.49000000000012,-90],[155.52,-90],[155.55,-90],[155.58,-90],[155.61,-90],[155.6400000000001,-90],[155.67,-90],[155.7,-90],[155.73,-90],[155.7600000000001,-90],[155.79,-90],[155.82,-90],[155.85,-90],[155.8800000000001,-90],[155.91,-90],[155.94,-90],[155.97,-90],[156.0000000000001,-90],[156.03,-90],[156.06,-90],[156.09,-90],[156.12000000000012,-90],[156.15,-90],[156.18,-90],[156.21,-90],[156.24000000000012,-90],[156.27,-90],[156.3,-90],[156.33,-90],[156.36,-90],[156.3900000000001,-90],[156.42,-90],[156.45,-90],[156.48,-90],[156.5100000000001,-90],[156.54,-90],[156.57,-90],[156.6,-90],[156.6300000000001,-90],[156.66,-90],[156.69,-90],[156.72,-90],[156.7500000000001,-90],[156.78,-90],[156.81,-90],[156.84,-90],[156.87000000000012,-90],[156.9,-90],[156.93,-90],[156.96,-90],[156.99000000000012,-90],[157.02,-90],[157.05,-90],[157.08,-90],[157.11,-90],[157.1400000000001,-90],[157.17,-90],[157.2,-90],[157.23,-90],[157.2600000000001,-90],[157.29,-90],[157.32,-90],[157.35,-90],[157.3800000000001,-90],[157.41,-90],[157.44,-90],[157.47,-90],[157.5000000000001,-90],[157.53,-90],[157.56,-90],[157.59,-90],[157.62000000000012,-90],[157.65,-90],[157.68,-90],[157.71,-90],[157.74000000000012,-90],[157.77,-90],[157.8,-90],[157.83,-90],[157.86,-90],[157.8900000000001,-90],[157.92,-90],[157.95,-90],[157.98,-90],[158.0100000000001,-90],[158.04,-90],[158.07,-90],[158.1,-90],[158.1300000000001,-90],[158.16,-90],[158.19,-90],[158.22,-90],[158.2500000000001,-90],[158.28,-90],[158.31,-90],[158.34,-90],[158.37000000000012,-90],[158.4,-90],[158.43,-90],[158.46,-90],[158.49000000000012,-90],[158.52,-90],[158.55,-90],[158.58,-90],[158.61,-90],[158.6400000000001,-90],[158.67,-90],[158.7,-90],[158.73,-90],[158.7600000000001,-90],[158.79,-90],[158.82,-90],[158.85,-90],[158.8800000000001,-90],[158.91,-90],[158.94,-90],[158.97,-90],[159.0000000000001,-90],[159.03,-90],[159.06,-90],[159.09,-90],[159.12000000000012,-90],[159.15,-90],[159.18,-90],[159.21,-90],[159.24000000000012,-90],[159.27,-90],[159.3,-90],[159.33,-90],[159.36,-90],[159.3900000000001,-90],[159.42,-90],[159.45,-90],[159.48,-90],[159.5100000000001,-90],[159.54,-90],[159.57,-90],[159.6,-90],[159.6300000000001,-90],[159.66,-90],[159.69,-90],[159.72,-90],[159.7500000000001,-90],[159.78,-90],[159.81,-90],[159.84,-90],[159.87000000000012,-90],[159.9,-90],[159.93,-90],[159.96,-90],[159.99000000000012,-90],[160.02,-90],[160.05,-90],[160.08,-90],[160.11,-90],[160.1400000000001,-90],[160.17,-90],[160.2,-90],[160.23,-90],[160.2600000000001,-90],[160.29,-90],[160.32,-90],[160.35,-90],[160.3800000000001,-90],[160.41,-90],[160.44,-90],[160.47,-90],[160.5000000000001,-90],[160.53,-90],[160.56,-90],[160.59,-90],[160.62000000000012,-90],[160.65,-90],[160.68,-90],[160.71,-90],[160.74000000000012,-90],[160.77,-90],[160.8,-90],[160.83,-90],[160.86,-90],[160.8900000000001,-90],[160.92,-90],[160.95,-90],[160.98,-90],[161.0100000000001,-90],[161.04,-90],[161.07,-90],[161.1,-90],[161.1300000000001,-90],[161.16,-90],[161.19,-90],[161.22,-90],[161.2500000000001,-90],[161.28,-90],[161.31,-90],[161.34,-90],[161.37000000000012,-90],[161.4,-90],[161.43,-90],[161.46,-90],[161.49000000000012,-90],[161.52,-90],[161.55,-90],[161.58,-90],[161.61,-90],[161.6400000000001,-90],[161.67,-90],[161.7,-90],[161.73,-90],[161.7600000000001,-90],[161.79,-90],[161.82,-90],[161.85,-90],[161.8800000000001,-90],[161.91,-90],[161.94,-90],[161.97,-90],[162.0000000000001,-90],[162.03,-90],[162.06,-90],[162.09,-90],[162.12000000000012,-90],[162.15,-90],[162.18,-90],[162.21,-90],[162.24000000000012,-90],[162.27,-90],[162.3,-90],[162.33,-90],[162.36,-90],[162.3900000000001,-90],[162.42,-90],[162.45,-90],[162.48,-90],[162.5100000000001,-90],[162.54,-90],[162.57,-90],[162.6,-90],[162.6300000000001,-90],[162.66,-90],[162.69,-90],[162.72,-90],[162.7500000000001,-90],[162.78,-90],[162.81,-90],[162.84,-90],[162.87000000000012,-90],[162.9,-90],[162.93,-90],[162.96,-90],[162.99000000000012,-90],[163.02,-90],[163.05,-90],[163.08,-90],[163.11,-90],[163.1400000000001,-90],[163.17,-90],[163.2,-90],[163.23,-90],[163.2600000000001,-90],[163.29,-90],[163.32,-90],[163.35,-90],[163.3800000000001,-90],[163.41,-90],[163.44,-90],[163.47,-90],[163.5000000000001,-90],[163.53,-90],[163.56,-90],[163.59,-90],[163.62000000000012,-90],[163.65,-90],[163.68,-90],[163.71,-90],[163.74000000000012,-90],[163.77,-90],[163.8,-90],[163.83,-90],[163.86,-90],[163.8900000000001,-90],[163.92,-90],[163.95,-90],[163.98,-90],[164.0100000000001,-90],[164.04,-90],[164.07,-90],[164.1,-90],[164.1300000000001,-90],[164.16,-90],[164.19,-90],[164.22,-90],[164.2500000000001,-90],[164.28,-90],[164.31,-90],[164.34,-90],[164.37000000000012,-90],[164.4,-90],[164.43,-90],[164.46,-90],[164.49000000000012,-90],[164.52,-90],[164.55,-90],[164.58,-90],[164.61,-90],[164.6400000000001,-90],[164.67,-90],[164.7,-90],[164.73,-90],[164.7600000000001,-90],[164.79,-90],[164.82,-90],[164.85,-90],[164.8800000000001,-90],[164.91,-90],[164.94,-90],[164.97,-90],[165.0000000000001,-90],[165.03,-90],[165.06,-90],[165.09,-90],[165.12000000000012,-90],[165.15,-90],[165.18,-90],[165.21,-90],[165.24000000000012,-90],[165.27,-90],[165.3,-90],[165.33,-90],[165.36,-90],[165.3900000000001,-90],[165.42,-90],[165.45,-90],[165.48,-90],[165.5100000000001,-90],[165.54,-90],[165.57,-90],[165.6,-90],[165.6300000000001,-90],[165.66,-90],[165.69,-90],[165.72,-90],[165.7500000000001,-90],[165.78,-90],[165.81,-90],[165.84,-90],[165.87000000000012,-90],[165.9,-90],[165.93,-90],[165.96,-90],[165.99000000000012,-90],[166.02,-90],[166.05,-90],[166.08,-90],[166.11,-90],[166.1400000000001,-90],[166.17,-90],[166.2,-90],[166.23,-90],[166.2600000000001,-90],[166.29,-90],[166.32,-90],[166.35,-90],[166.3800000000001,-90],[166.41,-90],[166.44,-90],[166.47,-90],[166.5000000000001,-90],[166.53,-90],[166.56,-90],[166.59,-90],[166.62000000000012,-90],[166.65,-90],[166.68,-90],[166.71,-90],[166.74000000000012,-90],[166.77,-90],[166.8,-90],[166.83,-90],[166.86,-90],[166.8900000000001,-90],[166.92,-90],[166.95,-90],[166.98,-90],[167.0100000000001,-90],[167.04,-90],[167.07,-90],[167.1,-90],[167.1300000000001,-90],[167.16,-90],[167.19,-90],[167.22,-90],[167.2500000000001,-90],[167.28,-90],[167.31,-90],[167.34,-90],[167.37000000000012,-90],[167.4,-90],[167.43,-90],[167.46,-90],[167.49000000000012,-90],[167.52,-90],[167.55,-90],[167.58,-90],[167.61,-90],[167.6400000000001,-90],[167.67,-90],[167.7,-90],[167.73,-90],[167.7600000000001,-90],[167.79,-90],[167.82,-90],[167.85,-90],[167.8800000000001,-90],[167.91,-90],[167.94,-90],[167.97,-90],[168.0000000000001,-90],[168.03,-90],[168.06,-90],[168.09,-90],[168.12000000000012,-90],[168.15,-90],[168.18,-90],[168.21,-90],[168.24000000000012,-90],[168.27,-90],[168.3,-90],[168.33,-90],[168.36,-90],[168.3900000000001,-90],[168.42,-90],[168.45,-90],[168.48,-90],[168.5100000000001,-90],[168.54,-90],[168.57,-90],[168.6,-90],[168.6300000000001,-90],[168.66,-90],[168.69,-90],[168.72,-90],[168.7500000000001,-90],[168.78,-90],[168.81,-90],[168.84,-90],[168.87000000000012,-90],[168.9,-90],[168.93,-90],[168.96,-90],[168.99000000000012,-90],[169.02,-90],[169.05,-90],[169.08,-90],[169.11,-90],[169.1400000000001,-90],[169.17,-90],[169.2,-90],[169.23,-90],[169.2600000000001,-90],[169.29,-90],[169.32,-90],[169.35,-90],[169.3800000000001,-90],[169.41,-90],[169.44,-90],[169.47,-90],[169.5000000000001,-90],[169.53,-90],[169.56,-90],[169.59,-90],[169.62000000000012,-90],[169.65,-90],[169.68,-90],[169.71,-90],[169.74000000000012,-90],[169.77,-90],[169.8,-90],[169.83,-90],[169.86,-90],[169.8900000000001,-90],[169.92,-90],[169.95,-90],[169.98,-90],[170.0100000000001,-90],[170.04,-90],[170.07,-90],[170.1,-90],[170.1300000000001,-90],[170.16,-90],[170.19,-90],[170.22,-90],[170.2500000000001,-90],[170.28,-90],[170.31,-90],[170.34,-90],[170.37000000000012,-90],[170.4,-90],[170.43,-90],[170.46,-90],[170.49000000000012,-90],[170.52,-90],[170.55,-90],[170.58,-90],[170.61,-90],[170.6400000000001,-90],[170.67,-90],[170.7,-90],[170.73,-90],[170.7600000000001,-90],[170.79,-90],[170.82,-90],[170.85,-90],[170.8800000000001,-90],[170.91,-90],[170.94,-90],[170.97,-90],[171.0000000000001,-90],[171.03,-90],[171.06,-90],[171.09,-90],[171.12000000000012,-90],[171.15,-90],[171.18,-90],[171.21,-90],[171.24000000000012,-90],[171.27,-90],[171.3,-90],[171.33,-90],[171.36,-90],[171.3900000000001,-90],[171.42,-90],[171.45,-90],[171.48,-90],[171.5100000000001,-90],[171.54,-90],[171.57,-90],[171.6,-90],[171.6300000000001,-90],[171.66,-90],[171.69,-90],[171.72,-90],[171.7500000000001,-90],[171.78,-90],[171.81,-90],[171.84,-90],[171.87000000000012,-90],[171.9,-90],[171.93,-90],[171.96,-90],[171.99000000000012,-90],[172.02,-90],[172.05,-90],[172.08,-90],[172.11,-90],[172.1400000000001,-90],[172.17,-90],[172.2,-90],[172.23,-90],[172.2600000000001,-90],[172.29,-90],[172.32,-90],[172.35,-90],[172.3800000000001,-90],[172.41,-90],[172.44,-90],[172.47,-90],[172.5000000000001,-90],[172.53,-90],[172.56,-90],[172.59,-90],[172.62000000000012,-90],[172.65,-90],[172.68,-90],[172.71,-90],[172.74000000000012,-90],[172.77,-90],[172.8,-90],[172.83,-90],[172.86,-90],[172.8900000000001,-90],[172.92,-90],[172.95,-90],[172.98,-90],[173.0100000000001,-90],[173.04,-90],[173.07,-90],[173.1,-90],[173.1300000000001,-90],[173.16,-90],[173.19,-90],[173.22,-90],[173.2500000000001,-90],[173.28,-90],[173.31,-90],[173.34,-90],[173.37000000000012,-90],[173.4,-90],[173.43,-90],[173.46,-90],[173.49000000000012,-90],[173.52,-90],[173.55,-90],[173.58,-90],[173.61,-90],[173.6400000000001,-90],[173.67,-90],[173.7,-90],[173.73,-90],[173.7600000000001,-90],[173.79,-90],[173.82,-90],[173.85,-90],[173.8800000000001,-90],[173.91,-90],[173.94,-90],[173.97,-90],[174.0000000000001,-90],[174.03,-90],[174.06,-90],[174.09,-90],[174.12000000000012,-90],[174.15,-90],[174.18,-90],[174.21,-90],[174.24000000000012,-90],[174.27,-90],[174.3,-90],[174.33,-90],[174.36,-90],[174.3900000000001,-90],[174.42,-90],[174.45,-90],[174.48,-90],[174.5100000000001,-90],[174.54,-90],[174.57,-90],[174.6,-90],[174.6300000000001,-90],[174.66,-90],[174.69,-90],[174.72,-90],[174.7500000000001,-90],[174.78,-90],[174.81,-90],[174.84,-90],[174.87000000000012,-90],[174.9,-90],[174.93,-90],[174.96,-90],[174.99000000000012,-90],[175.02,-90],[175.05,-90],[175.08,-90],[175.11,-90],[175.1400000000001,-90],[175.17,-90],[175.2,-90],[175.23,-90],[175.2600000000001,-90],[175.29,-90],[175.32,-90],[175.35,-90],[175.3800000000001,-90],[175.41,-90],[175.44,-90],[175.47,-90],[175.5000000000001,-90],[175.53,-90],[175.56,-90],[175.59,-90],[175.62000000000012,-90],[175.65,-90],[175.68,-90],[175.71,-90],[175.74000000000012,-90],[175.77,-90],[175.8,-90],[175.83,-90],[175.86,-90],[175.8900000000001,-90],[175.92,-90],[175.95,-90],[175.98,-90],[176.0100000000001,-90],[176.04,-90],[176.07,-90],[176.1,-90],[176.1300000000001,-90],[176.16,-90],[176.19,-90],[176.22,-90],[176.2500000000001,-90],[176.28,-90],[176.31,-90],[176.34,-90],[176.37000000000012,-90],[176.4,-90],[176.43,-90],[176.46,-90],[176.49000000000012,-90],[176.52,-90],[176.55,-90],[176.58,-90],[176.61,-90],[176.6400000000001,-90],[176.67,-90],[176.7,-90],[176.73,-90],[176.7600000000001,-90],[176.79,-90],[176.82,-90],[176.85,-90],[176.8800000000001,-90],[176.91,-90],[176.94,-90],[176.97,-90],[177.0000000000001,-90],[177.03,-90],[177.06,-90],[177.09,-90],[177.12000000000012,-90],[177.15,-90],[177.18,-90],[177.21,-90],[177.24000000000012,-90],[177.27,-90],[177.3,-90],[177.33,-90],[177.36,-90],[177.3900000000001,-90],[177.42,-90],[177.45,-90],[177.48,-90],[177.5100000000001,-90],[177.54,-90],[177.57,-90],[177.6,-90],[177.6300000000001,-90],[177.66,-90],[177.69,-90],[177.72,-90],[177.7500000000001,-90],[177.78,-90],[177.81,-90],[177.84,-90],[177.87000000000012,-90],[177.9,-90],[177.93,-90],[177.96,-90],[177.99000000000012,-90],[178.02,-90],[178.05,-90],[178.08,-90],[178.11,-90],[178.1400000000001,-90],[178.17,-90],[178.2,-90],[178.23,-90],[178.2600000000001,-90],[178.29,-90],[178.32,-90],[178.35,-90],[178.3800000000001,-90],[178.41,-90],[178.44,-90],[178.47,-90],[178.5000000000001,-90],[178.53,-90],[178.56,-90],[178.59,-90],[178.62000000000012,-90],[178.65,-90],[178.68,-90],[178.71,-90],[178.74000000000012,-90],[178.77,-90],[178.8,-90],[178.83,-90],[178.86,-90],[178.8900000000001,-90],[178.92,-90],[178.95,-90],[178.98,-90],[179.0100000000001,-90],[179.04,-90],[179.07,-90],[179.1,-90],[179.1300000000001,-90],[179.16,-90],[179.19,-90],[179.22,-90],[179.2500000000001,-90],[179.28,-90],[179.31,-90],[179.34,-90],[179.37000000000012,-90],[179.4,-90],[179.43,-90],[179.46,-90],[179.49000000000012,-90],[179.52,-90],[179.55,-90],[179.58,-90],[179.61,-90],[179.6400000000001,-90],[179.67,-90],[179.7,-90],[179.73,-90],[179.7600000000001,-90],[179.79,-90],[179.82,-90],[179.85,-90],[179.8800000000001,-90],[179.91,-90],[179.94,-90],[179.97,-90],[180.0000000000001,-90],[180.0000000000001,-89.97],[180.0000000000001,-89.93999999899995],[180.0000000000001,-89.91],[180.0000000000001,-89.88],[180.0000000000001,-89.84999999899998],[180.0000000000001,-89.83333333199994],[180.0000000000001,-89.80333333299996],[180.0000000000001,-89.77333333399997],[180.0000000000001,-89.74333333199996],[180.0000000000001,-89.71333333299998],[180.0000000000001,-89.68333333399994],[180.0000000000001,-89.66666666699996],[180.0000000000001,-89.63666666499995],[180.0000000000001,-89.60666666699996],[180.0000000000001,-89.57666666699998],[180.0000000000001,-89.54666666499998],[180.0000000000001,-89.51666666699998],[180.0000000000001,-89.5],[180.0000000000001,-89.47],[180.0000000000001,-89.43999999899995],[180.0000000000001,-89.41],[180.0000000000001,-89.38],[180.0000000000001,-89.34999999899998],[180.0000000000001,-89.33333333199994],[180.0000000000001,-89.30333333199997],[180.0000000000001,-89.27333333399997],[180.0000000000001,-89.24333333199996],[180.0000000000001,-89.21333333199999],[180.0000000000001,-89.18333333399994],[180.0000000000001,-89.16666666699996],[180.0000000000001,-89.13666666599994],[180.0000000000001,-89.10666666699996],[180.0000000000001,-89.07666666699998],[180.0000000000001,-89.04666666599996],[180.0000000000001,-89.01666666699998],[180.0000000000001,-88.99999999899995],[180.0000000000001,-88.97],[180.0000000000001,-88.94],[180.0000000000001,-88.90999999899998],[180.0000000000001,-88.88],[180.0000000000001,-88.85],[180.0000000000001,-88.83333333299998],[180.0000000000001,-88.80333333199997],[180.0000000000001,-88.77333333399997],[180.0000000000001,-88.74333333299995],[180.0000000000001,-88.71333333199999],[180.0000000000001,-88.68333333399994],[180.0000000000001,-88.66666666699996],[180.0000000000001,-88.63666666699999],[180.0000000000001,-88.60666666499998],[180.0000000000001,-88.57666666699998],[180.0000000000001,-88.54666666699995],[180.0000000000001,-88.51666666499995],[180.0000000000001,-88.49999999899995],[180.0000000000001,-88.47],[180.0000000000001,-88.44],[180.0000000000001,-88.40999999899998],[180.0000000000001,-88.38],[180.0000000000001,-88.35],[180.0000000000001,-88.33333333399997],[180.0000000000001,-88.30333333199997],[180.0000000000001,-88.27333333299998],[180.0000000000001,-88.24333333399994],[180.0000000000001,-88.21333333199999],[180.0000000000001,-88.18333333299995],[180.0000000000001,-88.16666666699996],[180.0000000000001,-88.13666666699999],[180.0000000000001,-88.10666666499998],[180.0000000000001,-88.07666666699998],[180.0000000000001,-88.04666666699995],[180.0000000000001,-88.01666666499995],[180.0000000000001,-87.99999999899995],[180.0000000000001,-87.97],[180.0000000000001,-87.94],[180.0000000000001,-87.90999999899998],[180.0000000000001,-87.88],[180.0000000000001,-87.85],[180.0000000000001,-87.83333333399997],[180.0000000000001,-87.80333333199997],[180.0000000000001,-87.77333333199994],[180.0000000000001,-87.74333333399994],[180.0000000000001,-87.71333333199999],[180.0000000000001,-87.68333333199996],[180.0000000000001,-87.66666666699996],[180.0000000000001,-87.63666666699999],[180.0000000000001,-87.60666666599997],[180.0000000000001,-87.57666666699998],[180.0000000000001,-87.54666666699995],[180.0000000000001,-87.51666666599994],[180.0000000000001,-87.5],[180.0000000000001,-87.46999999899998],[180.0000000000001,-87.44],[180.0000000000001,-87.41],[180.0000000000001,-87.37999999899995],[180.0000000000001,-87.35],[180.0000000000001,-87.33333333399997],[180.0000000000001,-87.30333333299996],[180.0000000000001,-87.27333333199994],[180.0000000000001,-87.24333333399994],[180.0000000000001,-87.21333333299998],[180.0000000000001,-87.18333333199996],[180.0000000000001,-87.16666666499998],[180.0000000000001,-87.13666666699999],[180.0000000000001,-87.10666666699996],[180.0000000000001,-87.07666666499995],[180.0000000000001,-87.04666666699995],[180.0000000000001,-87.01666666699998],[180.0000000000001,-87],[180.0000000000001,-86.96999999899998],[180.0000000000001,-86.94],[180.0000000000001,-86.91],[180.0000000000001,-86.87999999899995],[180.0000000000001,-86.85],[180.0000000000001,-86.83333333299998],[180.0000000000001,-86.80333333399994],[180.0000000000001,-86.77333333199994],[180.0000000000001,-86.74333333299995],[180.0000000000001,-86.71333333399997],[180.0000000000001,-86.68333333199996],[180.0000000000001,-86.66666666499998],[180.0000000000001,-86.63666666699999],[180.0000000000001,-86.60666666699996],[180.0000000000001,-86.57666666499995],[180.0000000000001,-86.54666666699995],[180.0000000000001,-86.51666666699998],[180.0000000000001,-86.5],[180.0000000000001,-86.46999999899998],[180.0000000000001,-86.44],[180.0000000000001,-86.41],[180.0000000000001,-86.37999999899995],[180.0000000000001,-86.35],[180.0000000000001,-86.33333333199994],[180.0000000000001,-86.30333333399994],[180.0000000000001,-86.27333333199994],[180.0000000000001,-86.24333333199996],[180.0000000000001,-86.21333333399997],[180.0000000000001,-86.18333333199996],[180.0000000000001,-86.16666666599997],[180.0000000000001,-86.13666666699999],[180.0000000000001,-86.10666666699996],[180.0000000000001,-86.07666666599994],[180.0000000000001,-86.04666666699995],[180.0000000000001,-86.01666666699998],[180.0000000000001,-86],[180.0000000000001,-85.97],[180.0000000000001,-85.93999999899995],[180.0000000000001,-85.91],[180.0000000000001,-85.88],[180.0000000000001,-85.84999999899998],[180.0000000000001,-85.83333333199994],[180.0000000000001,-85.80333333399994],[180.0000000000001,-85.77333333299998],[180.0000000000001,-85.74333333199996],[180.0000000000001,-85.71333333399997],[180.0000000000001,-85.68333333299995],[180.0000000000001,-85.66666666699996],[180.0000000000001,-85.63666666499995],[180.0000000000001,-85.60666666699996],[180.0000000000001,-85.57666666699998],[180.0000000000001,-85.54666666499998],[180.0000000000001,-85.51666666699998],[180.0000000000001,-85.5],[180.0000000000001,-85.47],[180.0000000000001,-85.43999999899995],[180.0000000000001,-85.41],[180.0000000000001,-85.38],[180.0000000000001,-85.34999999899998],[180.0000000000001,-85.33333333199994],[180.0000000000001,-85.30333333299996],[180.0000000000001,-85.27333333399997],[180.0000000000001,-85.24333333199996],[180.0000000000001,-85.21333333299998],[180.0000000000001,-85.18333333399994],[180.0000000000001,-85.16666666699996],[180.0000000000001,-85.13666666499995],[180.0000000000001,-85.10666666699996],[180.0000000000001,-85.07666666699998],[180.0000000000001,-85.04666666499998],[180.0000000000001,-85.01666666699998],[180.0000000000001,-85],[180.0000000000001,-84.97],[180.0000000000001,-84.93999999899995],[180.0000000000001,-84.91],[180.0000000000001,-84.88],[180.0000000000001,-84.84999999899998],[180.0000000000001,-84.83333333199994],[180.0000000000001,-84.80333333199997],[180.0000000000001,-84.77333333399997],[180.0000000000001,-84.74333333199996],[180.0000000000001,-84.71333333199999],[180.0000000000001,-84.68333333399994],[180.0000000000001,-84.66666666699996],[180.0000000000001,-84.63666666599994],[180.0000000000001,-84.60666666699996],[180.0000000000001,-84.57666666699998],[180.0000000000001,-84.54666666599996],[180.0000000000001,-84.51666666699998],[180.0000000000001,-84.49999999899995],[180.0000000000001,-84.47],[180.0000000000001,-84.44],[180.0000000000001,-84.40999999899998],[180.0000000000001,-84.38],[180.0000000000001,-84.35722666499998],[179.77224148800008,-84.27549028799996],[167.16392817000008,-83.24182122999997],[168.6857651140001,-83.00358194299997],[165.2457679250001,-82.38961480699999],[160.83834110700002,-82.50149820999997],[163.93656511100005,-82.1964628599999],[159.4890606560001,-80.84829567799994],[161.33986820500002,-80.78984912399994],[159.77739699000006,-80.60894312299996],[160.78601752500003,-80.38294978],[158.15035624900008,-80.43527336099999],[161.43616586100006,-79.92651002399998],[159.4818244160001,-79.82631593099995],[161.00588789500011,-78.93236196899994],[162.06794528000012,-79.0698505299999],[161.49628231600002,-78.51766974999998],[162.65296745500007,-78.95184415399996],[164.47260350900012,-78.59003214999996],[167.24575334500003,-78.64792207199997],[165.55247317600003,-78.02671869699998],[163.82078527200008,-78.23489975599995],[164.55609858600008,-77.87921072499995],[162.28725901600012,-76.95464190299998],[162.90456595500007,-75.82745835699995],[162.20042413600004,-75.38604771599995],[160.58061963400007,-75.37992474299995],[162.57225554700005,-75.23965301299995],[163.40831958900003,-74.35237865699997],[163.75454584300007,-74.63069558199999],[165.4311269970001,-74.63960172399999],[164.5087847100001,-73.32705910699997],[165.35765132900008,-73.33373871199996],[165.65099736700006,-73.91764762099996],[166.1102202930001,-73.47957678199998],[167.93876248800007,-73.36491020899996],[166.77428447600005,-73.36769337799996],[166.32730749400002,-72.90624391599994],[169.23293618700006,-73.27028245299994],[169.9242754280001,-72.71921494399999],[168.30725409600007,-72.37521522499998],[170.254359302,-72.61011470899996],[169.760068444,-72.22047101499999],[170.97297360000005,-71.83472375599996],[170.2710583160001,-71.29423228799993],[170.18533670300008,-71.67441320699999],[168.68353857800003,-71.18234888399996],[167.71666558200002,-71.22687959399997],[167.13887964600008,-70.99810308199994],[167.83856839500004,-70.85560481599998],[166.71862109000006,-70.61291245799998],[164.16701152500002,-70.48933974199997],[163.8870246990001,-70.79103528899998],[162.58839792900005,-70.26445966699998],[162.35795151500008,-71.11388292199996],[159.75624490400003,-69.91879004799995],[160.35406965800007,-69.84865418199996],[159.77628372200002,-69.50242792899996],[157.91044705900003,-69.16176801199998],[157.41225976400005,-69.43785840199996],[155.73011227200004,-68.93744457199995],[155.51469497200003,-69.12447354399995],[153.88821086500002,-68.27783346099994],[153.8364439170001,-68.76154827499994],[151.93776585700004,-68.66580725399996],[151.53086651400008,-68.92631189499997],[150.9914883140001,-68.35019586099997],[147.02213233500004,-68.42979450199994],[146.0396735910001,-67.58037124699996],[143.9422772470001,-67.95442919299995],[144.66534461600008,-67.10778910899995],[143.76192788000003,-67.14397030999999],[143.52869829700012,-66.84394466399993],[142.48333992800008,-67.02819046899998],[141.86937279300003,-66.78271494199998],[138.15384184800007,-66.63298043499998],[137.7291302210001,-66.35967321499999],[136.6364579760001,-66.54670218999996],[135.4769896670001,-66.10696144899998],[134.31473819000007,-66.52388019999995],[133.7681237500001,-66.10417827899994],[130.73335600400003,-66.14425591699995],[129.09740912100006,-67.17124536799997],[127.34345586200004,-66.92465657199995],[127.076271614,-67.14842337899995],[126.84192876400004,-66.43704532099997],[125.90233082600002,-66.30512309799997],[124.7345130110001,-66.75710978299998],[124.01422881000008,-66.58566655699997],[118.88707442500004,-67.43286327599998],[120.41225117200008,-66.93801578599994],[118.46403269900009,-67.19072755199994],[116.92605337300006,-66.94914846299997],[113.67809486300007,-67.50188587499997],[115.77827437700012,-66.78327157399997],[114.31154418400001,-66.50551128499995],[113.2210984730001,-65.76407499699997],[110.93500325400004,-66.04628835899996],[110.75799369000003,-66.71146580899995],[108.87044830700006,-66.97419698599998],[108.19358154600008,-66.62184775799994],[107.69261108200004,-66.85006763699994],[107.76186371000006,-66.54494476199994],[103.94145557200005,-65.97893566299996],[101.33529589000005,-65.93830139199997],[98.81764098900004,-66.91797696699996],[99.07647573000008,-66.49103880399997],[98.39348599700008,-66.44094175799995],[95.53517118100007,-66.71146580899995],[94.92677038400006,-66.47099998599998],[93.71330859200003,-66.75376998099995],[91.97482631100007,-66.49919884099995],[84.44201519900008,-67.11446871599998],[83.62543334200006,-67.63714789999995],[78.94080286700006,-68.19656491699993],[77.85592349400008,-69.13115315099998],[75.79136854800004,-69.53471269199997],[75.41452743200006,-69.94216866999994],[73.47577173500008,-69.76794227399995],[72.60742293000004,-70.17317171699995],[72.89130619500008,-70.43534626],[72.33300244200007,-70.68527485899995],[71.70623272900008,-70.76765666699998],[71.54258237700003,-71.61040031599998],[69.58378786100008,-72.45704040099997],[68.37255260500007,-72.49210833299998],[67.24202925700007,-73.32093613399996],[66.32080023700007,-73.13390715999998],[69.26594993400005,-70.44981873899997],[67.20139498700007,-70.25833669499997],[68.16437154600004,-69.71895849699996],[68.94811200500004,-69.98057640499997],[68.74215748100005,-69.38943125699996],[69.72739939400003,-69.32486173099994],[69.87323746400006,-68.87732811499995],[69.26928973600008,-68.83168413999994],[70.19620395500004,-68.49697257299994],[69.60657249100007,-67.74935860699998],[60.476712761000044,-67.37274870699997],[59.508432913000036,-67.61278018499996],[57.59276767600005,-66.99257146099995],[56.12098230700008,-67.40995103899996],[55.74946861800004,-67.20763151199998],[56.72488316000005,-66.91408983199995],[55.991538580000054,-66.58487468399994],[57.299225996000075,-66.59863444999996],[55.605245883000066,-66.01970502599994],[53.769081518000064,-65.84184730499999],[51.733145731000036,-66.05130152599997],[50.226706136000075,-66.48498897199994],[50.88768453700004,-67.21629506799997],[49.68243093700005,-67.28764200599994],[49.241099175000045,-66.81879070999997],[48.33907005200007,-67.02416796199998],[49.40672599000004,-67.21731431199998],[48.39258025500004,-68.02965014099993],[48.455773255000054,-67.73101225199997],[47.28874122700006,-67.76158950999996],[47.44172486100007,-67.41225948499994],[46.516440128000056,-67.27247213499999],[46.40030909700005,-67.75151263399994],[43.08089715600005,-68.04936721999997],[39.85772343000008,-68.82841287899998],[39.008784096000056,-70.20316771099994],[37.76790253400003,-69.67842750199998],[37.03348129900007,-69.89348496399998],[36.62433447500007,-69.62197491599994],[35.17377188800003,-69.72197663799994],[35.17054602700006,-69.27465711499997],[33.599551259000066,-69.06067493999996],[34.36192996500006,-68.71443242399994],[33.319976558000064,-68.66335627499996],[32.490392394000025,-68.91497350799995],[32.762977729000056,-70.01929358099994],[29.823679854000034,-70.31230937199996],[27.284926504000055,-70.98812745099997],[24.905853321000052,-70.93382543999996],[24.084333812000068,-70.40102057599995],[23.310664589000055,-70.82307084799999],[22.332153133000077,-70.77199469899995],[21.742895685000065,-70.22789931999995],[21.137508927000056,-70.83812486899996],[19.529416747000027,-70.95210532599998],[18.982633148000048,-70.17305966599997],[18.073477723000053,-70.54510907699995],[16.48259014100006,-70.45639787399995],[16.53850508200003,-70.13004817299998],[13.843297428000028,-70.35370793499999],[12.952421887000071,-70.03972403899996],[11.851327677000029,-70.78489814899996],[9.29214386800004,-70.07628380799997],[8.273309139000048,-70.49940936599995],[7.515769225000042,-70.18166196499993],[7.535662040000034,-70.54295850299997],[0.688770064000039,-71.21447543099998],[-0.50211063699993,-71.77416247799994],[-1.107497395999928,-71.26017514099993],[-2.087084138999955,-71.48598547799998],[-3.305384665999952,-71.28920789799997],[-3.481194142999925,-71.52738403899997],[-3.958084065999969,-71.28813261099998],[-6.17156300399995,-71.37146737899997],[-5.843600372999958,-70.69457401399995],[-7.901700292999976,-70.83436136499995],[-7.587716396999951,-71.62684811599996],[-8.399020675999964,-71.73975328199998],[-10.202277502999948,-70.92092199399997],[-10.746372883999982,-71.57953547199998],[-12.377583739999977,-71.38006967599995],[-10.850138109999932,-71.77846362699995],[-11.328103320999958,-72.39944205199998],[-13.481903811999928,-72.85321329699997],[-14.388371018999976,-72.70912479799995],[-13.953417299999956,-73.14407851699997],[-15.551294248999966,-73.07579777199999],[-16.465288466999937,-73.42580379199995],[-15.820116077999955,-73.78925090399997],[-16.531418636999945,-73.88548911899994],[-14.357725329999937,-73.86237044299997],[-15.638392520999957,-74.43872444399994],[-17.55831802199998,-74.35538967499997],[-18.881996706999928,-75.23497469999995],[-18.25886770799997,-75.46132267999997],[-25.897708789999967,-75.91993271999996],[-33.71504756799993,-77.30651571199996],[-36.26724200899997,-78.84686478899994],[-33.01826138799993,-79.24257052099995],[-30.257998850999968,-79.03396478099995],[-30.70263015599994,-79.58666246099995],[-22.530446564999977,-79.91623802299995],[-29.709064677999947,-80.17215640499995],[-31.380598807999945,-80.31624490399997],[-30.324129020999976,-80.50119432299994],[-35.41884031899997,-80.62377707599995],[-37.194677318999936,-81.09045177199994],[-38.819436450999945,-80.86141557299999],[-45.526541075999944,-82.52596033699996],[-46.258811735999984,-81.91035834899998],[-54.258411714999966,-82.18455661399997],[-59.57301926699995,-83.47113788499996],[-61.87144590199995,-83.37973846499995],[-62.79834356799995,-82.52058389899997],[-60.399915212999986,-82.16896494899999],[-66.08388395599997,-82.29638649399999],[-66.26291929499996,-81.94745576199995],[-63.467172275999985,-81.84207760499999],[-65.66828541099994,-81.70874197799998],[-62.27629157599995,-81.56142761599995],[-65.37365668599995,-81.50174916899994],[-70.78504009699998,-80.61141127199994],[-72.61356617599995,-80.96518079999998],[-75.54587468299997,-80.89206126299996],[-76.26201603399994,-80.07753111999995],[-79.69218256799996,-79.99312106699995],[-76.75127176199999,-79.96193773499994],[-76.06147494999993,-79.42429407799995],[-80.05455439299999,-79.22912942899995],[-80.80187907599998,-79.54741447399994],[-83.83472694699998,-78.47642831],[-83.81375884499994,-77.96566683499998],[-80.71101729799994,-78.80922973399998],[-77.66956712899997,-78.72374439299995],[-77.58139356999999,-78.37803951899997],[-81.68791582299997,-77.85222402299996],[-80.79005091699997,-77.66404874299997],[-75.07167297699993,-78.23180044599997],[-73.42755867299996,-78.00545246599995],[-72.70120209199996,-77.57587518399998],[-75.48565859299998,-77.55114357599996],[-77.69698695599999,-76.48714677799995],[-69.94040191099998,-76.68499964299997],[-70.08395276799996,-76.40811315899998],[-63.13437085399994,-75.39680544],[-64.43923200899997,-75.31938475299995],[-63.03006798399997,-75.14249998999998],[-64.09944121799998,-75.00540085799997],[-63.26663119299997,-74.66614770999996],[-62.42253065099993,-74.99626091599998],[-62.348873469999944,-74.40377760499996],[-60.68056520099998,-74.32796984999999],[-61.91284446399993,-74.32205576999996],[-60.72626491199998,-73.69677619699996],[-62.070911698999964,-73.13063742499997],[-60.70260859199993,-73.39462045999994],[-59.94668160899994,-72.89353657099997],[-60.784330426999986,-73.07794834699996],[-60.520885034999935,-72.65751100699998],[-61.43219103399997,-72.65267221399995],[-60.66013474299996,-72],[-62.33597002099998,-72.14459895599998],[-62.45962806399996,-71.92308977099998],[-60.792395081999985,-71.78061420199998],[-61.12465886199993,-71.53222283099996],[-62.12306313399995,-71.66287024099995],[-60.907988468999974,-71.20802370699994],[-62.05585767699995,-70.89780331499998],[-61.359071496999945,-70.54833493899997],[-62.41446599599993,-70.40317115199997],[-62.399411973999975,-69.50853210499997],[-63.918792948999965,-68.96820022899993],[-62.841892703999974,-68.43808358299998],[-64.24944379799996,-68.56819334799997],[-64.04352627799994,-68.83593988899997],[-65.26021387499998,-68.63539880499997],[-65.51290639299998,-68.32195255399995],[-64.74891475699997,-68.11495974499996],[-65.76344833799993,-68.16388531899997],[-65.61344575699997,-67.32838707599996],[-64.74891475699997,-67.31387069699997],[-64.63654723099995,-66.77192588899999],[-63.73975761199995,-66.90203565399997],[-63.79943605799997,-66.18589430299994],[-62.63274932099995,-66.73697905199998],[-62.66124443499996,-66.21492706],[-60.97841978799994,-66.34019803199993],[-60.53593905799994,-65.95954632399997],[-62.13435365099997,-66.07352677799997],[-61.70155050699998,-65.53588312199997],[-62.21069905,-65.30953514199996],[-59.964423849999946,-64.37941161399993],[-58.811178204999976,-64.55253287299996],[-59.10580692899998,-64.21919380399999],[-58.271383972999956,-63.73638980099997],[-57.49072538299998,-63.44552458099997],[-56.770820525999966,-63.60681767799997],[-57.279431424999984,-63.21756367199998]]],[[[-55.598217089999935,-63.12328229899998],[-56.551899135999975,-63.37464449399994],[-55.059202615999936,-63.32661350199999],[-55.598217089999935,-63.12328229899998]]],[[[-60.12327029099998,-62.46205563099994],[-61.162568454999985,-62.665113545999986],[-60.25668971599998,-62.75824675299998],[-60.12327029099998,-62.46205563099994]]],[[[-57.95120205999996,-61.93318103099995],[-59.011085968999964,-62.222434343999964],[-57.58776754799993,-62.02550727299996],[-57.95120205999996,-61.93318103099995]]],[[[-55.31476316499993,-61.05525347499997],[-55.23584993299994,-61.27408907599994],[-54.65147285399996,-61.116120474999946],[-55.31476316499993,-61.05525347499997]]]]},"properties":{"id":"ATA","name":"Antarctica","iso":"ATA"}},
{"type":"Feature","geometry":{"type":"Polygon","coordinates":[[[-61.830112456999984,17.17461204500006],[-61.890499114999955,17.027444841000033],[-61.674251555999945,17.044555665000075],[-61.830112456999984,17.17461204500006]]]},"properties":{"id":"ATG","name":"Antigua & Barbuda","iso":"ATG"}},
{"type":"Feature","geometry":{"type":"MultiPolygon","coordinates":[[[[-68.60690241199995,-54.89214274099999],[-67.51833343499999,-54.85127639799998],[-66.47002410899995,-55.05455398599997],[-65.11419677699996,-54.64169311599994],[-66.15172576899994,-54.57297134399994],[-67.76752471799995,-53.83169555499995],[-68.55080413799993,-53.25002670199996],[-68.20408630399999,-53.14169311499995],[-68.60678021599995,-52.6612128],[-68.60690241199995,-54.89214274099999]]],[[[-62.63895237599996,-22.23340368399994],[-62.81337243199994,-21.998749690999944],[-63.93141242099995,-21.999343042999953],[-64.30891227999996,-22.873341985999957],[-64.61709262299996,-22.20502017399997],[-65.74716588499996,-22.109433373999934],[-66.22142391599994,-21.781046025999956],[-67.1807,-22.813797],[-66.9905,-23],[-67.32272,-24.03411],[-68.56121,-24.76379],[-68.34356,-25.11080999899997],[-68.58580199899995,-26.493622],[-68.2933,-27.03882],[-68.841955,-27.154381998999952],[-69.65027,-28.39552],[-70.02112,-29.32958999899995],[-69.819206,-30.186783998999942],[-70.5247,-31.18935],[-70.06482,-33.20502],[-69.76914,-33.34469],[-69.801492,-34.244066],[-70.58097,-35.25778],[-70.42119,-36.15618],[-71.17973,-36.84178],[-70.82692,-38.59678],[-71.437914,-38.93570699899993],[-71.963943,-40.719039],[-71.725351,-42.11049299899997],[-72.176173,-42.141468],[-72.179061,-42.69582899899996],[-71.580747,-43.651853],[-71.840438,-44.35120899899994],[-71.091717,-44.551989],[-71.292405,-44.81359199899998],[-72.07641,-44.778009],[-71.319795,-45.29339099899994],[-71.801202,-45.628033],[-71.645273,-46.684830998999985],[-72.52298,-47.743433],[-72.227787,-48.319129],[-72.52507,-48.790838],[-73.471846,-49.29467799899993],[-73.522085,-50.14868799899995],[-73.200006,-50.820554],[-72.286475,-50.658984],[-72.441837,-51.58334299899997],[-72.007847,-51.97881899899994],[-69.995423,-52.000749],[-68.41856644099994,-52.38337057299998],[-68.96881379499996,-51.62699629499997],[-69.58714570399997,-51.608662858999935],[-68.95547761299997,-51.57113386899994],[-69.16550721499993,-50.98863341099997],[-69.43053712299997,-51.092801347999966],[-68.36209382399994,-50.16785551799995],[-68.72878541399996,-49.75780226499995],[-68.34469880499995,-50.127385394999976],[-67.91884126099995,-50.01035811099996],[-67.57380952199998,-49.04446913299995],[-65.76675691,-47.91863371599993],[-66.09672822299996,-47.79199339599995],[-65.74083985699997,-47.203660265999986],[-66.79545106299997,-46.99985624899995],[-67.62836732299996,-46.053635852999946],[-66.95048035899998,-45.268246905999945],[-65.52253236199994,-44.93280150199996],[-65.33339204199996,-43.66449476899993],[-64.30755891199993,-42.97868849399998],[-64.98044862099994,-42.65407682999995],[-64.39628114099997,-42.51988341099997],[-64.09381379499996,-42.87907911899998],[-63.585925000999964,-42.617799058999935],[-63.76634110799995,-42.07657744199997],[-64.46883668299995,-42.442410722999966],[-65.02839936699996,-42.08366133299995],[-65.13003816099996,-40.85866285999998],[-64.85211457699995,-40.71741224899995],[-63.78467454199995,-41.168271319999974],[-62.309172528999966,-40.87532927199993],[-62.48086823799997,-40.30280043199997],[-62.03756226899998,-39.44782759299994],[-62.31500520099996,-39.299496903999966],[-62.00759019299994,-39.38027311899998],[-62.34217347499998,-38.77157713599996],[-60.846339124999986,-38.98738600499996],[-57.54881181099995,-38.10488249399998],[-56.670061963999956,-36.88866163999995],[-56.69920243599995,-36.41616179199997],[-57.36256303199997,-36.02446867699996],[-57.26170243599995,-35.234494463999965],[-58.63670243599995,-34.27035643199997],[-58.35391165799996,-34.20081476299998],[-58.53756226899998,-33.477883593999934],[-58.21395174299994,-33.08737647799995],[-58.205746,-31.872052],[-57.64848012199997,-30.19384122899993],[-57.60466595099996,-30.18020684199996],[-55.771221,-28.242411],[-53.672658,-26.945529],[-53.842077,-25.687934998999935],[-54.593726,-25.592361998999934],[-54.78803959499999,-26.63315154399993],[-55.735934793999945,-27.44476900799998],[-58.606970471999944,-27.298815730999934],[-57.57396533999997,-25.55991899399993],[-57.75362926299994,-25.176320286999953],[-60.03944369799996,-24.01153321399994],[-60.98737877199994,-23.812963499999967],[-62.63895237599996,-22.23340368399994]]]]},"properties":{"id":"ARG","name":"Argentina","iso":"ARG"}},
{"type":"Feature","geometry":{"type":"Polygon","coordinates":[[[1.725802,42.504403],[1.438552,42.603156],[1.456664001000036,42.435837],[1.725802,42.504403]]]},"properties":{"id":"AND","name":"Andorra","iso":"AND"}},
{"type":"Feature","geometry":{"type":"MultiPolygon","coordinates":[[[[23.999872,-10.889962],[22.249898,-11.26414],[22.32811,-10.38653299899994],[21.790722,-9.416878],[21.740395,-7.283333],[20.553021,-7.283333],[20.627544,-6.916666998999972],[19.547955,-6.999999998999954],[19.381333,-7.999999998999954],[17.565745,-8.128241],[16.940334,-7.23453],[16.578228,-5.873678],[13.431896858000073,-5.860290906999978],[12.273590050000053,-6.139929331999952],[13.395307503000026,-8.401091612999949],[12.991738745000077,-9.085640160999958],[13.781648415000063,-10.683924118999926],[13.794497504000049,-11.810836851999966],[12.532795159000045,-13.418402277999974],[11.736564112000053,-15.859973164999928],[11.750727981000068,-17.251831624999966],[13.168597287000068,-16.963488172999973],[13.95574928700006,-17.43303517399994],[18.421520288000067,-17.389726173999975],[18.903836287000047,-17.819633173999932],[20.826248287000055,-18.03910717399998],[23.434227347000046,-17.637867338999968],[21.999350925000044,-16.206396868999946],[22.00372436600003,-12.999688490999972],[24.05812679400003,-13.000767548999931],[23.999872,-10.889962]]],[[[13.102718434000053,-4.683993672999975],[12.723954094000021,-4.397475601999929],[12.016295275000061,-5.04072158799994],[12.202361491000033,-5.773479203999955],[12.528415,-5.742117],[12.463884,-5.080427],[13.102718434000053,-4.683993672999975]]]]},"properties":{"id":"AGO","name":"Angola","iso":"AGO"}},
{"type":"Feature","geometry":{"type":"Polygon","coordinates":[[[45.015069,41.297086001000025],[43.474063,41.12304],[43.654734923000035,40.11407271100006],[44.35168489000006,40.02772633200004],[44.76713318600008,39.71480823600007],[45.798881933000075,39.57172904400005],[46.14057466000003,38.84468276400003],[46.53362902400005,38.86750804500008],[46.579456,39.55309200100004],[45.610524,39.974218],[45.959272,40.276211001000036],[45.015069,41.297086001000025]]]},"properties":{"id":"ARM","name":"Armenia","iso":"ARM"}},
{"type":"Feature","geometry":{"type":"MultiPolygon","coordinates":[[[[3.998222112000064,51.844528198000035],[3.68405556700003,51.67994308400006],[4.395750045000057,51.69911193900003],[3.998222112000064,51.844528198000035]]],[[[7.21048247300007,53.23885876600008],[6.756639004000021,53.46702957200006],[5.590000153000062,53.30289077900005],[5.35580539700004,52.88414001600006],[5.844139099000074,52.58414077900005],[5.25327777800004,52.31033325200008],[4.930805683000074,52.38416671700003],[5.29080534000002,52.74163818400007],[4.729194641000049,52.965026855000076],[4.007527828000036,51.96327591000005],[4.645750046000046,51.71327590900006],[3.983999967000045,51.58994293200004],[4.226666451000028,51.43291854800003],[3.430638790000046,51.53327941900005],[4.241936953000049,51.375205950000066],[5.038807,51.487174],[6.021017,50.754283],[5.945113,51.82380600100004],[6.83269,51.969633],[7.072342,52.373258],[6.680445,52.55382700100006],[7.21048247300007,53.23885876600008]]]]},"properties":{"id":"NLD","name":"Netherlands","iso":"NLD"}},
{"type":"Feature","geometry":{"type":"MultiPolygon","coordinates":[[[[144.72372436500007,-40.65999984699994],[144.74374389600007,-41.42169570899995],[145.55538940500003,-42.35755538999996],[145.168304443,-42.19625091399996],[145.25041198700012,-42.613388061999956],[145.83670044000007,-43.315418242999954],[146.22999572800006,-43.323806762999936],[146.03334045400004,-43.57125091399996],[146.869964599,-43.64044570999994],[147.19664001500007,-42.72791671599998],[148.00627136200012,-43.230861663999974],[147.9312744140001,-42.344196318999934],[148.20663452200006,-41.95044326699997],[148.36119079600007,-42.197498321999944],[148.22128295900006,-40.84999847399996],[146.6066741950001,-41.26041793699994],[144.72372436500007,-40.65999984699994]]],[[[148.32749939000007,-40.29291534399994],[147.98831176800002,-40.42711257899998],[148.39331054700006,-40.49213790899995],[148.32749939000007,-40.29291534399994]]],[[[147.94004821800002,-39.71955490099998],[147.7562713630001,-39.892555236999954],[148.31166076800002,-40.227085113999976],[147.94004821800002,-39.71955490099998]]],[[[137.62750244100005,-35.563720702999944],[136.54208374000007,-35.90002822899993],[137.4666900630001,-36.075416564999955],[138.13793945300006,-35.845027923999965],[137.62750244100005,-35.563720702999944]]],[[[139.563354494,-16.397943494999936],[139.15458679200003,-16.66586112999994],[139.70747375500002,-16.53294372399995],[139.563354494,-16.397943494999936]]],[[[136.72625732400002,-13.662528037999948],[136.32330322200005,-14.247111318999941],[136.94961547800006,-14.305000303999975],[136.72625732400002,-13.662528037999948]]],[[[130.34954834000007,-11.33336067099998],[130.04249572800006,-11.825416564999955],[130.60958862300004,-11.825860975999944],[130.43293762200005,-11.73919486899996],[130.34954834000007,-11.33336067099998]]],[[[130.39958190900006,-11.163361549999934],[130.487075806,-11.654194831999973],[130.96166992200006,-11.937110900999926],[131.54205322200005,-11.45588874899994],[131.25250244100005,-11.189583778999975],[131.25166320800008,-11.467971800999976],[131.11917114300002,-11.252943992999974],[131.04333496100003,-11.508749960999978],[130.70243835400004,-11.382916448999936],[130.82502746700004,-11.55375003699993],[130.39958190900006,-11.163361549999934]]],[[[142.53955078100012,-10.699222564999957],[142.13038635300006,-10.961694717999933],[142.07960510200007,-11.985860824999975],[141.58619689900002,-12.558361053999931],[141.97666931100002,-12.59538841099993],[141.941253662,-12.911722182999938],[141.81500244200004,-12.675472259999935],[141.59121704100005,-12.969194410999933],[141.73872375500002,-13.384194373999946],[141.4612426770001,-13.852527617999954],[141.66702270500002,-15.04086112799996],[141.2200317380001,-16.696222304999935],[140.60916137700008,-17.613805769999942],[139.59835815400004,-17.538778303999948],[139.03663635200007,-16.912916181999947],[136.67666626000005,-15.926305769999942],[135.41122436500007,-14.934971808999933],[136.072113037,-13.667528150999942],[135.877059937,-13.716694830999927],[135.90953063900008,-13.284999845999948],[136.33163452200006,-13.050416944999938],[136.46166992200006,-13.25377750399997],[136.66455078100012,-13.004194259999963],[136.46208191000005,-12.777500152999949],[136.97795105000012,-12.34833335899998],[136.64707946700003,-12.270055770999932],[136.56413269000006,-11.879611013999977],[136.01669311500007,-12.4987773899999],[136.04621887200005,-12.065860748999967],[135.65289306700004,-12.206666946999974],[135.91250610400004,-11.952917098999933],[135.21539306700004,-12.300861358999953],[134.74836730900006,-11.951250075999951],[134.1503906250001,-12.174194335999971],[133.9158325190001,-11.742083547999925],[133.50833129900002,-11.879583356999944],[132.91250610300006,-11.336250304999965],[132.67419433600003,-11.520388601999969],[132.13583374000007,-11.122944831999973],[132.16836547900004,-11.42125034399993],[131.973327637,-11.12711143499996],[131.76786804200003,-11.325833320999948],[132.72294616700003,-11.623332975999972],[132.76293945300006,-12.154582976999961],[131.46247863700012,-12.285444259999963],[131.287521362,-12.045444488999976],[130.81211853000002,-12.408333777999928],[130.96496582200007,-12.671278],[130.57461548000003,-12.40830516699998],[130.7320861830001,-12.728333473999953],[130.35169982900004,-12.669583320999948],[130.11627197200005,-13.086694715999954],[130.31794738700012,-13.373332975999972],[129.8166351320001,-13.499583242999961],[129.36541748000002,-14.339972494999927],[129.8083343510001,-14.51208305199998],[129.75750732400002,-14.824555396999926],[129.99877929600007,-14.706722259999935],[129.83749389700006,-14.962055206999935],[129.64456176700003,-14.836667059999968],[129.60624694800003,-15.205861090999974],[129.28999328700002,-14.862083434999931],[129.1253814700001,-15.280860900999926],[129.09252929700006,-14.904611586999977],[128.55914306700004,-14.766277313999979],[128.19958496100003,-15.069222450999973],[128.3721160890001,-15.496694564999927],[128.1283111580001,-15.186249732999954],[128.00955200200008,-15.513333318999969],[128.22705078100012,-14.714194297999938],[127.42833709700005,-13.942944525999962],[126.87330627500012,-13.747916221999958],[126.61250305200008,-14.250416755999936],[126.53580474800003,-13.932083129999967],[126.23002624500009,-14.250416755999936],[126.00914001400008,-13.920389175999958],[125.91835785,-14.677083013999948],[125.73583221400008,-14.408749580999938],[125.63999938900008,-14.660444259999963],[125.61416625900006,-14.230472564999957],[125.59999847400002,-14.565443990999938],[125.13788604800004,-14.745833396999956],[125.50705719000007,-15.171667097999944],[124.8295593260001,-15.157472608999967],[125.24913787800006,-15.582111358999953],[124.69999694900002,-15.254555701999948],[124.41294098000003,-15.54669475399993],[124.49500274700006,-16.00297164899996],[124.75038909900002,-15.810889243999952],[124.39128112800006,-16.33922195399998],[124.97624969500009,-16.381721496999944],[124.38578033400006,-16.346250533999978],[124.40002441400009,-16.565444944999967],[123.55750274700006,-16.173749922999946],[123.50458526600005,-16.662500379999926],[123.97127533000003,-16.825834274999977],[123.93127441400009,-17.26752853399995],[123.57125091600005,-17.03416633599994],[123.56669616700003,-17.627082823999956],[122.92124939000007,-16.389139175999958],[122.17292022700008,-17.263334274999977],[122.369552612,-18.117500304999965],[121.1133041380001,-19.539611814999944],[119.55586242600009,-20.087917327999946],[119.09247589100005,-19.957916258999944],[117.37660980200008,-20.777082442999927],[116.8041687010001,-20.523777007999968],[114.64583587800007,-21.837917327999946],[114.33000183100012,-22.522138594999944],[114.02085876500007,-21.84625053299993],[113.3870544450001,-24.225889205999977],[114.27705383300008,-25.846694945999957],[114.23122406000005,-26.315889356999946],[114.07330322300004,-26.463777541999946],[113.87080383400007,-25.94208335899998],[113.72208404600008,-26.200027465999938],[113.50910949700005,-25.505416869999976],[113.8379135130001,-26.59166717499994],[113.58125305200008,-26.64166641099996],[113.36711120700011,-26.012556075999953],[113.38827514600007,-26.39872169499995],[113.15286254900002,-26.149194715999954],[114.86624908600004,-29.112527847999957],[115.05249786400009,-30.507944106999958],[115.88294220000012,-31.961694715999954],[115.70378112800006,-33.290027616999964],[115.37830352800006,-33.63130569499998],[115.00041961700003,-33.52836227299997],[115.02872467000009,-34.26586151099997],[116.62413787800006,-35.05794524999993],[117.953308106,-35.12877654999994],[118.85580444300001,-34.44625091599994],[119.56999969500009,-34.38460922099995],[119.90333557200006,-33.934581754999954],[123.53416442900004,-33.93624877899998],[124.23413848900009,-33.01958465499996],[125.95999908400006,-32.287971496999944],[131.15245056100002,-31.464582441999937],[132.19914245600012,-32.031307219999974],[133.6466369630001,-32.10044479299995],[133.84954833900008,-32.548389433999944],[134.18167114300002,-32.48541641299994],[134.05996704100005,-32.91461181699998],[134.70791626100004,-33.18166732699996],[135.51872253400006,-34.61419296299994],[135.11410522500012,-34.59125137399997],[135.95581054700006,-35.00794601399997],[135.93496704100005,-34.53294372399995],[137.78100586100004,-33],[137.7541351320001,-32.458778379999956],[137.97792053400008,-33.55250167899993],[137.45042419600009,-34.14002609099998],[137.44958496100003,-34.91333389299996],[137.01753235,-34.89461135899995],[136.8253936760001,-35.24672317499994],[137.76252746600005,-35.11794280899994],[138.105804443,-34.14211273199993],[138.56785583500005,-34.82666778599997],[138.09785461400008,-35.62669372399995],[138.89122009300002,-35.53416824399994],[139.38000488300008,-35.83708190899995],[139.72291564900002,-36.28833389299996],[138.8941650390001,-35.56294632],[139.71202087400002,-36.31752777099996],[139.84455871600005,-37.326667784999984],[141.40499877900004,-38.40044403099995],[142.37583923400007,-38.352085113999976],[143.5566406250001,-38.85874938999996],[144.9282989500001,-37.84291839499997],[145.1162567140001,-38.148334501999955],[144.6583557130001,-38.31127929699994],[144.93833923300008,-38.49963760299994],[145.48831176700003,-38.23544311599994],[145.37036132800006,-38.53833389299996],[146.37747192400002,-39.13961029099994],[146.1933288570001,-38.73294448799993],[146.8841705320001,-38.63961029099994],[147.97207641600005,-37.893360137999935],[147.45413208000002,-38.07961273199993],[147.65747070300006,-37.85044479399994],[149.486663818,-37.778778074999934],[149.97961425800008,-37.50505447399996],[150.15296936000004,-35.70097350899994],[150.84294128400006,-35.06669616599993],[150.6029205330001,-34.86583328299997],[151.27542114300002,-33.97005462699997],[151.20121765200008,-33.51083373899996],[152.18743896500007,-32.74377822799994],[151.9291687010001,-32.65544509899996],[152.54292297300003,-32.444221496999944],[152.35955810600012,-32.18666839499997],[153.06541442800005,-31.058389663999947],[153.63958740400005,-28.638360976999934],[153.02458190900006,-27.29419517499997],[153.1929168700001,-25.93169403099995],[151.76956176800002,-24.02086067199997],[151.44583129900002,-24.08880615099997],[150.79164123500004,-23.50961112999994],[150.668304443,-22.347084045999964],[150.63543701100002,-22.660028457999942],[150.04164123600003,-22.125415800999974],[150.06040954600007,-22.65836143499996],[149.8125000000001,-22.38211059599996],[149.6304473880001,-22.584999083999946],[149.48538208000002,-21.537527083999976],[148.6328887940001,-20.552528379999956],[148.93293762200005,-20.535028455999964],[148.7729492190001,-20.23669433599997],[146.26080322300004,-18.863777159999927],[145.95788574200003,-16.89752769499995],[145.402114868,-16.434999465999965],[145.3478851320001,-14.949194907999981],[144.5150299070001,-14.166250227999967],[143.77458190900006,-14.401694296999949],[143.54539489700005,-12.844166755999936],[143.0795593260001,-12.346693992999974],[143.23875427300004,-11.965888976999963],[142.8512268060001,-11.841666220999969],[142.748718262,-10.993332862999978],[142.44166564900002,-10.98541641199995],[142.53955078100012,-10.699222564999957]]]]},"properties":{"id":"AUS","name":"Australia","iso":"AUS"}},
{"type":"Feature","geometry":{"type":"Polygon","coordinates":[[[10.454461741000046,47.55579908300007],[10.232334156000036,47.27049653700004],[9.561842,47.504397],[9.530829993000054,47.270542886000044],[9.607041615000071,47.06077330800008],[10.470390296000062,46.85515993800004],[12.185981088000062,47.09204603500007],[12.442515555000057,46.68833662600008],[13.71407398100007,46.52286817600003],[14.56525212200006,46.37231752800005],[16.113795,46.86908600100003],[16.512438,47.00122],[16.447238,47.696489],[17.093332,47.708121],[17.160807,48.00667800100007],[16.940360811000062,48.616693577000035],[15.02124949000006,49.02067668700005],[14.701512219000051,48.58270599700006],[13.839713060000065,48.77165956500005],[12.758424915000035,48.126212483000074],[13.006828577000022,47.46428554200003],[12.257136994000064,47.742990347000045],[11.269974577000028,47.397517494000056],[10.454461741000046,47.55579908300007]]]},"properties":{"id":"AUT","name":"Austria","iso":"AUT"}},
{"type":"Feature","geometry":{"type":"MultiPolygon","coordinates":[[[[44.76713318600008,39.71480823600007],[44.807855,39.628489],[45.447916,38.995074001000035],[46.14057466000003,38.84468276400003],[45.798881933000075,39.57172904400005],[44.76713318600008,39.71480823600007]]],[[[46.53362902400005,38.86750804500008],[47.98571,39.708781],[48.36842700100004,39.37867100100004],[48.021027,38.837468],[48.879315517000066,38.442238246000045],[48.94538879400005,39.157333374000075],[49.100444794000055,38.938804626000035],[49.439277649000076,39.27388763600004],[49.471138,40.17324829100005],[50.37008285500008,40.246028900000056],[49.54341507000004,40.631526947000054],[48.58099821400003,41.84591013100004],[47.781746,41.185353],[46.425759,41.912340001000075],[46.192246,41.627285001000075],[46.641957,41.107055],[45.459304,41.456112],[45.015069,41.297086001000025],[45.959272,40.276211001000036],[45.610524,39.974218],[46.579456,39.55309200100004],[46.53362902400005,38.86750804500008]]]]},"properties":{"id":"AZE","name":"Azerbaijan","iso":"AZE"}},
{"type":"Feature","geometry":{"type":"MultiPolygon","coordinates":[[[[-73.01755523499997,21.338693620000072],[-73.67544555699999,20.93166732900005],[-73.16005706699997,20.965415954000036],[-73.01755523499997,21.338693620000072]]],[[[-77.67463684099994,24.297527313000046],[-77.93374633799993,24.08494377100004],[-77.53336334199997,23.794610977000048],[-77.67463684099994,24.297527313000046]]],[[[-78.20083618199999,25.20708274800006],[-78.46463775599995,24.596639633000052],[-78.02669525099998,24.234556198000064],[-77.71958160399998,24.512500763000048],[-78.20083618199999,25.20708274800006]]],[[[-76.72083282299997,25.562915803000067],[-76.15208434999994,25.122472763000076],[-76.14416503899997,24.608722688000057],[-76.11377715999998,25.128305435000073],[-76.72083282299997,25.562915803000067]]],[[[-78.56749725299994,26.79874992400005],[-78.76752471899994,26.50627708600007],[-77.88211059599996,26.67330551300006],[-78.56749725299994,26.79874992400005]]],[[[-77.55005645699998,26.902889251000033],[-77.13208007799994,26.54916572600007],[-77.40711212199994,26.004972458000054],[-77.21005248999995,25.844610214000056],[-77.02208709699994,26.555805208000038],[-77.55005645699998,26.902889251000033]]]]},"properties":{"id":"BHS","name":"Bahamas, The","iso":"BHS"}},
{"type":"Feature","geometry":{"type":"Polygon","coordinates":[[[-59.61299896199995,13.335472107000044],[-59.51661300699993,13.046667099000047],[-59.421638488999974,13.155916214000058],[-59.61299896199995,13.335472107000044]]]},"properties":{"id":"BRB","name":"Barbados","iso":"BRB"}},
{"type":"Feature","geometry":{"type":"Polygon","coordinates":[[[28.151226,56.170743],[26.630364976000067,55.68066713800005],[26.439936260000025,55.347938330000034],[26.835479560000067,55.285509270000034],[25.742991110000048,54.815062140000066],[25.785383780000075,54.15461809000004],[23.514978927000072,53.956251018000046],[23.938641,52.713017],[23.178198001000055,52.283037],[23.653408,52.073446001000036],[23.617825999000047,51.507880001000046],[25.258316,51.968677],[27.738159,51.47437600100005],[29.16514,51.653339],[29.32093700100006,51.377604],[30.180675,51.512361],[30.539411,51.262011],[30.949581,52.089521],[31.78176936500006,52.11196101000007],[31.242312,53.032404],[32.235558,53.098328],[32.769427,53.464758],[31.762911001000077,53.79536500100005],[31.898225,54.082686],[30.748675,54.805343],[30.932995,55.623917],[30.167375,55.87885900100008],[29.480903,55.70808000100004],[29.421343,55.969400001000054],[28.151226,56.170743]]]},"properties":{"id":"BLR","name":"Belarus","iso":"BLR"}},
{"type":"Feature","geometry":{"type":"Polygon","coordinates":[[[3.36398585400002,51.37120819200004],[2.543432026000062,51.089532983000026],[2.796297,50.723737001000075],[4.216111,50.26527800100007],[4.144378001000064,49.976541],[4.82499279700005,50.168868649000046],[4.853226,49.792918],[5.818615,49.54638700100003],[6.137668,50.129949],[6.407541001000027,50.33519200100005],[6.021017,50.754283],[5.038807,51.487174],[4.241936953000049,51.375205950000066],[4.23847046000003,51.350237348000064],[3.36398585400002,51.37120819200004]]]},"properties":{"id":"BEL","name":"Belgium","iso":"BEL"}},
{"type":"Feature","geometry":{"type":"Polygon","coordinates":[[[-88.31786264299996,18.487845110000023],[-89.151961,17.815693099000043],[-89.227588,15.896159001000058],[-88.93637261399994,15.890064255000027],[-88.25214661899997,16.803087934000075],[-88.09442414699998,18.35408853000007],[-88.31786264299996,18.487845110000023]]]},"properties":{"id":"BLZ","name":"Belize","iso":"BLZ"}},
{"type":"Feature","geometry":{"type":"Polygon","coordinates":[[[91.64299604700005,27.761111],[91.338926,28.065683],[89.794771,28.246868001000053],[89.12804,27.614839001000064],[89.152022,27.557446001000073],[89.01516010200004,27.50797704100006],[88.92136938200008,27.32728762800008],[88.87525710200003,26.943214074000025],[89.65003208100006,26.717435539000064],[92.05643146600005,26.847273689000076],[92.12328396000004,27.286608960000024],[91.64299604700005,27.761111]]]},"properties":{"id":"BTN","name":"Bhutan","iso":"BTN"}},
{"type":"Feature","geometry":{"type":"Polygon","coordinates":[[[-62.63895237599996,-22.23340368399994],[-61.735058,-19.634401998999977],[-59.068995,-19.287658998999973],[-58.163807,-19.827309998999965],[-58.168512,-20.172244],[-57.859233,-19.97078599899993],[-58.131153,-19.758445998999946],[-57.453803,-18.230185998999957],[-57.752295,-17.564463],[-58.397001,-17.181551],[-58.322201,-16.266370998999946],[-60.173672,-16.266657],[-60.574977,-15.097745],[-60.245063,-15.097172998999952],[-60.467291,-13.795729998999946],[-61.014924,-13.487536],[-61.841094,-13.548913998999979],[-63.158385,-12.614136],[-64.285779,-12.503177998999945],[-65.030527,-11.996604998999942],[-65.361611,-11.249582],[-65.378304,-9.697125],[-66.61991,-9.894046],[-68.542916,-11.109555998999951],[-69.57322732699998,-10.945957327999963],[-68.65230925199995,-12.498130596999943],[-69.06726026799998,-13.672559371999967],[-68.82706174699996,-14.215684350999936],[-69.35574186699995,-14.812279351999962],[-69.11940568099993,-15.258683399999939],[-69.41168017299998,-15.621757421999973],[-69.24361055999998,-16.140833698999927],[-68.81277727899999,-16.344999823999956],[-69.64471998699997,-17.281060957999955],[-69.468453,-17.498344],[-69.05085699899996,-18.056168998999965],[-68.9503,-18.936629998999933],[-68.404933,-19.416173998999966],[-68.738882,-20.456078998999942],[-68.17909,-21.30201],[-67.88303,-22.83262999899995],[-67.1807,-22.813797],[-66.22142391599994,-21.781046025999956],[-65.74716588499996,-22.109433373999934],[-64.61709262299996,-22.20502017399997],[-64.30891227999996,-22.873341985999957],[-63.93141242099995,-21.999343042999953],[-62.81337243199994,-21.998749690999944],[-62.63895237599996,-22.23340368399994]]]},"properties":{"id":"BOL","name":"Bolivia","iso":"BOL"}},
{"type":"Feature","geometry":{"type":"Polygon","coordinates":[[[19.022172066000053,44.85536674200006],[18.67125672000003,45.09499462300005],[15.776677189000054,45.18395964900003],[16.172567084000036,44.208416347000025],[17.581362838000075,42.938432946000034],[17.648963534000075,42.888738997000075],[18.437954598000033,42.555631849000065],[18.687919685000054,43.25475028000005],[19.22415314500006,43.52754507900005],[19.53179913300005,43.66773315900008],[19.236193,44.01261],[19.623654100000067,44.051604894000036],[19.102948,44.371099],[19.366604,44.88735100100007],[19.022172066000053,44.85536674200006]]]},"properties":{"id":"BIH","name":"Bosnia & Herzegovina","iso":"BIH"}},
{"type":"Feature","geometry":{"type":"Polygon","coordinates":[[[25.261752,-17.790483998999946],[24.19565,-18.01839999899994],[23.616093,-18.502334],[23.296928,-18.00078599899996],[20.998769,-18.317333],[20.998739,-22.000342],[19.999147,-21.999917],[19.999318,-24.76233099899997],[20.812929,-25.86947799899997],[20.684838,-26.907545],[21.694893,-26.861044],[22.557512,-26.221495],[23.010153,-25.297213],[24.68248,-25.823829],[25.51401,-25.684040998999933],[25.847132001000034,-24.754618],[26.855801,-24.263498998999978],[27.135312001000045,-23.523343],[28.34302,-22.573314998999933],[29.375304,-22.19547099899995],[28.999486,-21.771061],[28.018256,-21.573539998999934],[27.723918,-20.513677],[27.288662,-20.498941998999953],[27.205938,-20.081982998999933],[26.170226,-19.546351998999967],[25.262913,-17.791340998999942],[25.261752,-17.790483998999946]]]},"properties":{"id":"BWA","name":"Botswana","iso":"BWA"}},
{"type":"Feature","geometry":{"type":"MultiPolygon","coordinates":[[[[15.739222526000049,68.96583557100007],[15.004916191000063,68.30208587600004],[16.53247261000007,68.57499694800003],[16.271554947000027,68.92292022800007],[15.728333473000077,68.53458404500003],[15.739222526000049,68.96583557100007]]],[[[15.15827751200004,69.02122497700003],[14.434833526000034,68.60539245600006],[15.420805931000075,68.68660736100003],[15.15827751200004,69.02122497700003]]],[[[17.493221283000025,69.60121917700008],[17.05333328300003,69.00624847400007],[18.007555008000054,69.19080352900005],[17.493221283000025,69.60121917700008]]],[[[18.786666870000033,69.88208007800006],[18.026500702000078,69.55294799800004],[18.76327705400007,69.56375122100008],[18.786666870000033,69.88208007800006]]],[[[30.822769935000053,69.78961047900003],[29.489833832000045,69.65616607800007],[29.65241622900004,69.97405242900004],[28.556138992000058,70.17247009300007],[30.182443618000036,70.06955719000007],[31.031166077000023,70.39746856700003],[28.972415924000074,70.88458252100008],[27.85347175700008,70.42739105200008],[28.553806305000023,70.97002410900006],[27.657444,71.13122558700007],[27.091028214000062,70.46324920800004],[26.486110687000064,70.35830688600004],[26.659944534000033,70.96788787800006],[24.987527847000024,70.05377960300007],[25.91366577200006,70.87413787800006],[24.639944076000063,70.99208068800004],[23.471611024000026,69.98208618300004],[21.515028,70.31625366200007],[22.118333817000064,69.73625183100006],[21.235027313000046,70.01208496200007],[19.909915924000074,69.27124786400003],[20.332305908000023,69.96080780000005],[19.498277664000057,69.39455413800005],[19.201583862000064,69.76541900600006],[19.549833298000067,69.21458435200003],[18.828332901000067,69.56208038300008],[19,69.28794097900004],[18.148221970000066,69.46544647200005],[17.807249069000022,68.74913788000003],[17.257333755000047,68.76244354400006],[17.690639496000074,68.67077636800008],[16.467445373000032,68.54083252000004],[17.904945373000032,68.41452789300007],[17.333194733000028,68.19372558600003],[16.284944534000033,68.37627410900006],[16.51658248900003,67.81702423100006],[16,68.26702880900007],[15.277500152000073,68.06246948200004],[15.864972115000057,67.90789032000004],[14.849916458000052,67.87791443000003],[14.769888878000074,67.65705871600005],[15.371555329000046,67.87789154100005],[15.85241699200003,67.70913696300005],[15.216555596000035,67.55538940400004],[15.889139175000025,67.58164215200003],[14.310722351000038,67.26494598500005],[15.46997261100006,67.09872436700005],[13.489138604000061,66.95166778700008],[13.989944458000025,66.79705810500008],[13.200750351000067,66.72000122200006],[13.72741699200003,66.60583496200007],[12.974027633000048,66.53083038300008],[13.558305740000037,66.30874633700006],[13.017499924000049,66.17833709700005],[14.170833587000061,66.32324981700003],[12.675833702000034,66.07080841000004],[13.20083332200005,65.82833099300007],[12.673360825000032,65.92539215200003],[12.774888992000058,65.45960998500004],[12.293277740000065,65.58791351300005],[12.04249954200003,65.21749877900004],[12.960833549000029,65.31414032000004],[11.277416229000039,64.87086486900006],[12.170000076000065,64.95955658100007],[11.385861396000053,64.6875],[11.86027812900005,64.44844818100006],[11.218305588000021,64.31208038500006],[10.95494461100003,64.60791778600003],[9.560805321000032,63.77077865600006],[10.110027313000046,63.49619293200004],[11.388305664000029,64.11211395200007],[10.960861206000061,63.44749832300005],[9.826639176000072,63.312889099000074],[9.73161125200005,63.647888185000056],[9.100028038000062,63.287887573000035],[8.514944077000052,63.38205719100006],[8.982500076000065,63.20500183100006],[8.155722618000027,63.11244583100006],[8.698361396000053,62.81624984900003],[7.882555485000069,62.991638185000056],[8.531639099000074,62.66875076300005],[6.98330545500005,62.95622253400006],[6.981666565000069,62.72375106800007],[8.147472383000036,62.694999695000035],[6.259055615000022,62.58499908400006],[6.721694469000056,62.49208450300006],[6.253333568000073,62.45541763300008],[6.810833454000033,62.481639862000065],[7.429138661000025,62.252471924000076],[7.198277950000033,62.09875106800007],[6.728305341000066,62.45208358700006],[6.410888672000056,62.38669586300006],[6.551583290000053,62.104526520000036],[6.348305702000062,62.374553680000076],[5.930777551000062,62.22247314400005],[6.314138889000048,62.05997085700005],[5.097472191000065,62.19163894600007],[5.178360939000072,61.89538955800003],[6.845833301000027,61.87083435200003],[5.189166546000024,61.880832672000054],[4.997444629000029,61.58000183200005],[5.855888844000049,61.45577621600006],[4.97911119500003,61.421611787000074],[5.674110889000076,61.36833190900006],[4.980750084000022,61.284168245000046],[5.231666565000069,61.10455703900004],[6.478333475000056,61.11458206200007],[6.753305435000073,61.418724060000045],[6.599972248000029,61.20622253400006],[7.328305722000039,61.15705490100004],[7.586666584000056,61.49372100900007],[7.71247243800002,61.23419570900006],[7.123361111000065,60.86205673200004],[6.646611215000064,61.175445558000035],[6.409972191000065,61.00622177100007],[5.022500038000032,61.03416824300007],[5.589166641000077,60.87166595600007],[5.458222389000071,60.635417938000046],[4.94747209600007,60.80833435000005],[5.276638985000034,60.54041671900006],[5.799110889000076,60.73333358900004],[5.169194221000055,60.37416839600007],[5.441611290000026,60.13211059500003],[5.765861035000057,60.39083480800008],[5.546638965000056,59.88627624600008],[6.150027752000028,60.373779297000056],[7.140749932000062,60.49583435200003],[5.224194526000076,59.52577591100004],[5.648277759000052,59.25875091700004],[6.597499847000051,59.55830383300008],[5.889111042000025,59.08414077700007],[6.646611215000064,59.052917482000055],[6.284972191000065,58.838748932000044],[5.574166775000037,59.03247070300006],[5.860777855000038,58.429111480000074],[6.938277722000066,58.29458236800008],[6.554111004000049,58.11583328200004],[7.048333168000056,57.98038864300008],[8.21669483200003,58.10874939000007],[9.51830577800007,59.13458252100003],[9.960027694000075,58.96289062500006],[10.399916649000033,59.279582977000075],[10.422444343000052,59.06336212100007],[10.674972534000062,59.91955566400003],[10.587416649000033,59.421665192000034],[11.263707544000056,59.09686791100006],[11.651965074000032,58.90619994100007],[12.60605900400003,60.405326],[12.225101008000024,61.01084401800006],[12.871903839000026,61.35696862200007],[12.137410486000022,61.72320830900003],[12.150585264000028,63.59545172600008],[14.157953,64.19493600100003],[13.654347,64.579649],[14.517823,66.133917],[15.483023845000048,66.28242995900007],[16.743335081000055,67.91670894300006],[17.89850947700006,67.96994278800008],[18.40822352500004,68.58080113800008],[19.921395516000075,68.35721899500004],[20.550329,69.06009],[21.604864,69.27986800100007],[22.37614042000007,68.71663807200008],[23.872356,68.83727500100008],[24.902922,68.554827],[25.901114762000077,69.67236971500006],[27.956076001000042,70.091845],[29.337630001000036,69.478641],[28.930019,69.05181300100003],[30.822769935000053,69.78961047900003]]],[[[25.682388306000064,71.16622161900005],[25.55747222900004,70.93122100900007],[26.223667145000036,71.02749633700006],[25.682388306000064,71.16622161900005]]],[[[22.875,78.24913788000003],[20.814971924000076,78.07830810500008],[20.85494422900007,77.44411468500005],[22.483278275000032,77.61452484100005],[22.676555634000067,77.23711395300006],[24.34508323600005,77.82666778700008],[22.875,78.24913788000003]]],[[[21.20666694700003,78.63372039800004],[20.15833282400007,78.48000335700004],[21.046443939000028,78.20038604900003],[22.20149993900003,78.36411285400004],[21.20666694700003,78.63372039800004]]],[[[16.277444839000054,80.05664062600005],[16.526611328000058,78.90538788000003],[14.726528168000073,79.78878021400004],[14.043222427000046,79.26372528000007],[12.348250389000043,79.58080291700009],[13.806471825000074,79.87702942000004],[10.664889335000055,79.54164123500004],[13,78.20461273300003],[14.798388481000075,78.37916565100005],[15.346528053000043,78.85041809100005],[15.418222427000046,78.45916748000008],[16.569972992000032,78.71622467000003],[17.398389816000076,78.42938995300005],[13.598361015000023,78.05666351400004],[13.949832916000048,77.71624755900007],[16.98974990800002,77.92958069000008],[14.738389015000052,77.65333557200006],[16.099945068000068,77.45955657900004],[13.904916763000074,77.48747253500005],[16.696695328000033,76.55622100800008],[19.028165818000048,78.42250061000004],[21.531415939000055,78.74744415400005],[18.283027649000076,79.62122345000006],[17.671667099000047,79.36077881000006],[16.277444839000054,80.05664062600005]]],[[[19.654777526000032,80.50369262700008],[19.56991577100007,80.13619232300005],[17.73763847400005,80.12583160400004],[18.448333740000066,79.77833557200006],[21.68986129800004,79.80791473300008],[20.099916458000052,79.45291900700005],[24.179971695000063,79.20375061000004],[27.054916382000044,80.09705352900005],[24.270111084000064,80.35797119300008],[23.074722290000068,80.10372162000004],[22.74983406000007,80.50375366300005],[22.230083465000064,79.96958160500003],[19.654777526000032,80.50369262700008]]]]},"properties":{"id":"NOR","name":"Norway","iso":"NOR"}},
{"type":"Feature","geometry":{"type":"Polygon","coordinates":[[[-71.32377572299998,11.84821348500003],[-71.22086610199995,12.297143681000023],[-71.66717042399995,12.46336625300006],[-73.27300538499998,11.290949566000052],[-74.14422883399999,11.339671835000047],[-74.24089326299998,11.225559933000056],[-74.21336640699997,11.075477345000024],[-74.38864411699996,10.741254552000044],[-74.51684083399994,10.970616085000074],[-74.27797974999999,11.000949606000063],[-74.50612153299994,10.99128220800003],[-74.84753693899995,11.112199530000055],[-75.51411713799996,10.573588116000053],[-75.62836732099998,9.440532430000076],[-76.93842591699996,8.556365713000048],[-76.75861634499995,7.920366032000061],[-77.37051446599997,8.677116574000024],[-77.158488,7.931887001000064],[-77.563463,7.507522],[-77.729057,7.695723001000033],[-77.89293941999995,7.22218361900002],[-77.35050449799996,6.552595826000072],[-77.25132449799997,5.795475828000065],[-77.55075449799995,5.49157582600003],[-77.26079449799994,4.71232582600004],[-77.52876449799999,4.200185828000031],[-77.35982449799997,3.930485826000051],[-77.19029449799996,4.111575826000035],[-77.28294449799995,3.841475826000021],[-77.00307449799999,3.907005826000045],[-77.69445449799997,2.714155826000024],[-78.58862449799994,2.408545826000022],[-78.53869449799998,1.74199582600005],[-79.01874449799999,1.631875827000044],[-78.81023059899996,1.428717452000058],[-77.66477581299995,0.817861666000056],[-77.52956836899995,0.406803333000028],[-76.58587586499993,0.218633462000071],[-76.27726878399994,0.436972941000022],[-75.25477189699996,-0.115809998999964],[-74.780478,-0.202793],[-74.269603,-0.981084],[-73.620189,-1.263369],[-72.934034,-2.454762],[-72.148179,-2.469201998999949],[-71.732484,-2.140345],[-70.086844,-2.647869],[-70.71693999899998,-3.798757],[-69.947326,-4.22711],[-69.395481,-1.129407998999966],[-70.065233,-0.164473],[-70.043694,0.563280001000066],[-69.115197,0.644698001000052],[-69.245312,1.055783],[-69.845833,1.07639],[-69.845835,1.713580001000025],[-68.162534,1.727501],[-68.200366,2.03883200100006],[-67.906974,1.804998],[-67.395192,2.232406],[-67.09253,1.170106],[-66.852749,1.228763],[-67.187772,2.348771001000046],[-67.86079977599996,2.789226272000064],[-67.31126963399998,3.375236655000037],[-67.85635831099995,4.527263907000076],[-67.46607032899993,6.209675913000069],[-69.28667427999994,6.059309272000064],[-70.11804404799994,6.979705075000027],[-72.02957429199995,7.020569507000062],[-72.47632295199998,7.489098694000063],[-72.35222200499999,8.15750138900006],[-72.76574944299995,9.106355105000034],[-73.36636874999994,9.172802549000039],[-72.49774169799997,11.085892908000062],[-71.97235805899999,11.643960278000066],[-71.37822213699997,11.812225644000023],[-71.33354008799995,11.850526776000038],[-71.32377572299998,11.84821348500003]]]},"properties":{"id":"COL","name":"Colombia","iso":"COL"}},
{"type":"Feature","geometry":{"type":"MultiPolygon","coordinates":[[[[44.48880767800006,-12.119833944999982],[44.20436096200007,-12.170717238999941],[44.51573562600004,-12.384345053999937],[44.48880767800006,-12.119833944999982]]],[[[43.356742859000065,-11.365254401999948],[43.23099841800007,-11.750373164999928],[43.47051239000007,-11.938237189999938],[43.356742859000065,-11.365254401999948]]]]},"properties":{"id":"COM","name":"Comoros","iso":"COM"}},
{"type":"Feature","geometry":{"type":"MultiPolygon","coordinates":[[[[-49.55083465599995,0.082083337000029],[-49.831275939999955,-0.098333336999929],[-49.44252777099996,-0.11711110899995],[-49.55083465599995,0.082083337000029]]],[[[-49.67586135899995,0.366194458000052],[-50.39772033699995,0.133611114000075],[-49.98416518999994,-0.062944441999946],[-49.67586135899995,0.366194458000052]]],[[[-57.60466595099996,-30.18020684199996],[-57.613003376999984,-30.18917643599997],[-56.808372,-30.103355998999973],[-56.01107290999994,-31.081567863999965],[-55.57808561199994,-30.83202674699993],[-53.745591091999984,-32.07853119599997],[-53.077931586999966,-32.73457383799996],[-53.52041965099994,-33.152119411999934],[-53.36935355899993,-33.74425153999994],[-52.10256089599994,-32.162801043999934],[-52.27381409999998,-31.77657820299993],[-51.28503312399994,-30.81113364],[-51.305033582999954,-30.006161943999928],[-50.92881287999995,-30.44157911999997],[-50.60047807099994,-30.195718066999973],[-50.57006348999994,-30.46535612699995],[-51.26336945899993,-31.480300204999935],[-52.10753526099995,-31.841134325999974],[-52.086283582999954,-32.16574598999995],[-50.82670106299997,-31.176995530999932],[-49.69753541399996,-29.298661486999947],[-48.76336945899993,-28.539494769999976],[-48.46672715599993,-27.147801654999967],[-48.81342210199995,-26.310357348999958],[-48.35000504799996,-25.57280089099993],[-48.74214448399994,-25.37407805099997],[-48.333422559999974,-25.23113371499994],[-48.215479749999986,-25.470772997999973],[-47.57378281999996,-24.679911868999966],[-46.38144959899995,-23.89982916499997],[-45.432951825999965,-23.833216921999963],[-44.59208954999997,-23.364911332999952],[-44.671313184999974,-23.057412402999944],[-43.28884019299994,-23.0190499],[-43.08461655999997,-22.67991186699993],[-43.05214585599998,-22.98324515099995],[-42.01631059099998,-22.998244538999927],[-41.96839417799998,-22.537827746999938],[-40.98589600899993,-22.003634706999947],[-41.070921795999936,-21.499495760999935],[-39.81003465099997,-19.60613371599993],[-39.700034039999935,-18.374467150999976],[-39.13833894099997,-17.691939608999974],[-38.8470334,-12.83593966099994],[-38.692145246999985,-12.585745110999937],[-38.54342164399998,-13.011162058999957],[-38.24675645299993,-12.862022654999976],[-37.048338788999956,-10.897773043999962],[-35.30089463599995,-9.192800775999956],[-34.795061963999956,-7.331161752999947],[-35.48714722999995,-5.16074539899995],[-37.15161790199994,-4.975301042999945],[-38.47628297199998,-3.70407869],[-39.96711625399996,-2.85324527399996],[-42.262144940999974,-2.860717549999947],[-43.42294968999994,-2.333245293999937],[-43.45961655999997,-2.588217512999961],[-43.94631089599994,-2.559884086999944],[-44.08797730799995,-2.968245282999931],[-44.37217225499995,-2.763245360999974],[-44.81961716999996,-3.359078661999945],[-44.545061963999956,-2.539439694999942],[-44.75083817799998,-2.624467387999971],[-44.36175813099993,-2.337856307999971],[-44.49961747499998,-2.14821745699993],[-44.63670243599995,-2.468634144999953],[-44.99089707699994,-2.446106448999956],[-44.48422898699994,-2.051995293999937],[-44.96383943,-1.625689759999943],[-44.83420075799995,-1.41530086299997],[-45.23923005499995,-1.547800795999933],[-45.24045075799995,-1.852412000999948],[-45.327952283999934,-1.319023027999947],[-45.524645703999965,-1.512356416999978],[-45.41711701799994,-1.292411939999965],[-45.69631089599994,-1.43241192499994],[-45.98881043799997,-1.046578661999945],[-46.149229901999945,-1.305356399999937],[-46.19795121599998,-0.889939741999967],[-46.34795274199996,-1.114911930999938],[-47.316283124999984,-0.592411951999964],[-47.368395703999965,-0.830300824999938],[-48.05464448299995,-0.660773055999925],[-48.49592484799996,-1.463689699999975],[-48.068365949999986,-1.551161901999933],[-48.49378480299998,-1.519050852999953],[-48.447924511999986,-1.708245293999937],[-48.65378465099997,-1.395773067999926],[-49.48714722999995,-2.38405086299997],[-49.28378571799993,-1.728245274999949],[-50.44383897199998,-1.958023086999958],[-48.89753617599996,-1.50285638899993],[-48.390868084999966,-0.283661946999928],[-50.340479749999986,-0.097384169999941],[-50.709227460999955,-0.363661960999934],[-50.55089463599995,-0.673634186999948],[-50.801588909999964,-1.01821746],[-50.83545197799998,-0.549911932999976],[-51.24967469499995,-0.994495288999929],[-51.28964509299993,-0.513245299999937],[-51.70220078899996,-0.993523077999953],[-51.31256379499996,-0.0803008399999],[-49.955950635999955,1.088171346000024],[-50.13972749199996,1.208643658000028],[-49.883868115999974,1.478615864000062],[-50.76795091099996,2.101004824000029],[-51.246394055999986,4.182060465000063],[-51.532145398999944,4.433754667000073],[-51.65450066999995,4.059099261000028],[-52.905442,2.18653],[-54.554438,2.325732],[-54.939853,2.628138],[-55.958084,2.527463001000058],[-56.142635,2.261837],[-55.906151,1.887448],[-56.500267,1.934243001000027],[-57.332478,1.974528],[-58.825897,1.164724001000025],[-59.279782,1.402919001000043],[-59.749614,1.853794],[-59.99051899899996,2.686852001000034],[-59.86954,3.563151001000051],[-59.513898,3.944234001000041],[-59.669266,4.374870001000033],[-60.159885,4.517667],[-60.12003386299995,5.218553692000057],[-60.736389385999985,5.201389709000068],[-60.59076464599997,4.927348279000057],[-60.99478869099994,4.518895648000068],[-62.463238,4.178712],[-62.950972,3.611136],[-63.217881,3.917325001000052],[-63.966243,3.869548],[-64.79406308299997,4.284605490000047],[-64.11739,3.46878300100002],[-64.060159,2.499949],[-63.413843,2.454543001000047],[-63.392747,2.150727001000064],[-63.992252,1.982585001000075],[-64.337527,1.361619001000065],[-65.106491,1.155616],[-65.543487,0.648044],[-65.559165,0.992445],[-66.31032,0.744944],[-66.852749,1.228763],[-67.09253,1.170106],[-67.395192,2.232406],[-67.906974,1.804998],[-68.200366,2.03883200100006],[-68.162534,1.727501],[-69.845835,1.713580001000025],[-69.845833,1.07639],[-69.245312,1.055783],[-69.115197,0.644698001000052],[-70.043694,0.563280001000066],[-70.065233,-0.164473],[-69.395481,-1.129407998999966],[-69.947326,-4.22711],[-70.758977,-4.156909],[-72.818891,-5.102842998999961],[-73.237606,-6.036728],[-73.13539,-6.510502],[-73.710741,-6.840188],[-73.982817,-7.534206998999935],[-72.942084,-8.985424],[-73.200568,-9.411644998999975],[-72.356784,-9.494834],[-72.179756,-10.000378],[-71.214539,-9.967955],[-70.496842,-9.423923],[-70.620864,-10.999892],[-69.57322732699998,-10.945957327999963],[-68.542916,-11.109555998999951],[-66.61991,-9.894046],[-65.378304,-9.697125],[-65.361611,-11.249582],[-65.030527,-11.996604998999942],[-64.285779,-12.503177998999945],[-63.158385,-12.614136],[-61.841094,-13.548913998999979],[-61.014924,-13.487536],[-60.467291,-13.795729998999946],[-60.245063,-15.097172998999952],[-60.574977,-15.097745],[-60.173672,-16.266657],[-58.322201,-16.266370998999946],[-58.397001,-17.181551],[-57.752295,-17.564463],[-57.453803,-18.230185998999957],[-58.131153,-19.758445998999946],[-57.859233,-19.97078599899993],[-58.168512,-20.172244],[-57.818817998999975,-20.948412],[-57.995072,-22.088709],[-55.853314,-22.280263998999942],[-55.413861,-23.965297998999972],[-54.322956998999985,-24.008033],[-54.593726,-25.592361998999934],[-53.842077,-25.687934998999935],[-53.672658,-26.945529],[-55.771221,-28.242411],[-57.60466595099996,-30.18020684199996]]]]},"properties":{"id":"BRA","name":"Brazil","iso":"BRA"}},
{"type":"Feature","geometry":{"type":"MultiPolygon","coordinates":[[[[69.04164123600003,-48.65541839499997],[68.77752685500008,-49.72999954199997],[69.30000305100003,-49.46872329699994],[70.22666931200007,-49.70294570799996],[69.61252594000007,-49.38336181599993],[70.44914245600006,-49.439998626999966],[70.52577972400007,-49.09999847499995],[69.40666961700003,-49.27624893199993],[69.62702941900005,-48.975055692999945],[68.98416900600006,-49.085803984999984],[69.04164123600003,-48.65541839499997]]],[[[9.430027961000064,43.019554139000036],[8.541194916000052,42.36830520700005],[9.177499771000043,41.36291503900003],[9.553722382000046,42.11997222900004],[9.430027961000064,43.019554139000036]]],[[[1.725802,42.504403],[3.172861099000045,42.43591992100005],[3.039944411000022,43.102916718000074],[3.975805521000041,43.546249389000025],[6.153305531000058,43.028720855000074],[7.418304748000025,43.72460457300008],[7.411699001000045,43.734283],[7.439112664000049,43.74908798800004],[7.529900687000065,43.78402411700006],[7.684442408000052,44.17376024200007],[7.006039,44.237562],[6.626996,45.103229],[7.13573,45.253433001000076],[7.044188,45.922520001000066],[6.821087,46.428103],[5.965048,46.199523],[6.982446,47.49415200100003],[7.589446,47.590556],[8.232551,48.966533],[6.367098,49.469481],[5.818615,49.54638700100003],[4.853226,49.792918],[4.82499279700005,50.168868649000046],[4.144378001000064,49.976541],[4.216111,50.26527800100007],[2.796297,50.723737001000075],[2.543432026000062,51.089532983000026],[1.579111099000045,50.87080383400007],[1.665777804000072,50.18330383300008],[0.18911111400007,49.70538711700004],[0.389166654000064,49.43205642700008],[-1.115805506999948,49.32622146600005],[-1.265861152999946,49.69877624500003],[-1.942499994999935,49.72708511500008],[-1.35713887199995,48.63414001500007],[-2.686694383999964,48.49619293300003],[-3.07666659399996,48.88375091700004],[-4.780083179999963,48.50677871800008],[-4.157888889999981,48.250499725000054],[-4.632972239999958,48.28385925400005],[-4.377110957999946,47.79663849000008],[-2.390000104999956,47.50624847500006],[-2.542583226999966,47.28872299300008],[-1.956694483999968,47.29252624500003],[-2.251250028999948,47.13410949800004],[-1.812527774999978,46.49288940500003],[-1.101305603999947,46.31666564900007],[-1.236277818999952,45.689140321000025],[-0.795861124999931,45.47205734400006],[-0.507138907999945,45.00830459600007],[-1.09583330199996,45.55958175600006],[-1.261250018999931,44.62913894600007],[-1.016333341999939,44.65419387900005],[-1.781920126999978,43.34846827300004],[-0.565877,42.779584],[1.438552,42.603156],[1.725802,42.504403]]],[[[-51.65450066999995,4.059099261000028],[-51.80142487799998,4.531226856000046],[-51.96039475899994,4.38181041200005],[-52.79714478899996,5.308421357000043],[-54.00055877999995,5.626310573000069],[-54.475744,4.902095001000021],[-53.998644,3.439632001000064],[-54.554438,2.325732],[-52.905442,2.18653],[-51.65450066999995,4.059099261000028]]],[[[-149.48855740499997,-17.483523016999982],[-149.57566983099997,-17.73230040699997],[-149.14358670099998,-17.863550789999977],[-149.48855740499997,-17.483523016999982]]],[[[-61.45880508299996,16.506584167000028],[-61.798805236999954,16.31905555800006],[-61.701637267999956,15.951222419000032],[-61.16797256299998,16.24911117700003],[-61.45880508299996,16.506584167000028]]],[[[167.19917297400002,-20.67711067199997],[167.01293945300006,-20.916694640999935],[167.39163208000002,-21.18127822799994],[167.19917297400002,-20.67711067199997]]],[[[164.00166320800008,-20.07958412199997],[164.9466705320001,-21.36294364899993],[166.43249511700003,-22.30875015299995],[167.0000000000001,-22.34316635099998],[165.24247741700003,-20.777082442999927],[164.00166320800008,-20.07958412199997]]],[[[55.45154953000008,-20.872068404999936],[55.29432678200004,-21.23119354199997],[55.78232574500004,-21.361448286999973],[55.45154953000008,-20.872068404999936]]]]},"properties":{"id":"FRA","name":"France","iso":"FRA"}},
{"type":"Feature","geometry":{"type":"Polygon","coordinates":[[[23.999872,-10.889962],[24.441231,-11.46719399899996],[25.3524,-11.196124998999949],[25.331982,-11.626927],[25.979775,-11.947891998999978],[26.877597001000026,-11.984941998999943],[27.20508,-11.563135],[27.622486,-12.270365],[28.44798,-12.516378],[29.005688,-13.423190998999928],[29.585564,-13.203669],[29.814759,-13.444499],[29.814759,-12.149713998999971],[29.47943,-12.460157998999932],[29.043617,-12.384598],[28.43559,-11.81596],[28.697158001000048,-9.804797998999959],[28.38008,-9.246694],[28.890855,-8.476691],[30.772846,-8.203284],[29.550278,-6.295278],[29.414623,-4.444443],[29.040542853000034,-2.744129891999933],[28.871085,-2.413949],[29.59116395800004,-1.38769801899997],[29.972477,0.813205],[31.314612,2.116668],[30.741515,2.445847001000061],[30.850146,3.500638],[29.657087,4.646049],[28.38081,4.285291],[27.445911,5.018002],[25.531651,5.391931],[25.063374,4.926366],[24.378017,5.113320001000034],[23.381762,4.59102],[22.903514,4.817068001000052],[22.258415,4.115013001000023],[20.58309,4.411489],[19.429713,5.13235300100007],[18.544732,4.321065001000022],[18.625817,3.471246001000054],[18.093435400000033,2.266399719000049],[17.71802536900003,-0.578742292999948],[16.22824620500006,-2.14233930599994],[16.192684064000048,-3.374619241999937],[15.894621881000035,-3.946428608999952],[15.236067056000024,-4.317507383999953],[15.175656360000062,-4.384879649999959],[15.057260382000038,-4.521027540999967],[15.048395635000077,-4.531415739999943],[14.877345089000073,-4.73757380099994],[14.87048705500007,-4.751716482999939],[14.417591798000046,-4.896061370999973],[14.40152676100007,-4.278539717999934],[13.73373392600007,-4.439200354999969],[13.430593912000063,-4.916272947999971],[13.102718434000053,-4.683993672999975],[12.463884,-5.080427],[12.528415,-5.742117],[12.202361491000033,-5.773479203999955],[12.442918740000039,-6.058049237999967],[13.431896858000073,-5.860290906999978],[16.578228,-5.873678],[16.940334,-7.23453],[17.565745,-8.128241],[19.381333,-7.999999998999954],[19.547955,-6.999999998999954],[20.627544,-6.916666998999972],[20.553021,-7.283333],[21.740395,-7.283333],[21.790722,-9.416878],[22.32811,-10.38653299899994],[22.249898,-11.26414],[23.999872,-10.889962]]]},"properties":{"id":"COD","name":"Congo, Dem Rep of the","iso":"COD"}},
{"type":"Feature","geometry":{"type":"Polygon","coordinates":[[[14.877345089000073,-4.73757380099994],[15.048395635000077,-4.531415739999943],[15.057260382000038,-4.521027540999967],[15.175656360000062,-4.384879649999959],[15.236067056000024,-4.317507383999953],[15.894621881000035,-3.946428608999952],[16.192684064000048,-3.374619241999937],[16.22824620500006,-2.14233930599994],[17.71802536900003,-0.578742292999948],[18.093435400000033,2.266399719000049],[18.625817,3.471246001000054],[17.468369,3.707791],[16.639082,3.531089],[16.191145,2.223053],[16.056336,1.6559],[14.595076,2.207125001000065],[13.297022,2.172197],[13.151876,1.236054],[14.184588,1.397613001000025],[14.497784,0.930518],[13.81816,-0.154609],[14.526855,-0.617438],[14.433742,-1.899217],[14.10325,-2.512751998999931],[13.762981,-2.088944998999978],[13.490344,-2.43618],[12.99665,-2.365215],[12.651048,-1.812376],[12.513935,-2.421706],[11.524394,-2.373584],[11.958034,-3.412972],[11.667272,-3.745711],[11.441776,-3.504295998999964],[11.15207606000007,-3.961807759999942],[12.016295275000061,-5.04072158799994],[12.723954094000021,-4.397475601999929],[13.102718434000053,-4.683993672999975],[13.430593912000063,-4.916272947999971],[13.73373392600007,-4.439200354999969],[14.40152676100007,-4.278539717999934],[14.417591798000046,-4.896061370999973],[14.87048705500007,-4.751716482999939],[14.877345089000073,-4.73757380099994]]]},"properties":{"id":"COG","name":"Congo, Rep of the","iso":"COG"}},
{"type":"Feature","geometry":{"type":"MultiPolygon","coordinates":[[[[166.16329956000004,-50.51541519199998],[165.88410949700005,-50.83586120599995],[166.30497741700003,-50.84047317499994],[166.16329956000004,-50.51541519199998]]],[[[167.86994934100005,-46.68208312999997],[167.46755981400008,-47.285446166999975],[168.22253418000003,-47.09880447399996],[167.86994934100005,-46.68208312999997]]],[[[-176.62832641599996,-43.69294357299998],[-176.89544677699996,-43.82666778599997],[-176.57746887099998,-44.13047409],[-176.20130920399998,-43.73586273199993],[-176.62832641599996,-43.69294357299998]]],[[[172.69416809100005,-40.49874877899998],[171.46202087400002,-41.752498626999966],[170.74914550800008,-43.10127639799998],[170.26336669900002,-43.11044311599994],[169.22163391100003,-43.97291564999995],[168.36996460000012,-44.01122283999996],[167.9233093260001,-44.669582366999975],[167.14660644600008,-44.979610442999956],[167.1679382320001,-45.46583175699993],[166.84497070300006,-45.27880477799994],[166.67375183100012,-45.55333328299997],[167.01580810600012,-45.491279600999974],[166.9804382330001,-45.720027923999965],[166.43377685600012,-45.84500122099996],[166.5683288580001,-46.09463882299997],[166.92208862300004,-45.92830657899998],[166.6558074950001,-46.20375060899994],[167.64999389700006,-46.16788864199998],[168.32916259800004,-46.62630462599998],[169.589950562,-46.58041763199998],[170.7521057130001,-45.870834350999985],[171.32247924800004,-44.00461196799995],[171.52499389600007,-44.18377685599995],[172.21292114300002,-43.90252685399997],[171.66870117200006,-43.52419280999993],[172.21746826200012,-43.90127944999995],[173.10499572700007,-43.83791732699996],[172.66580200200008,-43.66627883899997],[172.69419860900007,-43.27958297599997],[174.27702331500006,-41.74499893099994],[174.03041076700003,-41.44916534399994],[174.3187713630001,-41.21502685399997],[173.90710449200003,-41.28086090099998],[174.31619262700008,-40.99750137299998],[173.82244873000002,-41.29377746599994],[173.83747863700012,-40.92625045799997],[173.19580078100012,-41.33294296299994],[172.65458679200003,-40.65999984699994],[173.04621887200005,-40.56166839599996],[172.69416809100005,-40.49874877899998]]],[[[173.01753235000012,-34.396278380999945],[172.6437835690001,-34.47752761899994],[173.05541992200006,-35.193359373999954],[174.05416870200008,-36.40291595499997],[173.91252136200012,-36.00627899199998],[174.50920105000012,-36.25458145199997],[174.44830322300004,-36.64710998499993],[174.15458679300002,-36.45005416899994],[174.4941406250001,-37.05127716099997],[174.93205261200012,-37.05583190899995],[174.53875732400002,-37.055862425999976],[174.97457885900008,-37.797554015999935],[174.5933074950001,-38.81958389299996],[173.75291442800005,-39.288387298999965],[175.05746460000012,-39.93880462699997],[175.25630188000002,-40.49752807699997],[174.61288452100007,-41.28499984599995],[175.32417297400002,-41.61044311499995],[176.6253814700001,-40.491695403999984],[177.046646118,-39.198776245999966],[178.00378417900004,-39.115890502999946],[178.5528869630001,-37.689998626999966],[177.9833679200001,-37.539585113999976],[177.15164184600008,-38.045417784999984],[175.96044921800012,-37.63336181699998],[175.49499511700003,-36.509609222999984],[175.57586669900002,-37.24377822799994],[174.6750030510001,-36.89544296199995],[174.86874389600007,-36.36666488499998],[174.31958007800006,-35.83580398599997],[174.59460449200003,-35.85755538799998],[174.3354492190001,-35.18088912799993],[174.10452270500002,-35.34749984599995],[173.39830017100007,-34.78291702299998],[173.23661804200003,-35.01544570999994],[173.01753235000012,-34.396278380999945]]]]},"properties":{"id":"NZL","name":"New Zealand","iso":"NZL"}},
{"type":"Feature","geometry":{"type":"MultiPolygon","coordinates":[[[[115.15847054500011,4.895595079000032],[115.03854452400003,4.795112231000076],[115.3323675800001,4.299380989000042],[115.15847054500011,4.895595079000032]]],[[[115.01750973700007,4.894443686000045],[114.07592629100009,4.587191506000067],[114.66020528500007,4.009455956000068],[115.01750973700007,4.894443686000045]]]]},"properties":{"id":"BRN","name":"Brunei","iso":"BRN"}},
{"type":"Feature","geometry":{"type":"Polygon","coordinates":[[[28.578333170000064,43.73870085300007],[27.043829801000072,44.144458986000075],[25.560909998000056,43.64141162200008],[24.179697900000065,43.682950962000064],[22.876009889000045,43.83413642900007],[23.04196397000004,44.073653257000046],[22.676143,44.215451],[22.35718345600003,43.80950355500005],[23.006387006000068,43.18725235000005],[22.35980561200006,42.31173955300005],[22.867239650000045,42.02209086800008],[22.92717357300006,41.33848963200006],[24.525251283000046,41.56878501700004],[25.288071855000055,41.23534149300008],[26.130431877000035,41.35381904900004],[26.061038047000068,41.69864525300005],[26.35775496900004,41.711136268000075],[27.065911,42.09320000100007],[28.030027140000072,41.98247957400008],[27.69416618400004,42.42452621500007],[27.306222916000024,42.38161087000003],[28.578333170000064,43.73870085300007]]]},"properties":{"id":"BGR","name":"Bulgaria","iso":"BGR"}},
{"type":"Feature","geometry":{"type":"Polygon","coordinates":[[[0.24436,14.914000001000034],[-0.724846095999965,15.084033351000073],[-1.980432637999968,14.475649541000053],[-1.997212633999936,14.193274514000052],[-2.474204099999952,14.29985642400004],[-2.875349838999966,13.65389762500007],[-3.268962430999977,13.707530727000062],[-3.441779,13.15805000100005],[-3.967139,13.504436001000045],[-4.341805612999963,13.140098661000025],[-4.396936150999977,12.310318319000032],[-5.404200787999969,11.830933462000075],[-5.198390278999966,11.428658346000077],[-5.513207,10.43078900100005],[-4.688713974999928,9.677859062000039],[-3.189713893999965,9.93576596500003],[-2.687203,9.491666001000056],[-2.83355357399995,11.007087162000062],[-0.618382310999948,10.910460540000031],[-0.136269728999935,11.139498425000056],[0.916762263000066,11.000073875000055],[0.94657118300006,11.023105875000056],[1.447600685000054,11.481004794000057],[2.019379324000056,11.413599662000024],[2.404114158000027,11.900253957000075],[2.163399176000041,12.690378616000032],[0.992396271000075,13.103355262000036],[0.992392195000036,13.37469434600007],[1.285810132000051,13.354418666000072],[0.440436033000026,13.952831661000062],[0.24436,14.914000001000034]]]},"properties":{"id":"BFA","name":"Burkina Faso","iso":"BFA"}},
{"type":"Feature","geometry":{"type":"Polygon","coordinates":[[[29.414623,-4.444443],[30.042114,-4.276433],[30.839548001000026,-3.255897],[30.849075,-2.978951],[30.409905,-2.86579299899995],[30.544805066000038,-2.413575993999928],[29.957535905000043,-2.328651526999977],[29.723397257000045,-2.818471070999976],[29.040542853000034,-2.744129891999933],[29.414623,-4.444443]]]},"properties":{"id":"BDI","name":"Burundi","iso":"BDI"}},
{"type":"Feature","geometry":{"type":"Polygon","coordinates":[[[-23.74113273599994,15.334477425000046],[-23.77993965,15.06546116000004],[-23.481887815999983,14.905849458000034],[-23.74113273599994,15.334477425000046]]]},"properties":{"id":"CPV","name":"Cabo Verde","iso":"CPV"}},
{"type":"Feature","geometry":{"type":"Polygon","coordinates":[[[107.55656072300008,14.686105585000064],[106.966904,14.314492],[106.54429,14.593423],[106.001721,14.371512],[106.10480200100005,13.90972000100004],[105.206471,14.34333900100006],[103.165643,14.335501001000068],[102.339508,13.558914],[102.91030845900008,11.65162807300004],[103.12750244200004,10.867055894000032],[103.55830383300008,11.165416718000074],[103.56955719100006,10.53747177200006],[103.86416626000005,10.707888603000072],[104.44175765200004,10.423692353000035],[104.868787,10.521969],[105.083699,10.957136001000038],[106.18951,10.79026200100003],[105.80966500100004,11.618903001000035],[106.450681,11.670402],[106.41222,11.973905],[107.545568,12.352401001000032],[107.617082,13.526464],[107.334966,14.107515],[107.55656072300008,14.686105585000064]]]},"properties":{"id":"KHM","name":"Cambodia","iso":"KHM"}},
{"type":"Feature","geometry":{"type":"Polygon","coordinates":[[[16.191145,2.223053],[16.032045,2.980812],[14.728951,4.612293],[14.415684,6.032553],[15.492867,7.527787],[15.15093900100004,8.605862001000048],[13.976274,9.64521],[14.215177,10.007867],[15.689687,9.998714],[15.141769,10.541858],[14.834632,12.630228],[14.466666001000021,13.083333],[14.083333,13.083333],[14.174003,12.409637001000021],[14.676015,12.171109],[14.645103,11.578219],[13.731405,10.999965001000021],[12.783955,8.745363001000044],[12.259808,8.44207300100004],[11.867554,7.078549],[11.350948,6.500974001000031],[10.570956,7.16256700100007],[10.490173,6.898776],[9.779326,6.794368],[8.841666,5.825917],[8.592001478000043,4.803975594000065],[8.508541070000035,4.50585075500004],[8.951307259000032,4.591127835000066],[9.015446226000051,4.066840966000029],[9.722805071000039,4.095465752000052],[9.835810957000035,2.310056215000031],[11.3333,2.172222001000023],[13.297022,2.172197],[14.595076,2.207125001000065],[16.056336,1.6559],[16.191145,2.223053]]]},"properties":{"id":"CMR","name":"Cameroon","iso":"CMR"}},
{"type":"Feature","geometry":{"type":"MultiPolygon","coordinates":[[[[-60.58219528199999,47.03660964900007],[-61.55427932799995,46.040943146000075],[-61.292526244999976,45.54788970900006],[-60.68502807599998,45.56622314500004],[-59.78794479399994,45.95163726800007],[-60.291416167999955,46.34233474700005],[-60.79624938999996,45.95833206100008],[-60.37566757199994,46.02227783200004],[-60.739639281999985,45.68916702300004],[-61.163722991999975,45.71080398500004],[-60.41494369499998,46.293334962000074],[-60.58219528199999,47.03660964900007]]],[[[-63.995609283999954,47.05202865600006],[-64.38752746599994,46.61539077900005],[-63.653945921999934,46.22236251800007],[-63.02308273199998,46.30161285400004],[-62.83083343499999,45.96458435100004],[-61.97102737499995,46.45152664200003],[-63.95727920499996,46.46980667100007],[-63.995609283999954,47.05202865600006]]],[[[-64.15252685499996,49.95205688500005],[-64.52713775599995,49.86244583100006],[-63.58750152599998,49.38622284000007],[-61.69963836699998,49.084972383000036],[-64.15252685499996,49.95205688500005]]],[[[-128.05294799799998,50.867553712000074],[-128.43536376999998,50.778915407000056],[-128.04830932599998,50.442306518000066],[-127.41919708299997,50.60499954200003],[-127.43675231999998,50.337028505000035],[-127.93916320799997,50.46416854800003],[-127.91750335699999,50.11416626000005],[-127.09422302299998,50.14583206200007],[-127.15238952599998,49.85727691800008],[-126.23488616799995,49.65494537400008],[-126.54019165099999,49.377471925000066],[-125.767524719,49.36791610700004],[-125.50255584699994,48.91705703700006],[-124.82669067399996,49.25535965100005],[-125.10172271699997,48.72041702200005],[-123.29428100599995,48.41119384900003],[-125.44503021199995,50.33541488600008],[-128.05294799799998,50.867553712000074]]],[[[-55.89424896199995,51.624137880000035],[-57.41086196899994,50.70247268600008],[-57.96547317499994,49.68500137500007],[-57.70580673099994,49.45536041400004],[-58.23714065599995,49.39330673200004],[-57.89291763299997,48.95577621500007],[-58.36833190799996,49.14791488800006],[-58.716304778999984,48.56322097900005],[-58.768585204999965,48.79050064200004],[-59.22549819899996,48.543388367000034],[-58.27488708499993,48.51377868700007],[-59.39988708499993,47.91916656500007],[-59.309555053999986,47.62088775800004],[-57.28283309899996,47.76858520500008],[-56.81000137399997,47.53163910000006],[-55.79027938799993,47.96447372500006],[-55.933387755999945,47.657196045000035],[-55.62447357199994,47.68286132800006],[-56.13122177099996,47.46427917500006],[-54.70513915999993,47.67302704000008],[-55.97491836399996,46.99883270300006],[-55.74580383299997,46.845638275000056],[-54.085445403999984,47.87913894800005],[-53.79394531299994,47.43905639600007],[-54.200862884999935,46.82197189500005],[-53.55319595299994,47.21849823000008],[-53.625057219999974,46.64133453300008],[-53.16152953999995,46.62572097800006],[-52.62180709799998,47.52225112900004],[-52.79366683999996,47.809970855000074],[-53.28258514399994,47.547248840000066],[-52.84799957299998,48.10327911500008],[-53.666862487999936,47.51569366600006],[-53.94269561699997,47.85591506900005],[-53.612583159999986,48.05455398500004],[-53.980861663999974,48.18455505400004],[-53.00088882299997,48.60955429000006],[-54.19874954299996,48.384971620000044],[-53.617084502999944,48.68169403200005],[-54.20666503899997,48.80289077900005],[-53.46500015199996,49.25708389400006],[-54.069972991999975,49.48208236700003],[-54.49839019799998,49.256248474000074],[-54.479194640999935,49.57038879500004],[-55.39586257999997,49.042083740000066],[-55.16005706699997,49.545360566000056],[-55.325862883999946,49.30455398700008],[-56.14208221399997,49.43247223000003],[-55.47463989199997,49.96580505400004],[-56.209609984999986,49.925804138000046],[-56.16005706799996,50.15625],[-56.87133407599998,49.542499544000066],[-55.73083496099997,51.093334199000026],[-56.08425140299994,51.363304139000036],[-55.49422073399995,51.372501373000034],[-55.89424896199995,51.624137880000035]]],[[[-81.35113525399998,53.21552658100006],[-82.04911041299994,53.00597381600005],[-80.71174621599994,52.66600036700004],[-81.35113525399998,53.21552658100006]]],[[[-129.03672790499996,53.30952835100004],[-129.11877441399997,52.80161285500003],[-128.806716919,52.65122222900004],[-128.66169738699995,52.96955490100004],[-128.50175476099997,52.42958450300006],[-128.57650756899994,53.09616851900006],[-129.03672790499996,53.30952835100004]]],[[[-133.02685546899994,54.182724],[-132.58169555599994,53.081249237000065],[-131.044998169,52.162082672000054],[-132,52.87638855000006],[-131.80203247099996,53.25413894700006],[-132.32916259599995,53.22663879400005],[-131.64889526399998,54.17794418300008],[-132.48666381799995,53.56452941900005],[-132.17755126999998,54.01666641300005],[-133.02685546899994,54.182724]]],[[[-79.25064086899994,56.62902832000003],[-79.77855682399996,55.77622222900004],[-78.87958526599994,56.30694580100004],[-79.25064086899994,56.62902832000003]]],[[[-65.01008605999994,61.692028046000075],[-65.47916412299998,61.60580444300007],[-64.84505462599998,61.30627822900004],[-65.01008605999994,61.692028046000075]]],[[[-79.46630859399994,62.379470825000055],[-80.26522064199997,62.01783370900006],[-79.84874725399999,61.57313919100005],[-79.46630859399994,62.379470825000055]]],[[[-82.24575042699996,62.99011230500008],[-83.57044219999995,62.828777313000046],[-83.72296905499996,62.136360170000046],[-82.01674652099996,62.67222213700006],[-82.24575042699996,62.99011230500008]]],[[[-78.17585754399994,63.484859466000046],[-78.09241485599995,63.151943207000045],[-77.55322265599995,63.17438888500004],[-78.17585754399994,63.484859466000046]]],[[[-85.48371887199994,65.91703033400006],[-86.17883300799997,64.08875274600007],[-87.14080810499996,63.56402588000003],[-85.67980194099994,63.71327590900006],[-85.29611205999998,63.10294342200007],[-83.07661437999997,64.17627716100003],[-82.49411010699998,63.65722274800004],[-81.00807952899999,63.435585022000055],[-80.17519378699996,63.72266769400005],[-80.92111206099997,64.12239074700005],[-81.98783111599994,63.97880554200003],[-81.82522582999997,64.54853057900004],[-84.50894165099999,65.47908020000006],[-84.90650176999998,65.21327972400007],[-85.48371887199994,65.91703033400006]]],[[[-74.27024841299993,68.16471862800006],[-74.57730865499997,67.81505584800004],[-73.42472076399997,67.75971985000007],[-74.27024841299993,68.16471862800006]]],[[[-75.85530853299997,68.33933258000008],[-77.19377899099999,67.86208343500005],[-76.98591613799994,67.24505615200007],[-75.17446899399994,67.44027710000006],[-75.02205657899998,68.16952514600007],[-75.85530853299997,68.33933258000008]]],[[[-79.64111328199994,69.81571960400004],[-80.82211303699995,69.69325256300004],[-80.02488708499999,69.48783111700004],[-79.64111328199994,69.81571960400004]]],[[[-97.96394348099994,69.89810943600008],[-97.97066497799995,69.43622589200004],[-98.53446960499997,69.59236145000006],[-99.41619110099998,68.89986419700006],[-96.25775146399997,68.47341919100006],[-95.15541839599996,68.87055206400004],[-97.96394348099994,69.89810943600008]]],[[[-123.03675355299998,49.002038836000054],[-122.76332589999998,49.00195789000003],[-114.75953908099996,49.00029694600005],[-106.51827501599996,48.999552969000035],[-97.61404197399997,49.00052208500006],[-95.15326104599995,48.99886095800008],[-94.957456,49.3702],[-94.587725,48.7176],[-92.954869,48.631614],[-91.567556,48.043894],[-90.885789,48.246067],[-89.337442,47.974058],[-88.368658,48.30557800100007],[-84.860075,46.888906],[-84.556753,46.460789],[-84.12836610999994,46.529538882000054],[-83.955417,46.05674400100003],[-83.571869,46.10577200100005],[-83.597089,45.821256],[-82.518528,45.33861900100004],[-82.122725,43.591169],[-83.149631,42.040983],[-82.679675,41.676558],[-78.935344,42.82825600100006],[-79.200617,43.450444],[-78.690336,43.631089],[-76.796636,43.631083],[-74.972478,44.98343900100008],[-70.837994,45.234556001000044],[-69.224331,47.459786],[-67.790047,47.06714400100003],[-67.817964,45.69364400100005],[-67.20899021199995,45.16924165900008],[-65.89300813099999,45.19842026900005],[-64.78033723299995,45.59372590400005],[-64.67964448299995,45.97481034600003],[-64.25387086299997,45.76308701800008],[-64.94497956699996,45.32903168900003],[-63.37920274199996,45.36147569000008],[-64.10470094099998,45.00133775100005],[-64.49611939799996,45.33544801000005],[-66.19253816,44.42386506300005],[-65.85070313799997,44.57411454600003],[-66.17178620699997,43.79905961400004],[-65.47053803799997,43.44925568800005],[-64.24669923199997,44.25794862200007],[-64.30697907799998,44.56505845300006],[-63.891283887999975,44.68928407000004],[-63.64967240699997,44.430117352000025],[-63.66378297199998,44.72514222500007],[-60.98378266699996,45.25344727700008],[-61.49383820899993,45.367586836000044],[-61.49211778099993,45.69347642300005],[-61.961340802999985,45.62178300200003],[-61.92467393299995,45.88595078700007],[-63.28264512299995,45.70675538300003],[-64.10253419299994,46.013865217000046],[-63.79200638999998,46.13636658900003],[-64.55958833099999,46.20925401100004],[-64.79692353599995,47.071978314000035],[-65.42017640499995,47.069533094000064],[-64.67830933999994,47.72955964500005],[-65.67087068,47.600088818000074],[-65.83214845099997,47.90894959800005],[-66.79678620699997,47.98592255800003],[-65.90378083599995,48.20591996500008],[-65.24466981299997,48.01008866500007],[-64.31756104799996,48.41717027100003],[-64.55594910999997,48.87550614600008],[-64.21341981299997,48.87219880500004],[-64.93795289399998,49.207617506000076],[-66.24381532099994,49.19508622600006],[-68.18541993499997,48.63428376400003],[-70.50162019199996,47.01072572000004],[-71.21070374899995,46.83258698700007],[-69.90895356399994,47.76625321600005],[-69.99048127399993,48.25622819300003],[-69.68131532099994,48.136782391000054],[-68.13045014699998,49.27089188800005],[-67.37797822399995,49.31675599300007],[-66.45798005399996,50.26675294200004],[-60.15631379499996,50.193423016000054],[-59.01375855799995,50.734671338000055],[-58.691313641999955,51.26011537000005],[-56.85631074299994,51.45842240600007],[-55.62381257399994,52.211336836000044],[-56.54211701799994,52.60214494000007],[-55.76714600899999,52.59216950800004],[-56.19547929199996,52.831339582000055],[-55.805479901999945,52.84050629800004],[-56.025450605999936,53.576365217000046],[-56.48792161299997,53.78756211700005],[-57.367979900999956,53.422617658000036],[-57.128813642999944,53.938864453000065],[-58.176340953999954,54.23675416200007],[-57.94045152099994,54.07219956800003],[-58.857146160999946,53.94800446800008],[-59.10217179699998,53.67636750400004],[-59.918841260999955,53.527170881000075],[-59.795508283999936,53.483809217000044],[-60.27625550699997,53.27264283400007],[-60.773840802999985,53.24553178100007],[-60.03047837599996,53.43636582800008],[-60.12381257399994,53.762228711000034],[-58.38217438999993,54.22636674300003],[-59.594645398999944,54.03597520100004],[-57.33630459899996,54.57845033900003],[-58.18958939899994,54.74680970600008],[-57.94464387299996,54.92925523000008],[-58.97464646599997,54.82594941500008],[-59.029700177999985,55.153422102000036],[-59.40628327699994,54.96755860600007],[-59.197924512999975,55.23839448200005],[-59.9372281,54.74386475800003],[-59.41717423799997,55.157198652000034],[-59.98881043799997,55.10633729300008],[-59.77881135399997,55.33389542800006],[-60.69711961199994,54.985533461000045],[-60.32386674299994,55.77636598000004],[-60.67128266699996,55.547617658000036],[-60.59628571899998,55.81095002500007],[-61.75459184099998,55.96341965900007],[-61.32214631399995,56.22300599500005],[-62.02884187099994,56.22553132300004],[-61.582091229999946,56.28136704700006],[-62.22553529099997,56.47050355200008],[-61.65053452899997,56.53636430100005],[-62.540507214999934,56.754671795000036],[-61.67214478899996,56.618033155000035],[-61.935534375999964,56.80467103400008],[-61.36378373499997,57.098837599000035],[-62.53550614699998,57.489725812000074],[-61.893786328999965,57.63136552100008],[-61.94625748899995,57.915060743000026],[-62.680479902999934,57.92800401000005],[-62.44881333699993,58.170531019000066],[-63.357146160999946,57.96800492500006],[-62.55886735299998,58.47883866500007],[-63.60883988699999,58.29053376500008],[-62.85378541399996,58.69967149000007],[-63.13959016299998,59.05341981200007],[-64.05128754999998,59.01758836100004],[-63.378813642999944,59.27386735300007],[-64.06381501499993,59.38047669700006],[-63.72381104799996,59.51297639100005],[-64.17378510899994,60.036337597000056],[-64.69964875499994,60.02339432900004],[-64.41794862199998,60.27094910900007],[-64.84972657499998,60.371783003000075],[-65.53795136799994,59.744559034000076],[-65.01516999599994,59.38233826900006],[-65.74945344299994,59.26875565800003],[-65.31675996199994,59.044588788000056],[-66.08770264999998,58.81722520100004],[-65.97162141199993,58.27216981200007],[-66.37822999399998,58.85369752200006],[-67.67464722999995,58.01447556900007],[-67.76159181,58.47019837800008],[-68.10950745999997,58.08119843700007],[-68.00892152199998,58.58372758100006],[-68.68328370399996,58.00086472800007],[-68.34975709299994,58.780447706000075],[-69.25570191799994,58.90267060500008],[-69.81417359799997,58.58156083400007],[-70.25681580899999,58.77608750700006],[-69.84767426699995,59.058809979000046],[-69.54739655799995,58.80797837600005],[-69.23931397799998,59.321810467000034],[-69.76245393199997,59.32042191900007],[-69.71876038799996,59.96550629900008],[-70.87600983999994,60.04478333700007],[-69.61858643899996,60.07031129200004],[-69.50536622399994,61.066504225000074],[-69.89506043799997,60.79800294200004],[-70.13711823899996,61.09078095600006],[-71.62098206899998,61.15242265100005],[-71.55053223799996,61.61250565900008],[-72.27200593299995,61.573031170000036],[-72.18081178099999,61.854506238000056],[-72.79664887799998,61.82100556600005],[-72.60830964399997,62.11025498600003],[-73.67386903199997,62.47828172100003],[-74.53348054299994,62.105810864000034],[-77.51237000799995,62.58156083400007],[-78.19584168799997,62.25356172000005],[-77.48478211799994,61.53206132100007],[-78.22775544499996,60.782644970000035],[-77.51072968899996,60.839255078000065],[-77.78094758399999,60.38742326200003],[-77.19684113899996,60.04258988600003],[-78.60189332399995,58.67639420900008],[-77.00328339899994,58.01992295600007],[-76.59359254099996,56.15853379600003],[-77.63283814799996,55.27706025400005],[-79.76331605299998,54.631033642000034],[-79.03325929,54.168616041000064],[-78.99087037399994,53.01736710900008],[-78.40725983999994,52.23186753500005],[-79.04700745899999,51.761893017000034],[-78.85972871199994,51.171755536000035],[-79.31261720099997,51.66272614700006],[-79.75908936799993,51.13142274300003],[-80.63009156499999,51.26939271300006],[-80.56986512499998,51.69975541300005],[-82.33236970299998,52.94330857600005],[-82.25147523299995,55.106116041000064],[-85.20986451499994,55.23433946000006],[-90.80445374899995,57.322058423000044],[-92.81314362899997,56.91278336800008],[-92.42945374899995,57.34981034500004],[-93.17803468099999,58.73589204100006],[-94.20286835999997,58.78789399400006],[-94.25664796299998,58.40494797900004],[-94.20945252799999,58.80703233000003],[-94.97017182799999,59.05822633200006],[-94.75856294,60.513697371000035],[-93.26272858999994,61.73372529300008],[-93.64667024,61.94845078800006],[-92.77547730799995,62.16981004000007],[-93.06036652799997,62.32708619500005],[-92.53072633199997,62.16558717000004],[-92.73369874399998,62.484144909000065],[-92.13537110699997,62.35858796400004],[-92.59945191699995,62.59050630000007],[-91.84117402399994,62.61111710800003],[-92.40130891199999,62.83847688000003],[-90.62775697099994,63.05011628400007],[-90.68114747399994,63.356116040000074],[-91.73103608499997,63.71050523000008],[-92.46422852899997,63.516089184000066],[-92.22867097199997,63.74466965900007],[-93.95006074299994,63.91653321600006],[-93.80894746199999,64.21325181400005],[-93.36267365899994,63.97972749000007],[-91.40464295799995,63.71169923200006],[-90.66178407099994,63.442755445000046],[-89.98089875599999,64.16108964200004],[-89.24706544299994,63.93236420900007],[-88.11445130699997,64.14431260300006],[-87.00725831399996,65.23747514000007],[-89.03650941299998,65.32214616200008],[-90.92817200999997,65.92289231500007],[-89.82306184199996,65.99128220800003],[-87.35045136899998,65.31847642200006],[-85.85911835999997,66.15816758400007],[-86.77073182499998,66.53881333600003],[-85.42542542799998,66.59664414800005],[-85.16378297299997,66.24908707800006],[-83.67356385499994,66.17850755000006],[-84.56122865099996,66.93069718700008],[-85.17859162699995,66.90902970500008],[-84.57937135099996,66.97647355400005],[-84.11223115299998,66.70019791800007],[-83.91142548899995,66.91559098600004],[-83.51909150499995,66.33631394800005],[-81.46628083599995,66.99595139700006],[-81.19056214699998,67.45422623900004],[-82.64544953699999,68.44200395000007],[-81.23925294299994,68.63891862300005],[-82.04281129199995,68.88028214700006],[-81.32303132399994,69.19794724700006],[-83.25764741299997,69.53689073000004],[-82.44336976399995,69.49075578000003],[-82.54914368999994,69.69997666600005],[-85.55175294299994,69.85914109500004],[-84.71256532099994,68.72709153600005],[-85.62214936599997,68.73591874400006],[-86.51445283299995,67.33230851600007],[-87.50100983999994,67.10592149200005],[-88.39311494299994,67.98461411700004],[-88.07705964499996,68.84417222200005],[-89.30728425399997,69.25094865100004],[-90.24967469599994,68.18558762800006],[-91.42872895599999,69.35719560000007],[-90.35042084999998,69.45814011800007],[-92.87750520099996,69.68975327900006],[-91.93433656099995,70.01983903200005],[-92.35908784299994,70.24336503300003],[-91.50686921499994,70.18353532200007],[-93.68628205699997,71.76586411700004],[-94.39742555,71.66916917200007],[-94.38125886299997,71.94697831400003],[-94.94566345199996,71.97811126800008],[-95.22489166299994,71.84819793700007],[-94.58091735799997,71.86172485300006],[-95.90027618399995,71.60438537700003],[-95.51936340199995,71.28355407800007],[-96.47286224399994,71.27227783200004],[-96.57491302499994,70.78091430800004],[-95.75405883699995,70.71694183300008],[-96.50541686999998,70.13400268500004],[-95.76527404799998,69.74011230500008],[-93.41735839899997,69.48072052100008],[-94.61585998599998,68.75166320800008],[-93.82221984899996,69.01422119200004],[-93.39458465599995,68.62752532900004],[-95.46685790999999,68.06414032000004],[-95.30397033699995,67.16647338900003],[-96.44611358699996,67.46585846100004],[-95.87819671699998,68.30027771000005],[-96.66774749699994,68.00630188100007],[-96.37147521899999,68.32158660900006],[-98.68096923799999,68.39883423000003],[-98.08286285399998,67.83811187700007],[-97.96669769299996,67.99058532800007],[-97.20649719199997,67.95022583100007],[-97.01342010499997,67.68321990900006],[-97.31414031999998,67.51988983300004],[-97.18891906699997,67.65450286800007],[-97.90477752699996,67.69369507000005],[-98.56388854999994,68.10563659700006],[-98.88625335699999,67.68816375700004],[-102.21675109899996,67.65936279300007],[-103.38410949699994,68.15860748300008],[-104.48072051999998,68.02480316300006],[-104.88133239699994,68.36088562000003],[-104.99663543699995,68.15480804400005],[-105.43069457999997,68.73580932600004],[-106.20166778499998,68.94522094900003],[-108.81133270299995,68.26583099500004],[-107.55991363499999,68.16664123700008],[-107.80386352599999,68.34958648700007],[-106.51794433599997,68.29289245700005],[-106.56558227499994,68.52955627600005],[-105.62625122099996,68.63735961900005],[-106.32458496099997,68.18819427500006],[-107.68035888699995,68.05333709700005],[-108.02877807599998,67.77525329600007],[-107.04391479499998,67.13791656500007],[-107.06647491299998,66.81861114600008],[-107.76269531199995,66.96155548100006],[-107.20372009299996,66.34741974000008],[-108.53297424199997,67.05916595400004],[-107.85247039799998,67.03971862900005],[-107.96430206299999,67.28330230700004],[-110.03602600099998,68.01091766400003],[-111.86608123599996,67.66819763200004],[-115.09774780299995,67.80255889900008],[-115.71369171099997,67.91133117600003],[-115.24855804499998,68.18885803300003],[-113.88872528099995,68.39797210700004],[-114.97783660899995,68.87100219700005],[-117.06966400199997,68.87860870300005],[-121.88016509999994,69.81725311300005],[-124.37427520699998,69.33591461200007],[-124.52574920599994,70.20053100700005],[-125.46444702199994,69.31138611000006],[-128.040115357,70.57730865400003],[-127.44908142,70.14091491800008],[-128.34107971199995,70.12550354100006],[-128.9260253899999,69.65077972400007],[-128.92727661199996,69.96008300900007],[-130.33966064499998,69.68560791000004],[-130.88099670399998,69.30591583200004],[-129.66796874999994,70.25563812200005],[-132.90708923299997,69.64646911600005],[-133.01063537599998,69.36105346700003],[-134.20588683999995,69.24794769200008],[-133.748672485,69.52902984600007],[-134.371002197,69.71338653700008],[-134.53890991199995,69.41674804600007],[-135.853744507,69.30230712900004],[-135.13188171399997,68.64019775400004],[-141.001993498,69.64631482700008],[-141.00324049799997,60.30517182800003],[-139.07619249799995,60.35128482600004],[-137.52729249799995,58.90518482700003],[-135.480378498,59.79685182600008],[-133.37847349799995,58.42934882800006],[-131.83642849799998,56.59799882600004],[-130.01408949399996,55.91180553100003],[-129.90811433199997,55.28725312600005],[-130.17306794599995,55.07261536800007],[-129.66211213499997,54.97717164300008],[-130.17895783799997,54.84975312600005],[-129.92463959999998,54.604281170000036],[-130.44383515699997,54.65300629800004],[-129.98883332599996,54.30300401000005],[-130.44975556799994,54.64758942900005],[-130.49052704999997,54.36300538300003],[-129.55881013299995,54.219698652000034],[-130.07051362399994,53.88633988700008],[-129.28139008899996,53.36178086700005],[-128.662066359,53.99519990200008],[-128.77023591399995,53.54564545800008],[-128.12462129,53.49231217600004],[-128.98990144099997,53.54386399500004],[-128.43268098199997,53.09517167300004],[-128.43881501599998,52.81383775000006],[-127.83308686599997,52.73506043800006],[-128.118838209,52.758005841000056],[-128.375430006,52.271364911000035],[-128.05133332599996,52.65095017700003],[-127.87628449799996,52.195280773000036],[-127.63150300399997,52.60400651200007],[-127.34442414699998,52.41619752300005],[-127.00539673999998,52.66508744600003],[-127.01022614799996,52.30391953900005],[-127.90042390199994,51.81803391700004],[-127.67962159499996,51.460947737000026],[-127.36467255999997,51.86925385700005],[-127.24708833099999,51.68050645100004],[-127.78380860699997,51.32053254400006],[-127.06303681699995,51.350088818000074],[-127.78886689599994,51.16303132300004],[-126.65787019199996,51.19478104800004],[-127.53214539899994,51.01303361300006],[-126.19464387299996,50.946810467000034],[-126.58709229799996,50.84630845300006],[-126.18128480299998,50.66678117200007],[-125.53714265299999,50.994669660000056],[-125.731310743,50.65842316900006],[-126.30044831699996,50.630533918000026],[-125.70630921799994,50.42008851400004],[-125.46795167299996,50.720114453000065],[-125.59633912399994,50.44761536800007],[-125.11881532099994,50.42717240600007],[-124.82281007199998,50.928061230000026],[-125.08214845099997,50.323031170000036],[-124.34109010099996,50.505644543000074],[-124.80958833099999,50.009615643000075],[-124.26711548999998,49.74091981200007],[-123.81789674099997,50.14119981200008],[-123.94842042299996,49.77300523000008],[-123.52923097099995,49.69883988600003],[-124.06003083599995,49.60467026900005],[-123.53126038899995,49.38264344500004],[-123.16797913999994,49.68925355300007],[-123.09325722099999,49.002017643000045],[-123.03675355299998,49.002038836000054]]],[[[-114.48005676199995,73.37647247400008],[-118.15372466999997,72.64319610700005],[-119.12274932899999,71.80599975600006],[-117.74372100799997,71.66952514800005],[-118.14013671899994,71.38127899100004],[-115.03886413599997,71.53291320900007],[-118.41488647499995,70.97597503600008],[-117.39508056599999,70.57855224700006],[-113.82096862799995,70.71580505300005],[-111.45211029099994,70.28905487000003],[-117.20894622799995,70.08171844500004],[-116.50061035199997,69.40752410900006],[-113.37516784699994,69.16880798500006],[-113.18800353999995,68.46113586400003],[-109.01139068599997,68.72877502400007],[-106.59441375799997,69.49541473400006],[-105.12455749499998,68.89600372300004],[-101.80022430399998,68.99580383300008],[-102.29116821299999,69.51608276500008],[-103.17608642599998,69.10377502400007],[-103.52188873299997,69.70466613800005],[-102.57575225899996,69.54203033400006],[-101.43469238299997,69.93527984600007],[-100.95291900699999,69.66722107000004],[-100.98161315899995,70.18819427500006],[-104.48752593999995,71.02999877900004],[-105.44249725299994,72.92028045800004],[-108.11172485299994,73.31219482400007],[-107.20574951199995,71.92633056600005],[-107.79850006099997,71.60197448900004],[-109.90780639699994,72.97605896100004],[-110.72719573999996,72.96216583300003],[-109.74552917499994,72.42855834900007],[-110.68350219699994,72.57494354200003],[-111.00866699199997,72.28158569400006],[-112.05024719199997,72.28011322000003],[-111.18572235099998,72.72591400100004],[-112.78816986099997,72.99441528400007],[-114.52483367899998,72.57605743400006],[-114.48005676199995,73.37647247400008]]],[[[-82.81605529799998,73.73694610600006],[-84.01113891599994,73.50705719000007],[-83.58777618399995,73.30364227300004],[-85.15628051799996,73.28646850700005],[-83.70116424599996,73.00352478000008],[-85.48007965099998,73.09730529800004],[-83.94783020099999,72.74774932800005],[-85.70163726799996,72.90472412200006],[-84.14888763399995,72.00655365000006],[-85.22580718999995,72.26660919300008],[-86.03874969499998,72.02108001700003],[-84.48078155499996,71.63741302600005],[-84.77241516099997,70.93297576900005],[-85,71.20497131500008],[-86.50297546399997,70.98055267500007],[-87.90235900899995,70.93647003200005],[-89.53083038299997,71.09102630700005],[-89.35399627699996,70.82391357600005],[-87.92639160099998,70.24561309800004],[-86.38177490199996,70.52822113000008],[-85.81927490299995,70.00933074900007],[-81.76316833499999,69.87408447400003],[-83.02944183399995,70.31455230800003],[-80.94352722099995,69.72094726700004],[-81.72841644299996,70.14575195400005],[-78.79460906999998,69.88796997100008],[-79.60083007799994,70.37442016600005],[-78.98913574199997,70.70855712900004],[-77.62719726499995,69.74861145000006],[-76.99330902099996,69.98874664300007],[-77.18883514399994,69.64197540400005],[-76.19566345299995,69.67253112800006],[-76.65205383299997,69.54360961900005],[-75.58821868899997,69.23569488600003],[-76.64150237999996,68.69249725300006],[-74.86794280999999,68.96819305500003],[-73.01052856399997,68.24116516100008],[-72.15269470199996,67.27038574300008],[-72.99802398699995,66.75489044200003],[-72.04719543399995,66.67327880800008],[-73.07160949699994,66.72069549700007],[-74.45710754399994,66.16603088400007],[-73.47161102299998,65.44774627700008],[-75.80300140399999,65.23388671800006],[-77.37522125199996,65.47158050700006],[-78.03013610899995,64.42739105400005],[-76.65169525099998,64.18877411000005],[-75.69480895999999,64.36736297600004],[-75.85327911399997,64.61524963400007],[-74.46160888599996,64.38378143400007],[-74.58249664399995,64.90030670200008],[-74.11875152599998,64.32900238200006],[-73.27761077899999,64.65902709900007],[-72.63950347899998,63.845111848000045],[-72.28450012199994,63.99769592200005],[-72.25222015399999,63.662109376000046],[-71.91280364999994,63.86719512900004],[-71.20002746599994,63.59422302200005],[-72.12149810799997,63.44055557400003],[-71.40100097599998,63.04730606100003],[-69.86491393999995,62.90683364900008],[-68.54313659699994,62.24594497600003],[-65.95838928199998,61.874553681000066],[-65.89035797099996,62.20477676400003],[-68.98327636699997,63.75644302400008],[-67.68852996799995,63.36894607500005],[-67.91516876199995,63.76950073200004],[-66.66388702399996,63.02483367900004],[-66.58858489999994,63.39786148200005],[-66.45153045699993,63.033138276000045],[-66.05500030499996,62.94350052000004],[-66.23044586099996,63.23441696300006],[-64.89752960199996,62.63166809200004],[-65.31591796899994,63.80519485500008],[-64.51589202899999,63.242473602000075],[-64.61258697599993,63.976665498000045],[-65.67194366499996,64.30403137200005],[-65.06352996899994,64.48122406000005],[-65.70880889899996,64.47200012200005],[-65.91055297899999,64.89597320500008],[-66.31336212099995,64.60994720600007],[-66.67533111599994,65.04174804700006],[-66.73066711299998,64.72074890100004],[-67.31610870399999,65.66527557300003],[-68.23596954399994,65.42755889900008],[-67.78980255199997,65.77960968000008],[-68.36521911499995,66.07355499300007],[-67.13272094799999,66.01824951300006],[-67.98813629199998,66.51002502600005],[-67.11907958999996,66.44197082500006],[-67.93858337399996,66.63439178600004],[-66.73572540299995,66.59686279300007],[-65.98525237899997,66.10724639900008],[-65.47994232199994,66.38533020100004],[-65.87458038299997,65.94411468500005],[-64.35749816899994,66.35497284100006],[-65.50152587899998,65.74069213800004],[-64.80327606199995,65.72039032100008],[-65.34491729799998,65.56485748300008],[-64.41508483899997,65.48122406000005],[-64.91591644299996,65.26830291900006],[-64.59169769299996,65.09205627400007],[-64.21675109799997,65.44875335800003],[-63.54333496099997,64.87622070400005],[-63.52922058099995,65.92996978700006],[-62.676723479999964,65.57460784900007],[-62.85758209299996,65.89994812100008],[-62.28922271699997,65.79497528200005],[-62.944972991999975,66.14875030600007],[-61.949195860999964,66],[-62.895942687999934,66.33413696200006],[-61.54338836699998,66.31869507000005],[-62.19666671599998,66.61541748200005],[-61.287445067999954,66.66163635200007],[-62.026748656999985,67.05291748200005],[-62.73347091699998,66.65628051700003],[-62.841751097999975,66.96788787800006],[-63.80997085599995,66.80458068800004],[-63.118305205999945,67.33205413900004],[-63.81835937499994,66.89955902100007],[-63.500057219999974,67.23538970900006],[-64.72010803299997,67.00788879500004],[-63.95747375499997,67.26663970900006],[-64.79499816899994,67.36872100800008],[-63.95091628999995,67.34249877900004],[-64.52999877999997,67.81036377100008],[-65.23016357299997,67.64205932600004],[-64.71758270299995,67.97583007900005],[-65.42541503799998,67.91727447600005],[-65.34610748299997,67.58880615400005],[-65.80352783199999,67.97305298000003],[-66.03289031999998,67.59661102300004],[-65.94044494499997,68.03266906900006],[-66.37422180199997,67.76814270000006],[-66.31791686999998,68.12564086900005],[-66.74788665799997,67.93241882300003],[-67.02053069999994,68.33141326900005],[-67.88280487099996,68.26919555600006],[-66.67388915999999,68.44689178600004],[-68.90922546399997,68.60338592700003],[-68.06024932799994,68.68230438200004],[-69.41233062799995,68.87022399900007],[-67.78108215299994,68.78353119000008],[-68.57008361799996,68.97364044300008],[-67.71350097499999,69.02230835000006],[-69.01208496099997,68.97736358600008],[-68.98155212399996,69.23217010500008],[-68.08380889899996,69.22194671600005],[-69.17144775399998,69.32066345200008],[-66.69396972599998,69.28224945000005],[-70.06222534199998,69.54238891700004],[-67.20555877699996,69.71791839700006],[-67.25900268499998,69.97244262700008],[-68.16053008999995,70.31842041000004],[-70.02317047199995,69.62117004400005],[-68.67722320499996,70.20772552500006],[-70.48413848899997,69.84330749500003],[-70.17794799799998,70.03233337500006],[-68.28639221199995,70.52252960200008],[-69.44261169399994,70.79499816900005],[-70.61528015199997,70.45752716100003],[-69.88502502399996,70.88410949700005],[-71.54302978499999,70.02649688800005],[-71.16816711499996,70.54772186400004],[-71.97252654999994,70.41997528100006],[-70.60427856399997,71.05897522100008],[-72.56583404599996,70.61555480900006],[-71.14810943599997,71.26502990800003],[-72.54988861099997,71.66072082500006],[-73.85539245599995,71.04939270200003],[-73.60883331299993,71.77935791000004],[-75.04638671699996,71.17849731400008],[-74.61580657999997,71.65827941900005],[-75.36591339099994,71.68436431900005],[-74.20866393999995,72.06114196900006],[-75.08583068799999,72.11289215100004],[-75.88172149499997,71.70008087100007],[-75.22566986099997,72.08197021500007],[-76.40105438099994,71.85922241200007],[-75.02536010799997,72.18969726700004],[-75.19152831999997,72.49925231900005],[-77.04719543399995,72.75380706800007],[-78.41305541999998,72.59030914400006],[-77.00336456299993,72.14700317500007],[-78.80197143499998,72.34141540700006],[-77.73061370899995,71.74644470300007],[-78.85458373999995,72.18125152500005],[-78.51036071599998,71.86558532700008],[-79.18833160399998,71.95989227400008],[-79.79041290299995,72.50472259500003],[-79.68166351299999,72.12936401400003],[-80.22794341999997,72.30335998500004],[-80.97016906799996,71.88547516000006],[-80.50969696099997,73.08877563500005],[-81.54805755599995,73.72402954200004],[-82.81605529799998,73.73694610600006]]],[[[-80.52555847199994,73.76911163300008],[-80.87838745099998,73.33530426000004],[-79.57460784899996,72.75411224400005],[-76.05438995299994,72.86111450300007],[-77.18672180199997,73.50930786200007],[-80.52555847199994,73.76911163300008]]],[[[-105.40752410899995,73.77214050300006],[-107.01019287099996,73.47172546400003],[-105.22736358699996,72.85236358800006],[-104.44477844199997,73.54816436700008],[-105.40752410899995,73.77214050300006]]],[[[-86.10958099399994,73.85539245600006],[-88.98828124999994,73.28247070400005],[-90.11753082199994,71.93005371200007],[-89.85038757299998,71.33719635100005],[-87.83480834999995,71.26325225800008],[-87.01258087199994,71.00258636500007],[-84.82739257799994,71.27480316200007],[-86.40544128399995,72.01908111700004],[-86.67991638199999,72.86133575400004],[-84.83164215099998,73.74372100800008],[-86.10958099399994,73.85539245600006]]],[[[-99.87527465799997,73.94869232300005],[-101.12669372599998,73.73574829200004],[-100.42505645599994,73.40741729700005],[-101.62300109899996,73.49674987900005],[-99.79397582999997,73.22013855000006],[-100.58519744899996,73.15944671800008],[-100.16574859599996,72.78733062700007],[-101.26744079599996,72.71330261200006],[-102.22841644299996,73.09278106700003],[-102.72575378399995,72.72819519000006],[-98.68961334299996,71.27935791000004],[-98.25769805899995,71.88780212400007],[-97.49663543699995,71.61350250200007],[-96.52138519199997,71.83605194200004],[-96.26772308299996,72.41967010500008],[-97.28825378399995,72.97119140600006],[-98.43666839599996,72.88505554200003],[-97.18013763399995,73.85322570800008],[-99.17297363299997,73.68919372700003],[-99.87527465799997,73.94869232300005]]],[[[-93.47508239799998,74.17786407600005],[-95.29086303599996,73.99314117400007],[-94.61421966499995,73.658638],[-95.70022582999997,73.68975067200006],[-95.17024993899997,71.96974945000005],[-94.32746887199994,72.03708648700007],[-94.05677795499997,71.98683166500007],[-93.45191955499996,72.44113922100007],[-94.28913879399994,72.77564239500003],[-92.03230285699999,72.76364135900008],[-90.16494751,73.89219665500008],[-93.47508239799998,74.17786407600005]]],[[[-121.35733032199994,74.54080200300007],[-124.77608489899995,74.34263610800008],[-123.75399780299995,73.74894714300007],[-125.99686431799995,71.97933197100008],[-124.89297485399999,71.95749664400006],[-123.14125060999999,71.07961273300003],[-120.63188934399994,71.49208068800004],[-120.23080444399994,72.27355194200004],[-115.29580688499999,73.47794342200007],[-117.39160919199998,74.22838592500005],[-119.15238952699997,73.99678039500003],[-121.35733032199994,74.54080200300007]]],[[[-94.85614013699995,75.63716888400006],[-96.62438964799998,74.99141693100006],[-93.72472381599994,74.64186096200007],[-93.47891998299997,75.26399994000008],[-94.85614013699995,75.63716888400006]]],[[[-117.50905609099999,76.04158020000006],[-119.37530517599998,75.59694671600005],[-118.54319763199999,75.50583648700007],[-117.50905609099999,76.04158020000006]]],[[[-102.87219238199998,76.32072448900004],[-104.39427947999997,76.08830261300005],[-102.82458496099997,76.09205627400007],[-102.87219238199998,76.32072448900004]]],[[[-98.64105224599996,76.68724823000008],[-99.05625152499994,76.39197540400005],[-99.65780639599996,76.63202667400003],[-100.99127960199996,76.49891662600004],[-99.45041656499995,75.96247100900007],[-101.84841918899997,76.45400238200006],[-100.91741943199997,75.81266784600007],[-102.86033630199995,75.62886047500007],[-99.63405609199998,75.69197082600004],[-100.77927398699995,75.35505676300005],[-100.07866668699995,74.98652649100006],[-97.97313690199996,75.02380371100008],[-98.06324768099995,75.49224853500004],[-97.26327514599996,75.39808654800004],[-98.64105224599996,76.68724823000008]]],[[[-108.65508270199996,76.83255767800006],[-110.41525268599997,76.35505676200006],[-108.88536071799996,75.48044586200007],[-111.25174713199999,75.52058410800004],[-114.42036437999997,76.51327514600007],[-115.875808716,76.35877990700004],[-114.64483642599998,76.16613769500003],[-116.61413574199997,76.12149810800008],[-116.68861389199998,75.89488983100006],[-114.77947235099998,75.89936065700005],[-116.91033172599998,75.78610992500006],[-117.20774841299999,75.57894134600008],[-115.00746917699996,75.69924926700008],[-117.42292022699996,75.18846893300008],[-115.03533172599998,74.96411132800006],[-114.03314208999996,75.47444152900005],[-113.91733551099998,75.05241394200004],[-110.89077758799999,75.24430847100007],[-114.37391662599998,74.71769714400006],[-113.52391815199996,74.42922210700004],[-108.79850006099997,75.07397460900006],[-105.99169158899997,75.05530548100006],[-105.43900299099994,75.86558532700008],[-106.58235931399997,76.06922149600007],[-106.84083557199995,75.65041351400004],[-107.03360748299997,75.90130615200007],[-108,75.78752899200003],[-108.65508270199996,76.83255767800006]]],[[[-114.01541900599995,76.89555358900003],[-114.83705902099996,76.76261139100006],[-113.59727477999996,76.71461486900006],[-114.01541900599995,76.89555358900003]]],[[[-95.65380859399994,77.06480407700008],[-96.95955657999997,76.72347259600008],[-95.40291595499997,76.23100280800008],[-93.09085845999994,76.36219787700009],[-91.59508514399994,74.65211486800007],[-90.76358032199994,74.88536071900006],[-89.57602691699998,74.53919220100005],[-88.56008148199999,74.90785980300006],[-88.53497314299995,74.49630737300004],[-84.32592010499997,74.50274658200004],[-83.51247405999999,74.90305328300008],[-82.80366516099997,74.52822113000008],[-80.26966857899998,74.58203125000006],[-80.51161193799999,74.89602661100008],[-79.34858703599997,74.88855743400006],[-80.33589172399996,74.94605255100004],[-79.44342040999999,75.27700042800006],[-80.24661254799997,75.62933349700006],[-84.01200103699995,75.82266998300008],[-86.57797241199995,75.36049652100007],[-88.75908660799996,75.68497467000003],[-88.92072296099997,75.42755889900008],[-89.93219757099996,76.00685882500005],[-91.20053100599995,75.81716919100006],[-90.19408416599998,76.06197357200006],[-91.62083434999994,76.26342010500008],[-89.28619384799998,76.29853057800005],[-91.46983337399996,76.45244598300008],[-90.46866607599998,76.47360992400007],[-91.44672393799999,76.69222259500003],[-93.55313873299997,76.38705444500005],[-93.62200164799998,76.90361023100007],[-95.65380859399994,77.06480407700008]]],[[[-116.39955902099996,77.55930328400007],[-116.98758697499994,77.29474639900008],[-119.21333312999997,77.31130218500005],[-122.95972442699997,76.19405365000006],[-122.58135986299999,75.93861389300008],[-120.92355346699998,75.95163726800007],[-120.85405731099996,76.21333313100007],[-119.75824737599999,75.87635803200004],[-117.84572601299999,76.82872009400006],[-117.07438659599995,76.30525207500006],[-115.35113525399998,77.31502533100007],[-116.39955902099996,77.55930328400007]]],[[[-95.41869354299996,77.79505920400004],[-95.98386382999996,77.47988891600005],[-93.54753112799995,77.44496917700008],[-93.24969482499995,77.73703002900004],[-95.41869354299996,77.79505920400004]]],[[[-101.63297271799996,77.89475250400005],[-102.06339263899997,77.68383026100008],[-100.89399719199997,77.73405456500006],[-101.63297271799996,77.89475250400005]]],[[[-110.31205749599997,78.11866760200007],[-113.21438598699996,77.91594696000004],[-112.16638946499995,77.33713531500007],[-110.13761138899997,77.53208160400004],[-110.31205749599997,78.11866760200007]]],[[[-110.38030242899998,78.75741577300005],[-113.19477844199997,78.26963806100008],[-109.39447021499996,78.31269073500005],[-110.38030242899998,78.75741577300005]]],[[[-98.05097198499999,78.81925201500007],[-96.88349914499997,77.78691864100006],[-95.10455322299998,77.95088958900004],[-94.82624816899994,78.36341857900004],[-98.05097198499999,78.81925201500007]]],[[[-103.96736144999994,79.37427520700004],[-105.64321899399994,79.17177581800007],[-103.29900360099998,78.73497009300007],[-104.69163513199999,78.32483673200005],[-102.77444457999997,78.39646911700004],[-99.16752624499998,77.83980560400005],[-99.49199676499995,78.59116363500004],[-101.59747314299995,79.07441711600006],[-102.56202697699996,78.86791992200006],[-103.96736144999994,79.37427520700004]]],[[[-93.48349762,81.37930297800006],[-93.10436248799994,81.08992004400005],[-95.49991607699997,80.81480407700008],[-93.76258087199994,80.52169799800004],[-96.61961364699994,80.35091400100004],[-94.07011413599997,80.17974853500004],[-94.40872192399996,79.97766876300005],[-96.67825317299997,80.14630889900008],[-95.93705749599997,79.65205383300008],[-94.30741882399997,79.75749969600008],[-95.77188873199998,79.40916442900004],[-91.13314056399997,79.39480590900007],[-92.70722198499999,79.25050354000007],[-90.33660888699995,79.24269104100006],[-93.40941619899996,79.16227722300005],[-93.82125091599994,78.76877594100006],[-91.66024780299995,78.56800079500005],[-92.98605346699998,78.47652435300006],[-92.04763793899997,78.20230865400003],[-89.47628021199995,78.14900207600004],[-89.96219634999994,78.61264038100006],[-88.85733032199994,78.14677429200003],[-88.15567016599994,78.99591827500007],[-87.61319732499999,78.64205932700008],[-84.88146972699997,79.27958679200003],[-85.70391845699999,79.61958313100007],[-86.03416442899999,79.43897247300004],[-86.36094665499996,79.65219116200007],[-87.42927551199995,79.53030395500008],[-87.61494445799997,80.40641784800005],[-88.34116363499999,80.07772064300008],[-93.48349762,81.37930297800006]]],[[[-74.04158019999994,83.21067047200006],[-81.86227416999998,82.78580474800003],[-82.64233398399995,82.36116790800008],[-80.41999816899994,82.04066467400008],[-85.18697357199994,82.48049926900006],[-86.85717010499997,82.19647216900006],[-84.50321960499997,81.88114166400004],[-87.96627807699997,82.12422180300007],[-91.88950347899998,81.65885925400005],[-89.50702667199994,81.62711334400007],[-90.40466308599997,81.36247253400006],[-87.20761108399995,81.48960876500007],[-89.92327880799996,81.33216857900004],[-89.69886016799995,81.00580596900005],[-84.64144134499998,81.28741455000005],[-89.41725158699995,80.91202545100003],[-87.49494170999998,80.62302398700007],[-85.65005493199999,81.04702758900004],[-82.30608367899998,81.17761230500008],[-85.67822265599995,80.96563720800003],[-86.06177520699998,80.52933502200005],[-83.79325103699995,80.54194641100008],[-83.21366882399997,80.83914184700006],[-81.73364257799994,80.81539154000006],[-83.11519622799995,80.54000091700004],[-80.93241882299998,80.65377807600004],[-76.84166717499994,81.45275115900006],[-78.96780395399998,80.87894439700005],[-76.47035980199996,80.85169220100005],[-83.19425201399997,80.32661438100007],[-81.51071929899996,79.71355438200004],[-79.70430755599995,79.70586395300006],[-80.58969116199995,79.56060791000004],[-81.72572326699998,79.58541870100004],[-83.78280639699994,80.24708557100007],[-86.49674987799995,80.29808044400005],[-85.23136138899997,79.92566680900006],[-86.45385742199994,79.77735901000005],[-85.14221954399994,79.64566803100007],[-83.35391998299997,79.05355835100005],[-84.70510864299996,79.01955413900004],[-81.63571929999995,78.89308166500007],[-83.25602722199994,78.84439086900005],[-82.35997009299996,78.56691741900005],[-86.62449645999999,78.80219268800005],[-87.51999664299996,78.13253021400004],[-85.82052612299998,78.38658142200006],[-85.45153045499995,78.10180664000006],[-84.61685943599997,78.60147094800004],[-84.00866699199997,78.17516327000004],[-85.69297027599998,77.93244171300006],[-84.31058502199994,77.89472198500005],[-85.28874969499998,77.66969299300007],[-83.88188934299995,77.49947357300005],[-82.29827880799996,78.07730865600007],[-83.46585845899995,77.35527801500007],[-84.46794128299996,77.29530334600008],[-86.42294311499995,77.83905792400003],[-88.22513580299994,77.85324859600007],[-86.61644744899996,77.18113708600004],[-89.49519348199999,76.86096954300007],[-89,76.40841674800004],[-88.48657989499998,76.82025146600006],[-87.61833190799996,76.33663940400004],[-87.52774810799997,76.62811279400006],[-86.68608093299997,76.34261322000003],[-86.61000060999999,76.64150238000008],[-85.24697113099995,76.27899933000003],[-84.31869506899994,76.65628051900006],[-83.19908142099996,76.41380310200003],[-83.40049743599997,76.76180267300003],[-82.26694488499999,76.39391326900005],[-82.73522186299994,76.82450103800005],[-80.76477813699995,76.41952514600007],[-81.05969238299997,76.13133239700005],[-77.80271911499995,76.65628051900006],[-79.28199767999996,77.221138],[-81.85058593699995,77.18555450400004],[-81.96069335999994,77.68369293300003],[-78.82697296099997,77.30611419800005],[-78.18194580099998,77.97372436500007],[-75.85561370899995,77.96035766600005],[-76.88263702399996,78.21280670100003],[-75.00336456299993,78.32752990700004],[-76.64741516099997,78.51325225800008],[-74.57775115799996,78.58638763400006],[-74.72280883799993,78.81880188100007],[-76.72130584699994,79.02805328300008],[-78.16960906999998,78.76294708400007],[-78.86316680899995,79.06488800200003],[-74.42258453399995,79.03394317600004],[-78.04572296099997,79.35211181800008],[-73.20144653399996,79.51655578600008],[-74.24658203099995,79.88583374000007],[-71.09116363599998,79.78385925400005],[-70.47172546299998,80.09647369500004],[-72.35827636599998,80.21869659400005],[-70.10935974099993,80.18794250500008],[-70.79616546699998,80.55797576900005],[-69.49227905299995,80.37024688700006],[-64.42749786399997,81.47166442900004],[-70.01033020099999,81.08186340500004],[-66.62066650399998,81.51233673200005],[-69.29311370799996,81.70847320600006],[-64.38502502399996,81.70788574300008],[-61.15680694599996,82.23133087100007],[-63.56563949599996,82.83286285500003],[-68.58936309799998,82.62280273500005],[-66.35630798399995,82.93516540700006],[-74.04158019999994,83.21067047200006]]]]},"properties":{"id":"CAN","name":"Canada","iso":"CAN"}},
{"type":"Feature","geometry":{"type":"Polygon","coordinates":[[[-83.69773215399994,10.93849261400004],[-83.931686,10.708058],[-84.680858,11.084625],[-85.69278680399998,11.079427515000077],[-85.95386780999996,10.891477331000033],[-85.66234101699996,10.774865849000037],[-85.87803162899996,10.354782803000035],[-85.67217530599999,9.901921019000042],[-85.11139192,9.553809864000073],[-84.86372651499994,9.828615887000069],[-85.28392304799996,10.266560301000027],[-84.74270142899996,9.967810376000045],[-84.61836518699994,9.578893408000056],[-83.62372865099996,9.040032132000022],[-83.73636903199997,8.59117101000004],[-83.29061402699995,8.372865423000064],[-83.48664368999994,8.707782492000035],[-83.17575349299995,8.641171202000066],[-83.14900483499997,8.363560423000024],[-82.90301899799994,8.038637106000067],[-83.052241,8.333695],[-82.839001,8.480281],[-82.919289,8.765018001000044],[-82.711795,8.925184001000048],[-82.93611,9.473138001000052],[-82.56504456599998,9.570226361000039],[-83.69773215399994,10.93849261400004]]]},"properties":{"id":"CRI","name":"Costa Rica","iso":"CRI"}},
{"type":"Feature","geometry":{"type":"Polygon","coordinates":[[[-5.513207,10.43078900100005],[-6.167011,10.22253100100005],[-6.24762,10.739919],[-7.025176,10.150756],[-7.513905,10.460632],[-7.979352,10.17032400100004],[-8.140351,9.530765001000077],[-7.848937,9.421265001000052],[-7.974708,8.829746001000046],[-7.637862,8.377278],[-8.235503,8.465025001000072],[-7.943345,8.017687],[-8.470911,7.557276],[-8.275061,7.004370001000041],[-8.602059,6.506373],[-7.423408,5.840694001000031],[-7.5303990699999,4.361974762000045],[-5.610008753999978,5.115435562000073],[-3.105982291999965,5.091204317000063],[-2.723604,5.139880001000051],[-3.260786,6.623015001000056],[-2.493031,8.206478],[-2.687203,9.491666001000056],[-3.189713893999965,9.93576596500003],[-4.688713974999928,9.677859062000039],[-5.513207,10.43078900100005]]]},"properties":{"id":"CIV","name":"Cote d'Ivoire","iso":"CIV"}},
{"type":"Feature","geometry":{"type":"MultiPolygon","coordinates":[[[[17.648963534000075,42.888738997000075],[17.000804901000038,43.04869461000004],[18.524466157000063,42.42057162900005],[18.437954598000033,42.555631849000065],[17.648963534000075,42.888738997000075]]],[[[19.022172066000053,44.85536674200006],[19.447252124000045,45.19590517200004],[18.973975775000042,45.374054546000025],[18.890483465000045,45.92144772700004],[17.862107266000066,45.76731759000006],[16.610364048000065,46.46899351300004],[16.60616393600003,46.47494565100004],[16.596710569000038,46.47582046700006],[15.647197885000026,46.21721177000006],[15.345775475000039,45.45642921700005],[14.569946991000052,45.67300215300003],[13.676478836000058,45.44426135100008],[13.652587108000034,45.45342051200004],[13.582765497000025,45.47752459800006],[13.904527664000057,44.76750183100006],[14.545861244000037,45.30289077800006],[15.951666832000058,43.50458145300007],[16.886667252000052,43.39958190900006],[17.581362838000075,42.938432946000034],[16.172567084000036,44.208416347000025],[15.776677189000054,45.18395964900003],[18.67125672000003,45.09499462300005],[19.022172066000053,44.85536674200006]]]]},"properties":{"id":"HRV","name":"Croatia","iso":"HRV"}},
{"type":"Feature","geometry":{"type":"MultiPolygon","coordinates":[[[[-82.97505187999997,21.947055818000024],[-83.14375305199997,21.529167175000055],[-82.54172515699997,21.55708313100007],[-82.97505187999997,21.947055818000024]]],[[[-81.14169311599994,23.20622253500005],[-84.02502441399997,22.717082977000075],[-84.39875030499996,22.324972153000033],[-84.27919769299996,22.003723146000027],[-84.95205688499999,21.859972001000074],[-84.03588867199994,21.906278610000072],[-82.75753021199995,22.70288848900003],[-81.87163543699995,22.678693773000077],[-81.64836120599995,22.489555359000065],[-82.15963745099998,22.395000459000073],[-81.80586242699997,22.17374992300006],[-81.21833038299997,22.04788970900006],[-81.20919799799998,22.28372192300003],[-79.82585906999998,21.667083740000066],[-78.75086212099995,21.63705635100007],[-78.14333343499999,20.75872230500005],[-77.24044799799998,20.664943696000023],[-77.11544799799998,20.35666656500007],[-77.73752593999995,19.842027665000046],[-75.15677642699995,19.891332626000064],[-74.13880920299994,20.190805435000073],[-74.74250030499996,20.62125015400005],[-75.71833038399996,20.68122291700007],[-75.70002746599994,21.118778229000043],[-76.89252471899994,21.298778534000064],[-78.39836120599995,22.252916337000045],[-79.36669158899997,22.423721314000034],[-79.79166412299998,22.90541648800007],[-81.14169311599994,23.20622253500005]]]]},"properties":{"id":"CUB","name":"Cuba","iso":"CUB"}},
{"type":"Feature","geometry":{"type":"Polygon","coordinates":[[[27.445911,5.018002],[27.165417,5.773528001000045],[26.451834,6.090250001000072],[26.417166,6.646056],[25.202084,7.493195],[25.226944,7.866305001000057],[24.203056,8.30625],[24.255069,8.705636001000073],[23.518415,8.724261001000059],[23.696254,9.671553001000063],[22.876806051000074,10.937328863000062],[21.840265,10.850170001000038],[21.676929,10.240166],[20.44441,9.150711],[18.990597,8.979634001000022],[19.123515,8.669646],[18.612264,8.054821],[17.660529,7.98518],[16.835709,7.535624],[16.591058,7.885918],[15.492867,7.527787],[14.415684,6.032553],[14.728951,4.612293],[16.032045,2.980812],[16.191145,2.223053],[16.639082,3.531089],[17.468369,3.707791],[18.625817,3.471246001000054],[18.544732,4.321065001000022],[19.429713,5.13235300100007],[20.58309,4.411489],[22.258415,4.115013001000023],[22.903514,4.817068001000052],[23.381762,4.59102],[24.378017,5.113320001000034],[25.063374,4.926366],[25.531651,5.391931],[27.445911,5.018002]]]},"properties":{"id":"CAF","name":"Central African Rep","iso":"CAF"}},
{"type":"Feature","geometry":{"type":"Polygon","coordinates":[[[15.492867,7.527787],[16.591058,7.885918],[16.835709,7.535624],[17.660529,7.98518],[18.612264,8.054821],[19.123515,8.669646],[18.990597,8.979634001000022],[20.44441,9.150711],[21.676929,10.240166],[21.840265,10.850170001000038],[22.876806051000074,10.937328863000062],[22.476648,12.632859],[21.815196886000024,12.815440419000026],[22.29093627800006,13.353739885000039],[22.072382281000046,13.776929070000051],[22.57520336500005,14.19113317800003],[22.382998241000053,14.512412377000032],[22.940725776000022,15.106391177000035],[22.929705616000035,15.555355500000076],[24,15.698805],[24,19.500000001000046],[16.000000019000026,23.452361116000077],[14.998588514000062,22.999385735000033],[15.416656,20.81813],[15.999034,20.361491],[15.603298001000041,18.88821100100006],[15.532533,16.748802],[13.471156,14.46276],[13.633381001000032,13.70816],[14.083333,13.083333],[14.466666001000021,13.083333],[14.834632,12.630228],[15.141769,10.541858],[15.689687,9.998714],[14.215177,10.007867],[13.976274,9.64521],[15.15093900100004,8.605862001000048],[15.492867,7.527787]]]},"properties":{"id":"TCD","name":"Chad","iso":"TCD"}},
{"type":"Feature","geometry":{"type":"MultiPolygon","coordinates":[[[[-68.52022552499994,-54.926303863999976],[-70.03083038299997,-55.15580368099995],[-69.48916625999993,-55.17252731199994],[-69.78919219899996,-55.310890195999946],[-69.40169525099998,-55.51458358799994],[-69.50428009099994,-55.23919296199995],[-68.79338836699998,-55.18047332599997],[-68.96086120599995,-55.447498319999966],[-68.07669067399996,-55.722946166999975],[-68.73752593999995,-55.275028228999986],[-68.25839233399995,-55.224609373999954],[-69.08169555599994,-55.06627655099999],[-68.60008239699994,-55.15625],[-68.52022552499994,-54.926303863999976]]],[[[-67.98336029099994,-54.89291763299997],[-68.39441680899995,-54.944221496999944],[-68.12508392199999,-55.22127914299995],[-67.23002624499998,-55.31041717599999],[-67.16757965099998,-54.969196317999945],[-67.98336029099994,-54.89291763299997]]],[[[-69.67330932599998,-54.86380386199994],[-69.92424774199998,-55.042526244999976],[-69.14077758799993,-54.955917356999976],[-69.67330932599998,-54.86380386199994]]],[[[-70.58672323199994,-54.82662468299998],[-71.00753021199995,-55.04913711399996],[-70.45172119099993,-55.202888488999974],[-70.58672323199994,-54.82662468299998]]],[[[-71.58586120599995,-53.938331603999984],[-71.67253112799995,-54.22502899199998],[-71.38586425799997,-54.11500167899993],[-71.10172271699997,-54.39958190899995],[-70.99588775699993,-54.08833312999997],[-71.58586120599995,-53.938331603999984]]],[[[-71.90172576899994,-53.84208297699996],[-72.27586364699994,-53.986751554999955],[-71.79838561999998,-54.34541702299998],[-71.90172576899994,-53.84208297699996]]],[[[-70.44921874999994,-53.572498321999944],[-70.88088989199997,-54.06999969499998],[-70.26002502399996,-54.27624893199993],[-70.67258453299996,-53.92669296299994],[-70.31594085699999,-54.02002716099997],[-70.44921874999994,-53.572498321999944]]],[[[-73.03080749499998,-53.38330459499997],[-73.85755920399998,-53.625831603999984],[-73.51767318799995,-53.546988271999965],[-73.11086273199999,-54.03502654899995],[-72.66580200199996,-53.86169433499998],[-73.04836273199999,-54.09208297599997],[-72.36838531499995,-54.06047058099995],[-72.14741516099997,-53.790832517999945],[-73.03080749499998,-53.38330459499997]]],[[[-74.64252471899994,-52.74669265699998],[-74.32833099299995,-53.11877822799994],[-73.09416961599999,-53.37583160299994],[-74.64252471899994,-52.74669265699998]]],[[[-71.96758270299995,-52.64522170899994],[-72.40166473399995,-52.90877914299995],[-72.66339111299999,-52.729610442999956],[-72.99258422899999,-52.86838912999997],[-72.72091674799998,-53.30247115999998],[-73.25753021199995,-53.220832824999945],[-72.39005279599996,-53.53372192399996],[-72.68575286799995,-53.35330581599993],[-72.40419769299996,-53.26499938999996],[-72.62161254699998,-53.194499967999946],[-71.38930511499996,-52.810859678999975],[-71.96758270299995,-52.64522170899994]]],[[[-68.60678021599995,-52.6612128],[-69.42835998599998,-52.469501495999964],[-69.90672302299998,-52.852111814999944],[-70.43258666999998,-52.78513717699997],[-70.08752441399997,-52.930168150999975],[-70.43419647199994,-53.38085937499994],[-69.34419250399998,-53.404998777999936],[-70.16921997099996,-53.80250167899993],[-68.96944427499994,-54.44675064099994],[-69.34583282499995,-54.71339035099999],[-69.45502471999998,-54.341278074999934],[-69.84850311299994,-54.28041839599996],[-69.76516723599997,-54.58375167699995],[-69.97760772699996,-54.26330566299998],[-70.10500335699999,-54.427944181999976],[-70.92338561999998,-54.11794280999993],[-70.12000274599995,-54.567916869999976],[-70.54003143299997,-54.39625167899993],[-70.75172424299996,-54.626277923999965],[-70.78502654999994,-54.323806762999936],[-70.92416381899994,-54.515834806999976],[-72.02246856699998,-54.508361814999944],[-68.60690241199995,-54.89214274099999],[-68.60678021599995,-52.6612128]]],[[[-74.63085937499994,-50.71419525199997],[-74.69002532999997,-51.12458419799998],[-74.35591888399995,-51.03586196899994],[-74.63085937499994,-50.71419525199997]]],[[[-75.39169311499995,-50.46044540299994],[-75.31330871599994,-50.81124877999997],[-75.05249786299999,-50.50836181599993],[-75.39169311499995,-50.46044540299994]]],[[[-75.26841735799997,-50.002140044999976],[-75.21839141799995,-50.457916259999934],[-74.75753021199995,-50.15336227299997],[-75.26841735799997,-50.002140044999976]]],[[[-75.43916320799997,-49.59505462699997],[-75.55255889899996,-49.846668242999954],[-75.14839172199999,-49.90627670199996],[-75.43916320799997,-49.59505462699997]]],[[[-74.71922302199994,-48.677082061999954],[-75.05630493199999,-48.84083175599994],[-74.87252807599998,-49.386695860999964],[-75.46585845999994,-49.370887756999934],[-75.00336456299993,-49.91291808999995],[-75.09919738699995,-49.54586029099994],[-74.56089019799998,-49.315029143999936],[-74.91416931099997,-49.68419265599994],[-74.62335967999996,-50.06460952799995],[-74.62583160399998,-49.883335113999976],[-74.39919280999999,-49.90586090099998],[-74.58080291799996,-49.683334350999985],[-74.41750335699999,-49.220027921999986],[-74.54916381899994,-49.02750015299995],[-74.45044708199998,-48.94499969499998],[-74.58875274699994,-48.956722259999935],[-74.50127410899995,-48.72666549599995],[-74.66422271699997,-48.878749847999984],[-74.71922302199994,-48.677082061999954]]],[[[-74.72174835199996,-48.137111663999974],[-75.00785827599998,-48.58258437999996],[-74.59508514399994,-48.71127700799997],[-74.72174835199996,-48.137111663999974]]],[[[-75.20005798399995,-48.082027435999976],[-75.00416564899996,-48.46719360199995],[-74.78041839599996,-48.191696165999986],[-75.20005798399995,-48.082027435999976]]],[[[-74.23425292899998,-47.80794525199997],[-74.35377502399996,-47.83169555699993],[-74.23085784899996,-47.91041564999995],[-74.51041412399996,-47.91252899199998],[-73.83752441399997,-47.964584350999985],[-74.23425292899998,-47.80794525199997]]],[[[-73.82086181599993,-44.98291778599997],[-74.21627807599998,-45.17419433599997],[-73.69758605999994,-45.288722991999975],[-73.82086181599993,-44.98291778599997]]],[[[-74.14505767899993,-44.86214065399997],[-74.36585998599998,-45.02210998399994],[-73.90296936099998,-44.96333312899998],[-74.14505767899993,-44.86214065399997]]],[[[-74.14252471899994,-44.592109679999965],[-74.32839202799994,-44.78630447399996],[-73.85546874999994,-44.70002746599994],[-74.14252471899994,-44.592109679999965]]],[[[-74.31175231999998,-44.395416259999934],[-74.54714202799994,-44.50755691499995],[-74.103265,-44.55351200999996],[-74.31175231999998,-44.395416259999934]]],[[[-72.96791839599996,-44.375026702999946],[-73.46380615299995,-44.640834806999976],[-73.27583312999997,-44.93127822799994],[-72.69372558599997,-44.53335952799995],[-72.96791839599996,-44.375026702999946]]],[[[-73.90794372599998,-41.76919555699993],[-74.44877624499998,-43.273334502999944],[-73.87252807599998,-43.447944639999946],[-73.48547363299997,-43.126693725999985],[-73.79541778599997,-42.60002899199998],[-73.34708404499997,-42.26586150999998],[-73.48588561999998,-41.832973479999964],[-73.90794372599998,-41.76919555699993]]],[[[-67.1807,-22.813797],[-67.88303,-22.83262999899995],[-68.17909,-21.30201],[-68.738882,-20.456078998999942],[-68.404933,-19.416173998999966],[-68.9503,-18.936629998999933],[-69.05085699899996,-18.056168998999965],[-69.468453,-17.498344],[-69.796506,-17.647138],[-69.860052,-18.17001899899998],[-70.37783944699999,-18.352311106999935],[-70.05836762799998,-21.44116141099994],[-70.63009156599998,-23.50613333499996],[-70.39753236099995,-23.57780005099994],[-70.43756379499996,-25.24446798899993],[-70.90175904599994,-27.62030150099997],[-71.52173127499998,-28.914468064999937],[-71.27842225399996,-29.91116262999998],[-71.72089661999996,-30.60113455499993],[-71.43172730899994,-32.632828966999966],[-73.15589417899997,-37.11452223499998],[-73.68673219099998,-37.33363463099994],[-73.19506348999994,-39.44279982299997],[-73.95006074299994,-41.07616163999995],[-73.49881257399994,-41.804078355999934],[-72.95214356799994,-41.475716845999955],[-72.45964326299998,-41.69571806499994],[-72.28542603899996,-41.39241148599996],[-72.28628816,-41.668191210999964],[-72.88589753499997,-41.915272967999954],[-72.48010752099998,-42.14321986999994],[-72.45800294299994,-42.50235487699996],[-72.60297669799996,-42.18985487699996],[-72.84586610199995,-42.30366255499996],[-72.49753083599995,-42.61949660099998],[-72.82673158099993,-42.51699568399994],[-72.71094788899995,-43.108689562999984],[-73.10419740099996,-43.456162707999965],[-72.74167146099995,-43.84616209799998],[-73.28839387299996,-44.16616179199997],[-72.55131043799997,-44.52905012699995],[-73.51758851399995,-45.20196654099993],[-72.79795350499995,-45.452412858999935],[-73.49420442,-45.45952345499995],[-73.57380952299997,-45.785744921999935],[-73.14300813099999,-45.65491224899995],[-73.64586915399997,-45.98113371599993],[-73.67461671299998,-46.33327223499998],[-73.33758820899999,-46.04116179199997],[-73.65792359799997,-46.54907728899997],[-73.94506348999994,-46.56783034099993],[-73.72758759899995,-46.27282835699998],[-73.87044801099995,-46.14574553299997],[-73.84383668299995,-46.35652281399996],[-73.96798219099998,-46.22907759399993],[-74.09669770599999,-46.34946562499994],[-74.01714600999998,-46.18908049199996],[-74.46089448299995,-46.20033003399993],[-73.99586762799998,-46.15366102899998],[-74.33503236199994,-46.13366057099995],[-74.08428468099999,-45.81696821899993],[-74.43381013199996,-46.04902388399995],[-74.72878541399996,-45.81488539299994],[-75.09253205699997,-45.88613249399998],[-74.56503571899998,-46.049496903999966],[-74.85589875599999,-46.373635546999935],[-75.61092652699995,-46.66449476799994],[-75.37961854199995,-46.97738386799995],[-75.52212037399994,-46.71655012699995],[-74.87053193499997,-46.43824507499994],[-74.93800629999998,-46.756551043999934],[-74.00577049799995,-47.00193761699995],[-74.07458771999995,-47.389882340999975],[-74.28378571899998,-47.202412858999935],[-74.52259339599993,-47.424496903999966],[-73.92131318499997,-47.50407911999997],[-74.10214509399998,-47.74405027999995],[-74.52128114099997,-47.52818800699998],[-74.73089875599999,-47.71532942399995],[-74.55295075799995,-47.791550891999975],[-74.45714845099997,-47.702412858999935],[-74.54425324799996,-47.796132342999954],[-74.06045045299999,-47.786580339999944],[-73.93795289399998,-47.86824537999996],[-73.73217286499994,-47.62658049299995],[-73.26936616299997,-48.25949598999995],[-74.65339936599997,-48.01116301199994],[-74.23073638599999,-48.46632089399998],[-73.84264649799997,-48.40868879899995],[-74.39673127499998,-48.602830187999984],[-74.05425538399999,-48.746133104999956],[-74.44137086299997,-48.819108264999954],[-74.32881440499995,-48.94324614299995],[-74.46025361399995,-49.00113417399996],[-74.32378663399999,-49.19283034099993],[-74.40676855399994,-49.618529052999975],[-74.03961457599996,-49.19407774499996],[-73.65056123099998,-49.720273271999986],[-74.32047547699995,-49.64113356399997],[-74.26467408599996,-49.91152311899998],[-73.84056367299996,-49.835385575999965],[-73.86778535199994,-50.07074476799994],[-74.35550965699997,-49.99116255499996],[-73.8603695799999,-50.30113340999998],[-74.42628754999998,-50.020718827999985],[-74.70220460199994,-50.21113325699997],[-73.96367158299995,-50.37616087499998],[-73.87286652899996,-50.56321837199994],[-74.30044831599997,-50.473660723999956],[-74.03795136799994,-50.85241057099995],[-73.57125367599997,-50.388219134999986],[-73.34051026699996,-50.69532896599998],[-74.25047578299996,-50.94863249399998],[-74.07961549199996,-51.21824385399998],[-73.66214265299999,-51.112828509999986],[-73.58711518699994,-51.62282683199993],[-73.96883668299995,-51.42366148599996],[-73.71295442,-51.794911637999974],[-73.44044770599999,-51.67866255499996],[-73.50961579699998,-52.069882646999986],[-73.40795411499994,-51.63321806499994],[-73.24881257399994,-52.112828509999986],[-72.93553437599996,-51.88033034099993],[-73.36384095599993,-51.55616118199998],[-72.56542481799994,-51.79196669199996],[-73.42550935099996,-51.46866347099996],[-72.98484315299999,-51.168885484999976],[-73.14544953699993,-51.52280165299993],[-72.48044862199998,-51.794522538999956],[-72.91964234699998,-52.47741057199994],[-72.77208985699997,-51.97035719499996],[-72.99303712299997,-52.36491133499993],[-72.99962128999994,-52.08493925799996],[-73.33130921699995,-52.24985624899995],[-73.73714722999995,-52.041135089999955],[-73.70467652699995,-52.797440783999946],[-73.21300782599997,-52.41821791299998],[-72.87884034499996,-52.550301805999936],[-73.12044801199994,-52.530301348999956],[-73.22875489599994,-52.81616331799995],[-73.57389344599994,-52.819466845999955],[-73.36717211899997,-52.913502843999936],[-73.80652640299996,-52.92804325599997],[-73.10292329199996,-53.11407972899997],[-73.02878083599995,-52.870328204999964],[-72.68220033099993,-52.70699431199995],[-72.94211854399998,-52.754441516999975],[-72.92803468099999,-52.55738569899995],[-71.54556550399997,-52.570496813999966],[-71.11570252799999,-52.88538481499995],[-71.35053529099997,-53.12866331799995],[-71.96467103399993,-53.579049365999936],[-71.85553254499996,-53.23277403499998],[-72.18625916899998,-53.44654966899998],[-72.10303773299995,-53.25571562499994],[-72.48545350299997,-53.39613462999995],[-71.29136933699994,-53.90241362199998],[-70.88422669699997,-52.74013258699995],[-69.21800507899997,-52.20393873799998],[-68.41856644099994,-52.38337057299998],[-69.995423,-52.000749],[-72.007847,-51.97881899899994],[-72.441837,-51.58334299899997],[-72.286475,-50.658984],[-73.200006,-50.820554],[-73.522085,-50.14868799899995],[-73.471846,-49.29467799899993],[-72.52507,-48.790838],[-72.227787,-48.319129],[-72.52298,-47.743433],[-71.645273,-46.684830998999985],[-71.801202,-45.628033],[-71.319795,-45.29339099899994],[-72.07641,-44.778009],[-71.292405,-44.81359199899998],[-71.091717,-44.551989],[-71.840438,-44.35120899899994],[-71.580747,-43.651853],[-72.179061,-42.69582899899996],[-72.176173,-42.141468],[-71.725351,-42.11049299899997],[-71.963943,-40.719039],[-71.437914,-38.93570699899993],[-70.82692,-38.59678],[-71.17973,-36.84178],[-70.42119,-36.15618],[-70.58097,-35.25778],[-69.801492,-34.244066],[-69.76914,-33.34469],[-70.06482,-33.20502],[-70.5247,-31.18935],[-69.819206,-30.186783998999942],[-70.02112,-29.32958999899995],[-69.65027,-28.39552],[-68.841955,-27.154381998999952],[-68.2933,-27.03882],[-68.58580199899995,-26.493622],[-68.34356,-25.11080999899997],[-68.56121,-24.76379],[-67.32272,-24.03411],[-66.9905,-23],[-67.1807,-22.813797]]]]},"properties":{"id":"CHL","name":"Chile","iso":"CHL"}},
{"type":"Feature","geometry":{"type":"MultiPolygon","coordinates":[[[[110.70458221400008,20.112472534000062],[109.25997161800007,19.902915955000026],[108.63208007800006,19.272472383000036],[108.68622589100005,18.505777359000035],[109.57247161900005,18.16038894600007],[110.41169738800005,18.661222459000044],[111.04294586200007,19.642444612000077],[110.70458221400008,20.112472534000062]]],[[[110.39830780000005,21.097055435000073],[110.22580719000007,20.991277694000075],[110.52749633800005,20.927083969000023],[110.39830780000005,21.097055435000073]]],[[[74.564626,37.03085200100003],[75.803792,36.710235],[76.144778,35.83756100100004],[76.566612,35.925189],[76.76045488000005,35.663249069000074],[77.82297836500004,35.51124579900005],[77.92412,35.497118],[79.343439,35.987873],[80.420182,35.460158],[79.403281,34.00233],[78.902643,34.001616],[78.936605,33.386916],[79.151971,33.18186900100005],[79.557271,32.759179],[79.276039,32.556002],[78.968287,32.33574],[78.73958861600005,32.69571814500006],[78.66406414300008,32.657524986000055],[78.63140514600008,32.63473230300008],[78.56938344600007,32.61572266500008],[78.491309,32.273919],[78.763404,31.94768900100007],[78.74078652600008,31.88521133300003],[78.70487338200007,31.78059207000007],[78.88339,31.286193001000072],[79.099114,31.454677],[79.41306149500008,31.072992732000046],[79.70073300100006,30.970731],[80.19293851500004,30.666710047000038],[81.02851943800005,30.232563226000025],[81.03456025700007,30.197186608000038],[81.23158461500003,30.00781368500003],[81.40817907500008,30.421379476000027],[82.08547402200008,30.359171348000075],[83.57842390100006,29.178976084000055],[84.09555211900005,29.29234981700006],[84.46027427800004,28.751474642000062],[85.18828648900006,28.64139997600006],[85.12063392300007,28.33589283200007],[85.71171144700008,28.386261887000046],[86.00048794200006,27.911460333000036],[86.18658610400007,28.174299236000024],[86.41061563700003,27.906709437000075],[86.57426738200007,28.113185486000077],[87.17179528700007,27.82127667800006],[88.13562745600007,27.881582533000028],[88.754741,28.080301],[88.92136938200008,27.32728762800008],[89.01516010200004,27.50797704100006],[89.12804,27.614839001000064],[89.794771,28.246868001000053],[91.338926,28.065683],[91.64299604700005,27.761111],[92.455818,27.79333500100006],[94.693603,29.317934001000026],[95.262616,29.06834],[96.053699,29.382748],[96.63180951800007,28.73370733300004],[96.40645336900008,28.505854386000067],[97.34548056100004,28.21545671000007],[97.663623,28.53838100100006],[98.317123,27.52312],[98.703357,27.56491500100003],[98.781857,26.622469],[98.705283,25.855488],[98.167347,25.625569],[97.547112,24.742632],[97.768675,24.264455],[97.52812,23.929082],[98.87804600100009,24.155806],[98.885252,23.182777],[99.56603,22.933009001000073],[99.167696,22.149641],[99.971924,22.059284],[100.16844,21.485952],[101.10078300100008,21.77776],[101.14415616600007,21.563907690000065],[101.28570626900006,21.176220001000047],[101.83888674900004,21.208219076000034],[101.54886136200008,22.24589596800007],[101.76089416200006,22.50899983200003],[102.14391552300003,22.400736333000054],[102.49653349400006,22.780852278000054],[103.03081727200004,22.442417186000057],[103.32770594600004,22.811256204000074],[103.97732250700005,22.506747063000034],[105.32345554100004,23.392650589000027],[105.87786539100006,22.916601214000025],[106.83563317200009,22.80593627500008],[106.55705931100005,22.458533620000026],[106.69129986200005,21.964024821000066],[108.00118691800009,21.54744106800007],[108.47738647400007,21.56286049000005],[108.55403137200005,21.920333863000053],[109.16080474900008,21.40541648900006],[109.60958099400005,21.75830650300003],[109.96541595400004,21.48333358900004],[109.66541290300006,20.93586158900007],[109.92663574300008,20.22875023000006],[110.28414154000006,20.241222381000057],[110.53536224400005,20.47669410700007],[110.16958618100006,20.843334199000026],[110.38166809200004,21.40788841400007],[110.44664001500007,21.18786049000005],[111.63830566400009,21.51372146700004],[111.67455291700009,21.79583358700006],[112.3433609010001,21.707889557000044],[112.36499786400009,21.996221544000036],[112.91249847400002,21.852056505000064],[112.9216918940001,22.514554977000046],[113.11408233600002,22.07202720600003],[113.28327941900011,22.368638992000058],[113.55720408000002,22.187223001000064],[113.36833190900006,23.11124992400005],[114.29750061100003,22.26044464100005],[114.20872497500011,22.53750038100003],[114.60747528000002,22.49788856600003],[114.77997589100005,22.837083817000064],[114.88166809200004,22.54455566400003],[115.31414032000009,22.902860641000075],[115.57250213600003,22.658750535000024],[115.59664154000006,22.880388260000075],[116.49580383300008,22.939556123000045],[116.48371887200005,23.259971618000066],[116.74036407500012,23.25],[116.45625305200008,23.44750022900007],[117.2441101070001,23.60455513100004],[117.35247039800004,23.948722839000027],[117.58502960200008,23.715389251000033],[118.13455200200008,24.264972687000068],[117.7795257570001,24.505722046000074],[118.65086364700005,24.555416107000042],[118.56330871600005,24.908721924000076],[118.9858627320001,24.88122177100007],[118.86958313000002,25.247472763000076],[119.28163909900002,25.171222687000068],[119.08827972400002,25.422916413000053],[119.32917022700008,25.614555358000075],[119.646667481,25.346221925000066],[119.51208496100003,26.075000764000038],[119.9587478630001,26.37416648900006],[119.5799713130001,26.423721315000023],[119.83122253400006,26.44997215400008],[119.54289245600012,26.813304902000027],[120.07791900600012,26.803333284000075],[119.83419799800004,26.521249771000043],[120.12080383300008,26.636222839000027],[120.85871887200005,27.88500022900007],[120.58288574200003,28.10333251900005],[120.95830535900006,27.97955513000005],[121.17160797100007,28.39458274800006],[121.33786010800009,28.143304826000076],[121.6249694820001,28.265417100000036],[121.34583282400001,28.70430564800006],[121.73205566400009,28.941667557000073],[121.41877746600005,29.16247177100007],[121.97416687000009,29.222888948000048],[121.9978637690001,29.590805055000033],[121.42710876500007,29.47497177200006],[122.13786315900006,29.89249992500004],[121.26327514700006,30.32788848900003],[120.13708496100003,30.19750022900007],[121.91205596900011,30.938333513000032],[120.73919677800006,31.98711204500006],[120.05586242700008,31.967056274000072],[120.765830993,32.10291671900006],[120.94330596900011,31.812915803000067],[121.90955352800006,31.74080467300007],[120.85080719000007,32.61624908400006],[120.2846145630001,34.303306580000026],[119.18372344900001,34.69083404700007],[119.2011947630001,35.00500106800007],[120.29666900600012,35.968750001000046],[120.12666320800008,36.20375061200008],[120.71419525300007,36.133777620000046],[120.7774963380001,36.62791824300007],[121.96916961700003,37.02458191000005],[122.51667022700008,36.897026063000055],[122.69955444300001,37.40747070300006],[121.5566635130001,37.42789077800006],[120.7416687010001,37.832889557000044],[119.73497009300002,37.13874817000004],[119.1850280760001,37.14205551300006],[118.83992004400011,38.21372222900004],[118.03577423100012,38.13205719000007],[117.54792022700008,38.69163894600007],[117.88830566400009,39.18452835000005],[118.3358078010001,39.00539016700003],[119.07497406000005,39.23875045900007],[119.39372253400006,39.79333496100003],[120.44750213600003,40.19372177100007],[121.1916351320001,40.94538879500004],[121.88410949700005,41.048721313000044],[122.2853851320001,40.48666763400007],[121.24710846000005,39.41997146600005],[121.94247436500007,39.402915954000036],[121.14160919200003,38.72372055200003],[122.525802612,39.542026520000036],[124.22755312000004,39.91949181100006],[124.28106197600005,39.93024084800004],[124.2816837370001,39.93268442800007],[124.34480166500009,39.98633875000007],[124.36064779700007,39.990873187000034],[126.02221,40.899406001000045],[126.691572,41.749888001000045],[128.201844,41.408562],[128.03124000100001,41.995489],[128.915673,42.00957200100004],[129.703239,42.427139],[129.902012,43.005347001000075],[130.63938738000002,42.41683425100007],[130.39508200000012,42.726139001000035],[131.137173,42.933778001000064],[131.311365,43.39541600100006],[130.957019,44.84786100100007],[131.8756983190001,45.34136350700004],[133.1324658000001,45.12533410100008],[134.16933390100007,47.31838540000007],[134.7703977000001,47.71513550000003],[134.76713581600006,48.37112452800005],[133.055082,48.10726600100003],[132.545146,47.713913],[130.96783,47.7088],[130.676858,48.872027],[127.526258,49.81523600100007],[126.104955,52.76927],[123.514383,53.5556],[120.876234,53.292814],[120.027531,52.77663700100004],[120.722058,52.543801],[120.779468,52.156968],[119.15742180000007,50.022595401000046],[117.86812430000009,49.50831770000008],[116.71403773100008,49.845616137000036],[115.57358216300008,47.91977803800006],[117.37480259300003,47.64044517000008],[117.80441226900007,48.01438923900008],[118.55882603900011,47.99269541900003],[119.90394830100001,46.66611509200004],[117.41502467700002,46.58047217600006],[116.57758126400006,46.288694089000046],[116.17410978100008,45.69008306200004],[114.54111071200009,45.384556014000054],[113.62813888700009,44.74352800500003],[111.97105598200005,45.083667],[111.41133299300009,44.355833001000065],[111.94658298500008,43.69036100200003],[110.10227799900008,42.641278],[107.45988899900004,42.45788899900003],[105.00669499900005,41.581833],[100.84825000100005,42.672528],[96.38750057200008,42.72463902900006],[95.40980769000004,44.29391708300005],[93.50431506700005,44.96816748100008],[90.87954802600007,45.18939021500006],[90.92063167500004,46.939005603000055],[90.05776630000008,47.884649102000026],[89.06280017000006,47.98744110700005],[87.97058785600007,48.573016134000056],[87.81445472100006,49.17016155500005],[87.28578864400004,49.115872127000046],[86.85282678900006,49.110571151000045],[86.58663250900008,48.54053892400003],[85.71108,48.361181],[85.55900801900003,47.050422353000044],[84.94423200100005,46.862851],[83.031327,47.223267],[82.25846858200003,45.616263780000054],[82.56012946800007,45.20379976900006],[81.77287871500005,45.386157455000046],[79.88198536500005,44.91067764700006],[80.15884948200005,44.84193183600007],[80.16362145000005,44.84165413800008],[80.16665096400004,44.83300995400003],[80.16681170100009,44.83156594700006],[80.16667199700004,44.82850673200005],[80.16664125800008,44.82798608300004],[80.80728073000006,43.17727194100007],[80.43071229500003,42.973412805000066],[80.43080126900009,42.97335378200006],[80.174406,42.210844],[77.765178,41.014784],[76.868841,41.024539],[76.33999800100008,40.33925900100007],[75.699612,40.280084],[75.602762,40.663256],[74.837775,40.522045],[73.599819,39.459051001000034],[73.801471,38.613843],[74.695418,38.425102],[75.153956,37.409564],[74.889862,37.23409],[74.500896,37.239261001000045],[74.564626,37.03085200100003]]]]},"properties":{"id":"CHN","name":"China","iso":"CHN"}},
{"type":"Feature","geometry":{"type":"Polygon","coordinates":[[[33.01301807700003,34.64377099600006],[33.700988075000055,34.97817368200003],[33.90216621800005,34.964554915000065],[34.59416580200008,35.69708252000004],[32.28250122000003,35.10541534400005],[32.754901,34.650360001000024],[33.01301807700003,34.64377099600006]]]},"properties":{"id":"CYP","name":"Cyprus","iso":"CYP"}},
{"type":"Feature","geometry":{"type":"Polygon","coordinates":[[[16.940360811000062,48.616693577000035],[18.850899,49.516897],[17.713083,50.322527],[16.898528,50.447726],[16.689179,50.09849],[16.343159,50.661388],[14.823366,50.87056],[14.302535,51.054895001000034],[12.332887017000076,50.17092377800003],[12.100383058000034,50.31844874600006],[12.656817001000036,49.43394400100004],[13.839713060000065,48.77165956500005],[14.701512219000051,48.58270599700006],[15.02124949000006,49.02067668700005],[16.940360811000062,48.616693577000035]]]},"properties":{"id":"CZE","name":"Czechia","iso":"CZE"}},
{"type":"Feature","geometry":{"type":"MultiPolygon","coordinates":[[[[11.251667023000039,54.95872116100003],[11.000778198000035,54.76413726800007],[11.834111214000075,54.65000152700003],[11.251667023000039,54.95872116100003]]],[[[10.613305092000076,55.62533187900004],[9.677499771000043,55.51663971000005],[10.074972153000033,55.07535934500004],[10.77913856500004,55.10080719100006],[10.613305092000076,55.62533187900004]]],[[[12.309971809000047,56.13039016700003],[11.84244442000005,55.96833419900008],[12.08333301600004,55.65122222900004],[11.779972076000035,55.978721618000066],[10.86583328200004,55.74577713000008],[11.248305320000043,55.208751678000056],[11.810832977000075,55.14830398500004],[11.971666336000055,54.55705642800007],[12.207500457000037,55.50494384700005],[12.68252754200006,55.58833313100007],[12.309971809000047,56.13039016700003]]],[[[9.420756138000058,54.83182010000007],[9.785721779000028,54.91411209100005],[9.559139251000033,55.70747375500008],[10.030833245000053,55.69569397100008],[10.960805893000042,56.44413757400008],[9.79959861900005,56.63796786300003],[10.335778236000067,56.70747375600007],[10.309110642000064,56.98166656500007],[10.179445,56.994167],[10.00571250300004,57.07957105100007],[9.937185292000038,57.04862327900008],[9.696971627000039,57.041623188000074],[9.617221,56.96972200100004],[9.425555,57.019999],[9.208334,56.944445001000076],[9.321665,56.525556],[9.075556,56.8075],[8.72833200100007,56.482222],[8.165778160000059,56.65833282500006],[8.072444916000052,55.559112549000076],[8.622500420000051,55.42577743500004],[8.635735719000024,54.91148432800003],[9.420756138000058,54.83182010000007]]],[[[10.59169483200003,57.747917175000055],[8.594111442000042,57.119998932000044],[8.23241710600007,56.69749832300005],[8.551555634000067,56.57708358700006],[9.115556001000073,57.05277900100003],[9.780382830000065,57.10815381100008],[9.93340090700002,57.053177891000075],[10.011666,57.08916600100008],[10.218612,56.992777],[10.335000038000032,56.989555360000054],[10.59169483200003,57.747917175000055]]]]},"properties":{"id":"DNK","name":"Denmark","iso":"DNK"}},
{"type":"Feature","geometry":{"type":"Polygon","coordinates":[[[43.25870764700005,11.46068236700006],[42.51555411500004,11.571350623000058],[43.37186598100004,11.984252236000032],[43.13703784900008,12.71369560900007],[42.701089,12.354723001000025],[42.40428,12.46864],[41.835238,11.732829],[41.786898,10.978849],[42.967222,10.997222],[43.25870764700005,11.46068236700006]]]},"properties":{"id":"DJI","name":"Djibouti","iso":"DJI"}},
{"type":"Feature","geometry":{"type":"Polygon","coordinates":[[[-61.43119430599995,15.63580513100004],[-61.351612090999936,15.205361366000034],[-61.25036239599996,15.464166641000077],[-61.43119430599995,15.63580513100004]]]},"properties":{"id":"DMA","name":"Dominica","iso":"DMA"}},
{"type":"Feature","geometry":{"type":"Polygon","coordinates":[[[-71.75881586599996,18.031867026000043],[-71.42502593999995,17.601249695000035],[-71.05672454699999,18.31538963500003],[-69.32083129899996,18.45458412200003],[-68.64502715899994,18.207916260000047],[-68.32541656499995,18.594999313000073],[-68.91835784899996,19.02794456500004],[-69.62833404499997,19.08208274800006],[-69.15294647199994,19.303304672000024],[-69.74416351299993,19.283777238000027],[-69.96250152599998,19.681249619000027],[-71.01255798299997,19.933776855000076],[-71.75846862799995,19.702917100000036],[-71.627323,19.181727],[-72.00751,18.623756],[-71.75881586599996,18.031867026000043]]]},"properties":{"id":"DOM","name":"Dominican Republic","iso":"DOM"}},
{"type":"Feature","geometry":{"type":"MultiPolygon","coordinates":[[[[-90.25044250499997,-0.48586112299995],[-90.53419494599996,-0.696222245999934],[-90.23919677699996,-0.743749974999957],[-90.25044250499997,-0.48586112299995]]],[[[-91.33605194099994,0.163722217000043],[-91.59541320799997,-0.009194444999935],[-91.07291412399996,-0.614194452999925],[-91.51291656499995,-0.899194419999958],[-91.16672515899995,-1.052138924999952],[-90.78208160399998,-0.756694435999975],[-91.33605194099994,0.163722217000043]]],[[[-78.81023059899996,1.428717452000058],[-78.93223084799996,1.060421331000043],[-80.09212006899998,0.774338051000029],[-79.94964875599999,0.169171378000044],[-80.05122651399995,0.368976935000035],[-80.50172700299998,-0.393634186999975],[-80.27714814399997,-0.671606377999979],[-80.91253175199995,-1.055328623999969],[-80.90008820899999,-2.331967608999946],[-80.25131501499999,-2.7399120499999],[-79.96461762799998,-2.210717455999941],[-80.03250122099996,-2.505416629999957],[-79.87880982799999,-2.218245284999966],[-79.71419801199994,-2.468634144999953],[-80.22128786299999,-3.438612451999973],[-80.12676027499998,-3.895065925999972],[-80.48186252899995,-4.054003429999966],[-80.44952150199998,-4.447732185999939],[-79.62861704899996,-4.439213517999974],[-79.01525548599994,-5.016152705999957],[-78.34680107199995,-3.380964874999961],[-76.63357144199995,-2.590188807999937],[-75.55769217999995,-1.560841994999976],[-75.38820173499994,-0.925366187999941],[-75.18714655299993,-0.972799819999977],[-75.61048217499996,-0.113508524999929],[-75.25477189699996,-0.115809998999964],[-76.27726878399994,0.436972941000022],[-76.58587586499993,0.218633462000071],[-77.52956836899995,0.406803333000028],[-77.66477581299995,0.817861666000056],[-78.81023059899996,1.428717452000058]]]]},"properties":{"id":"ECU","name":"Ecuador","iso":"ECU"}},
{"type":"Feature","geometry":{"type":"MultiPolygon","coordinates":[[[[34.267257,31.220052],[34.21872822000006,31.32352067200003],[33.13868388700007,31.04225621200004],[32.36896133400006,31.24644660900003],[32.310256958000025,31.094139099000074],[32.34623336800007,30.709861755000077],[32.30538177500006,30.567785264000065],[32.573898315000065,30.209857941000053],[32.717398811000066,29.44753439400006],[33.181029247000026,29.001331588000028],[33.24138136900007,28.555587084000024],[34.25102828900003,27.724131283000077],[34.902489959000036,29.490654862000042],[34.267257,31.220052]]],[[[25.149286068000038,31.657312519000072],[24.696775,30.155883001000063],[24.999995,29.253109],[25,22],[31.315029,22],[31.469795,22.224918],[31.398882,22],[33.165718,22],[33.553317,21.724952],[33.99951,21.769434],[34.149413,22.203899001000025],[34.687653,22.295879],[34.947203,22.860202],[35.61962327300006,23.146409214000073],[35.47280693100004,23.93349937000005],[35.793544102000055,23.907159644000046],[35.13798266600003,24.511899882000023],[33.58434331900003,27.84740271000004],[32.343801072000076,29.588243508000062],[32.58503723100006,29.974672318000046],[32.302596304000076,30.342485150000073],[32.356932409000024,30.41336668300005],[32.25990215400003,30.58058040900005],[32.342418671000075,30.703624726000044],[32.29521179200003,31.233688355000027],[32.34245305200005,31.299269852000066],[31.047883246000026,31.59892154700003],[29.04326326200004,30.81935763900003],[25.149286068000038,31.657312519000072]]]]},"properties":{"id":"EGY","name":"Egypt","iso":"EGY"}},
{"type":"Feature","geometry":{"type":"Polygon","coordinates":[[[-89.355961,14.42046],[-90.13465429899998,13.745351793000054],[-88.46917237599996,13.156309828000076],[-88.71878327799999,13.263087971000061],[-87.90047730799995,13.153004391000024],[-87.81939794199997,13.407894229000021],[-87.800029,13.92068400100004],[-88.46826,13.848831],[-89.355961,14.42046]]]},"properties":{"id":"SLV","name":"El Salvador","iso":"SLV"}},
{"type":"Feature","geometry":{"type":"MultiPolygon","coordinates":[[[[9.835810957000035,2.310056215000031],[9.34052366900005,1.17539160900003],[9.796409091000044,0.999403212000061],[11.3333,1.000000001000046],[11.3333,2.172222001000023],[9.835810957000035,2.310056215000031]]],[[[8.713827284000047,3.788180791000059],[8.452198029000044,3.269924164000031],[8.931680679000067,3.637331248000066],[8.713827284000047,3.788180791000059]]]]},"properties":{"id":"GNQ","name":"Equatorial Guinea","iso":"GNQ"}},
{"type":"Feature","geometry":{"type":"MultiPolygon","coordinates":[[[[39.95931675600008,15.885618899000065],[39.950444032000064,15.625080486000058],[40.42476022000005,15.562692137000056],[39.95931675600008,15.885618899000065]]],[[[43.13703784900008,12.71369560900007],[41.18969629600008,14.622842310000067],[40.20926229100007,14.949062086000026],[39.87632460200007,15.506184546000043],[39.71425014500005,15.090576085000066],[38.58225028800007,18.021212827000056],[38.24271,17.550802],[37.001776,17.079021],[36.433348,15.167336],[36.56039403500006,14.257664973000033],[37.311993,14.44787000100007],[37.527906,14.183953001000077],[37.914621,14.894214],[38.455326,14.41347200100006],[40.132839,14.546634],[40.942174,14.08164],[42.40428,12.46864],[42.701089,12.354723001000025],[43.13703784900008,12.71369560900007]]]]},"properties":{"id":"ERI","name":"Eritrea","iso":"ERI"}},
{"type":"Feature","geometry":{"type":"MultiPolygon","coordinates":[[[[22.565027237000038,58.63785934600003],[21.836610794000023,58.497859954000035],[22.047527313000046,57.90166854900008],[23.309139252000023,58.425804138000046],[22.565027237000038,58.63785934600003]]],[[[22.586610794000023,59.09291839600007],[22.037445070000047,58.92916488600008],[22.563249588000076,58.68624877900004],[23.07072258000005,58.83750152600004],[22.586610794000023,59.09291839600007]]],[[[28.064861285000063,59.46171720400008],[25.696556091000048,59.676193237000064],[23.503250122000054,59.23041534500004],[23.73583412100004,58.34997177200006],[24.58086204500006,58.33327865600006],[24.35195703200003,57.87645943600006],[25.295673015000034,58.08145005000006],[26.524905700000033,57.51624705800003],[27.351462,57.518074],[27.818994736000036,57.89056207600004],[27.357339482000043,58.78722537800007],[28.064861285000063,59.46171720400008]]]]},"properties":{"id":"EST","name":"Estonia","iso":"EST"}},
{"type":"Feature","geometry":{"type":"Polygon","coordinates":[[[42.40428,12.46864],[40.942174,14.08164],[40.132839,14.546634],[38.455326,14.41347200100006],[37.914621,14.894214],[37.527906,14.183953001000077],[37.311993,14.44787000100007],[36.56039403500006,14.257664973000033],[36.159919,12.697182],[35.69833900100008,12.673097],[35.0869,11.807542001000058],[34.868343,10.731293],[34.602817,10.905978],[34.294576,10.584899],[34.106668918000025,9.500001],[34.141982,8.601771001000031],[33.21883,8.434842],[33.004727,7.858829],[33.715563,7.663140001000045],[34.939003,6.558017001000053],[35.126028,5.62441700100004],[35.316011,5.33482200100002],[35.861817,5.320283],[35.948997,4.631039],[37.028924,4.388076001000059],[38.127008,3.610366001000045],[39.543442,3.404137001000038],[40.75633,4.284745],[41.196641,3.937412001000041],[41.906945,3.982678],[43.63497,4.854599],[44.970454,4.913288001000069],[48.00105600100005,8.001306],[47.001028,8.00113900100007],[43.995312,9.003194001000054],[42.853715,10.219238001000065],[42.67008,10.623811],[42.967222,10.997222],[41.786898,10.978849],[41.835238,11.732829],[42.40428,12.46864]]]},"properties":{"id":"ETH","name":"Ethiopia","iso":"ETH"}},
{"type":"Feature","geometry":{"type":"MultiPolygon","coordinates":[[[[178.1866455070001,-17.31208419799998],[177.5216369630001,-17.50708389199997],[177.3375244140001,-18.119611738999936],[178.66792297400002,-18.088361739999982],[178.1866455070001,-17.31208419799998]]],[[[179.99417114200003,-16.146278380999945],[178.49705505300005,-16.81505584699994],[178.73661804200003,-17.019638059999977],[179.20585632300003,-16.69958305299997],[179.93499755800008,-16.765443801999936],[179.9291992190001,-16.469610213999943],[179.4779205320001,-16.70750045699998],[180.0000000000001,-16.171249389999957],[180.0000000000001,-16.16666666699996],[180.0000000000001,-16.14791679299998],[179.99417114200003,-16.146278380999945]]]]},"properties":{"id":"FJI","name":"Fiji","iso":"FJI"}},
{"type":"Feature","geometry":{"type":"Polygon","coordinates":[[[20.550329,69.06009],[23.651131727000063,67.95812925900003],[24.145731400000045,65.83761712800003],[25.18247222900004,65.58413696300005],[25.484111786000028,64.95749664300007],[24.548276901000065,64.82208251900005],[21.124139786000057,62.79997253400006],[21.797472,61.49163818300008],[21.342472076000035,60.68413925300007],[22.519193650000034,60.21330642800007],[23.092416763000074,60.369998932000044],[22.91663932800003,59.80791855000007],[25.899999618000038,60.24625015400005],[25.943277359000035,60.49789047300004],[27.799670683000045,60.54725825400004],[31.5871,62.908525],[29.971588,63.757073],[30.553837,64.132171],[29.616956,64.914697],[30.134272,65.70030500100006],[29.03372,66.92541800100008],[30.01719,67.673584],[28.646758,68.196421],[28.930019,69.05181300100003],[29.337630001000036,69.478641],[27.956076001000042,70.091845],[25.901114762000077,69.67236971500006],[24.902922,68.554827],[23.872356,68.83727500100008],[22.37614042000007,68.71663807200008],[21.604864,69.27986800100007],[20.550329,69.06009]]]},"properties":{"id":"FIN","name":"Finland","iso":"FIN"}},
{"type":"Feature","geometry":{"type":"Polygon","coordinates":[[[13.297022,2.172197],[11.3333,2.172222001000023],[11.3333,1.000000001000046],[9.796409091000044,0.999403212000061],[9.552463055000032,0.95101064000005],[9.634787106000033,0.485306518000073],[9.30660659800003,0.518395076000047],[9.921913532000076,0.182263372000023],[9.495506249000073,0.083435036000026],[9.316862069000024,0.330680094000058],[9.151521646000049,-0.773492730999976],[8.701270066000063,-0.672668433999945],[9.623023233000026,-2.39998105899997],[11.15207606000007,-3.961807759999942],[11.441776,-3.504295998999964],[11.667272,-3.745711],[11.958034,-3.412972],[11.524394,-2.373584],[12.513935,-2.421706],[12.651048,-1.812376],[12.99665,-2.365215],[13.490344,-2.43618],[13.762981,-2.088944998999978],[14.10325,-2.512751998999931],[14.433742,-1.899217],[14.526855,-0.617438],[13.81816,-0.154609],[14.497784,0.930518],[14.184588,1.397613001000025],[13.151876,1.236054],[13.297022,2.172197]]]},"properties":{"id":"GAB","name":"Gabon","iso":"GAB"}},
{"type":"Feature","geometry":{"type":"Polygon","coordinates":[[[-16.747101510999983,13.06371806200002],[-15.802231328999937,13.16565276800003],[-15.088556765999954,13.59739353200007],[-14.359807449999948,13.229439024000044],[-13.791430490999971,13.42282228700003],[-15.068061058999945,13.825058106000029],[-16.545268247999957,13.591702048000059],[-16.41225001999993,13.329202853000027],[-15.57097216699998,13.513537706000022],[-16.36022868699996,13.262166775000026],[-16.66730499299996,13.489291192000053],[-16.747101510999983,13.06371806200002]]]},"properties":{"id":"GMB","name":"Gambia, The","iso":"GMB"}},
{"type":"Feature","geometry":{"type":"Polygon","coordinates":[[[-2.211653421999927,35.08512996800005],[-2.929538281999953,35.27169584000006],[-2.952618160999975,35.32010722800004],[-4.296919208999952,35.17114545100003],[-4.297947597999951,35.170798285000046],[-5.061170458999925,35.40699690800005],[-5.343217311999979,35.87088528500004],[-5.38216403499996,35.91243820300008],[-5.929354448999959,35.788574347000065],[-6.816166876999944,34.02674850600005],[-8.533252363999964,33.25123482600003],[-9.285259563999944,32.54222600600008],[-9.842191454999977,31.39173445600005],[-9.654632695999965,30.121932901000037],[-10.217372533999935,29.309929743000055],[-11.510828527999934,28.308122120000064],[-13.172297039999933,27.667269576000024],[-8.667610882999952,27.66726947500007],[-8.664186623999967,28.716840310000066],[-7.147617907999972,29.524171736000028],[-5.569692667999959,29.485284843000045],[-4.324134658999981,30.53058154100006],[-3.63538439499996,30.703794187000028],[-3.666666300999964,31.633334525000066],[-2.823485061999975,31.797681872000055],[-2.907566254999949,32.11815348300007],[-1.153951057999961,32.109415874000035],[-0.996975780999946,32.51656303000004],[-1.670087387999956,33.282249524000065],[-1.739476767999975,34.74284116900003],[-2.211653421999927,35.08512996800005]]]},"properties":{"id":"MAR","name":"Morocco","iso":"MAR"}},
{"type":"Feature","geometry":{"type":"Polygon","coordinates":[[[32.89112957900005,-26.85862608599996],[32.96091076000005,-26.082855260999963],[32.694255791000046,-26.274980581999955],[32.431332232000045,-25.957788336999954],[33.50294585000006,-25.15641543099997],[35.116291009000065,-24.605001485999935],[35.50072475500008,-24.103525198999932],[35.54379836000004,-22.160866471999952],[35.32812327600004,-22.189834488999963],[35.128761584000074,-20.936279527999943],[34.61529591200008,-20.525162699999953],[34.665466769000034,-19.68313219299995],[34.89154049000007,-19.848865545999956],[36.31209864600004,-18.863681247999978],[37.12348934200003,-17.691379584999936],[39.861634310000056,-16.44099280399996],[40.66944283000004,-15.279597262999971],[40.82719799100005,-14.463061368999945],[40.618289910000044,-14.604850806999934],[40.71891018000008,-14.207130468999935],[40.49367138000008,-14.19384673999997],[40.40648271500004,-12.920905096999945],[40.629380611000045,-12.749290103999954],[40.32699181400005,-11.308665709999957],[40.63899962700003,-10.695209301999967],[40.42137403600003,-10.481387962999975],[38.488989,-11.416805998999962],[37.91403500100006,-11.26531],[37.398726,-11.691263],[36.217465,-11.708525],[35.843352,-11.411227998999948],[34.95908500300004,-11.573524001999942],[34.63689657000003,-11.573566009999979],[34.37823061700004,-12.171651788999952],[34.56152708400003,-13.34816686499994],[35.918573104000075,-14.895350328999939],[35.81763848000003,-16.027690864999954],[35.14345167300007,-16.562336931999937],[35.30816325200004,-17.12451230399995],[34.25147597800003,-15.896626839999954],[34.601069936000044,-15.278845782999952],[34.52452756800005,-14.567536633999964],[33.66513103300008,-14.615774533999968],[33.21633487300005,-14.007062570999949],[30.219874,-14.99716499899995],[30.42184,-15.621168],[30.424583,-16.009519],[31.277896,-16.005296],[32.989987,-16.70006],[33.068236,-18.348767],[32.697882,-18.936608],[33.028368,-20.034898],[32.496873,-20.612846],[32.497132,-21.340902],[31.309523,-22.42199899899998],[31.985298,-24.305282],[31.975626894000072,-25.952684045999945],[32.13464,-26.840070998999977],[32.89112957900005,-26.85862608599996]]]},"properties":{"id":"MOZ","name":"Mozambique","iso":"MOZ"}},
{"type":"Feature","geometry":{"type":"Polygon","coordinates":[[[11.750727981000068,-17.251831624999966],[12.035282098000039,-18.50219157999993],[14.505390446000035,-22.544185623999965],[14.452764107000064,-24.02658191699993],[14.949664078000069,-26.31021121899994],[15.549291573000062,-27.75283817199994],[16.45450151500006,-28.633699845999956],[17.078511,-28.033657],[17.419143,-28.723097],[18.188859,-28.917946],[19.155979,-28.963299],[19.999223,-28.428491],[19.999318,-24.76233099899997],[19.999147,-21.999917],[20.998739,-22.000342],[20.998769,-18.317333],[23.296928,-18.00078599899996],[23.616093,-18.502334],[24.19565,-18.01839999899994],[25.261752,-17.790483998999946],[24.390971,-17.469689],[23.434229112000025,-17.63786700999998],[23.434227347000046,-17.637867338999968],[20.826248287000055,-18.03910717399998],[18.903836287000047,-17.819633173999932],[18.421520288000067,-17.389726173999975],[13.95574928700006,-17.43303517399994],[13.168597287000068,-16.963488172999973],[11.750727981000068,-17.251831624999966]]]},"properties":{"id":"NAM","name":"Namibia","iso":"NAM"}},
{"type":"Feature","geometry":{"type":"Polygon","coordinates":[[[45.015069,41.297086001000025],[45.459304,41.456112],[46.641957,41.107055],[46.192246,41.627285001000075],[46.425759,41.912340001000075],[45.15835,42.707687],[43.945294,42.549601],[42.86048600100003,43.17943],[40.661828,43.563131001000045],[40.00808560300004,43.386080192000065],[41.44291687000003,42.729999543000076],[41.779445649000024,41.86244583100006],[41.54952617200007,41.51994993500006],[42.830227,41.587244001000045],[43.474063,41.12304],[45.015069,41.297086001000025]]]},"properties":{"id":"GEO","name":"Georgia","iso":"GEO"}},
{"type":"Feature","geometry":{"type":"MultiPolygon","coordinates":[[[[14.227387934000035,53.92863586000004],[13.764194489000033,54.16833496100003],[14.212815405000072,53.86692092700008],[14.227387934000035,53.92863586000004]]],[[[13.43575000800007,54.68327713000008],[13.394971848000068,54.21958160400004],[13.76911067900005,54.33916854800003],[13.43575000800007,54.68327713000008]]],[[[6.021017,50.754283],[6.407541001000027,50.33519200100005],[6.137668,50.129949],[6.367098,49.469481],[8.232551,48.966533],[7.589446,47.590556],[8.585139,47.596944001000054],[8.571963,47.80935700100008],[9.561842,47.504397],[10.232334156000036,47.27049653700004],[10.454461741000046,47.55579908300007],[11.269974577000028,47.397517494000056],[12.257136994000064,47.742990347000045],[13.006828577000022,47.46428554200003],[12.758424915000035,48.126212483000074],[13.839713060000065,48.77165956500005],[12.656817001000036,49.43394400100004],[12.100383058000034,50.31844874600006],[12.332887017000076,50.17092377800003],[14.302535,51.054895001000034],[14.823366,50.87056],[14.639665001000026,52.571824],[14.122936,52.837090001000035],[14.267132766000032,53.69840474500006],[13.024999619000027,54.438751221000075],[12.382444383000063,54.25830459700006],[12.963360786000067,54.436222076000035],[12.538305283000057,54.48458480800008],[12.146611213000028,54.092082977000075],[10.894805908000023,53.95783233600008],[11.132416725000041,54.39080429100005],[10.143278122000027,54.32038879400005],[9.958250046000046,54.78280639600007],[9.420756138000058,54.83182010000007],[8.635735719000024,54.91148432800003],[8.399944305000076,55.05374908500005],[8.280777932000035,54.74163818300008],[8.604999543000076,54.88455581800008],[9.014027596000062,54.48663711700004],[8.574110985000061,54.30161285400004],[9.825805664000029,53.531639099000074],[8.668333054000072,53.89458465600006],[8.50569439000003,53.36908340600007],[7.332139015000052,53.68752670200007],[7.21048247300007,53.23885876600008],[6.680445,52.55382700100006],[7.072342,52.373258],[6.83269,51.969633],[5.945113,51.82380600100004],[6.021017,50.754283]]]]},"properties":{"id":"DEU","name":"Germany","iso":"DEU"}},
{"type":"Feature","geometry":{"type":"Polygon","coordinates":[[[-2.687203,9.491666001000056],[-2.493031,8.206478],[-3.260786,6.623015001000056],[-2.723604,5.139880001000051],[-3.105982291999965,5.091204317000063],[-1.980582188999961,4.756008934000022],[0.071731165000074,5.725138627000035],[0.929208186000039,5.788514341000052],[1.199481381000055,6.11225958700004],[0.532145,6.828771],[0.566999001000056,9.405928],[0.229136,9.463315001000069],[0.397835,10.308433001000026],[-0.059249,10.63233400100006],[-0.136269728999935,11.139498425000056],[-0.618382310999948,10.910460540000031],[-2.83355357399995,11.007087162000062],[-2.687203,9.491666001000056]]]},"properties":{"id":"GHA","name":"Ghana","iso":"GHA"}},
{"type":"Feature","geometry":{"type":"MultiPolygon","coordinates":[[[[23.740360260000045,35.69330596900005],[23.585777283000027,35.23202896200007],[24.73166656500007,34.92038726800007],[26.317054748000032,35.180778505000035],[24.279083252000078,35.35705566400003],[23.740360260000045,35.69330596900005]]],[[[28.228721619000055,36.45330429100005],[27.685832979000054,36.157890320000035],[27.750804901000038,35.877056122000056],[28.228721619000055,36.45330429100005]]],[[[20.564556122000056,38.47494506800007],[20.340805053000054,38.17541503900003],[20.788333893000072,38.056194305000076],[20.564556122000056,38.47494506800007]]],[[[23.316610336000053,39.03869628900003],[22.82788848900003,38.82416534400005],[24.55833244300004,37.979526521000025],[24.155834198000036,38.65288925200008],[23.316610336000053,39.03869628900003]]],[[[26.35327720600003,39.38122177100007],[25.831222534000062,39.187473297000054],[26.51749992400005,38.96958160400004],[26.35327720600003,39.38122177100007]]],[[[20.00868487300005,39.69148224500003],[20.725389480000047,38.95080566400003],[21.117750169000033,39.03902816900006],[20.72875022900007,38.814971924000076],[21.14249992400005,38.30455398500004],[22.40208244300004,38.44830703900004],[23.225389482000026,38.15497207800007],[22.874111175000053,37.93455505500003],[21.845861435000074,38.34038925300007],[21.104528428000037,37.85083389400006],[21.654582978000064,37.43000030500008],[21.703695297000024,36.814140321000025],[22.125833511000053,37.02458191000005],[22.48247146600005,36.38785934400005],[22.63500022900007,36.80538940400004],[23.19830513000005,36.43455505400004],[22.717889786000057,37.560832979000054],[23.170804977000046,37.28458404700007],[23.515806198000064,37.43041610900008],[22.993722916000024,37.877471924000076],[23.519971847000022,38.043724060000045],[24.030834198000036,37.647056580000026],[24.081249237000065,38.16247177100007],[22.52702713000008,38.85749816900005],[23.056612014000052,39.01538849000008],[22.93580627500006,39.35874939100006],[23.07250022900007,39.084556579000036],[23.350389480000047,39.187473297000054],[22.58455467300007,40.46497345100005],[22.928304672000024,40.637084962000074],[22.887083054000072,40.37497329800004],[23.949138641000047,39.938751222000064],[23.734972,40.35541534500004],[24.402915955000026,40.155834199000026],[23.739999771000043,40.75788879400005],[25.13494491600005,41.01205444300007],[26.036417653000058,40.72999089500007],[26.627390517000038,41.34819897600005],[26.35775496900004,41.711136268000075],[26.061038047000068,41.69864525300005],[26.130431877000035,41.35381904900004],[25.288071855000055,41.23534149300008],[24.525251283000046,41.56878501700004],[22.92717357300006,41.33848963200006],[20.98068591200007,40.853951066000036],[20.677427,40.09595800100004],[20.00868487300005,39.69148224500003]]]]},"properties":{"id":"GRC","name":"Greece","iso":"GRC"}},
{"type":"Feature","geometry":{"type":"MultiPolygon","coordinates":[[[[-54.36755371099997,70.33125305300007],[-54.230861663999974,69.91249847500006],[-54.935916900999985,69.82997131500008],[-54.37255477799994,69.67086029000006],[-54.969196317999945,69.68833160400004],[-53.347610473999964,69.58002472000004],[-54.18341827399996,69.34541320800008],[-52.18175125099998,69.47208404500003],[-51.99013900799997,69.80205535900006],[-54.36755371099997,70.33125305300007]]],[[[-25.701278685999966,71.06916809200004],[-28.13255500799994,70.44711303700007],[-25.293750762999935,70.65497589100005],[-25.701278685999966,71.06916809200004]]],[[[-24.142555236999954,72.87872314600008],[-24.528804778999927,72.83330535900006],[-24.02888870199996,72.46416473400006],[-22.19511032099996,72.12794494700006],[-22.756221770999957,72.43585968100007],[-21.94380569499998,72.48919677700007],[-24.142555236999954,72.87872314600008]]],[[[-23.18755531299996,73.06122589200004],[-24.54391670299998,72.89666748000008],[-23.14252853399995,72.86458587600004],[-22.605194091999977,72.68541717500005],[-21.917610166999964,72.67705536000005],[-23.18755531299996,73.06122589200004]]],[[[-24.720083234999947,73.43289184700006],[-25.719944,73.17038726800007],[-22.84894370899997,73.15497589200004],[-24.720083234999947,73.43289184700006]]],[[[-21.23758315999993,74.45958709700005],[-21.970027923999965,74.21952819800003],[-20.185112,74.15877532900004],[-21.23758315999993,74.45958709700005]]],[[[-17.84499931399995,75.32919311600006],[-18.94511032099996,75.33750152700003],[-18.880056380999974,75.00708007900005],[-17.572944640999935,74.94464111300005],[-17.84499931399995,75.32919311600006]]],[[[-46.88142500599997,82.66012951200008],[-48.468250273999956,82.63686370800008],[-45.80544280999993,82.05719757200006],[-46.88142500599997,82.66012951200008]]],[[[-33.93691635099998,83.63339233400006],[-40.10086059599996,83.45661163500006],[-38.07230377199994,83.16169738900004],[-39.69736099199997,82.74314117400007],[-43.62776183999995,83.27841186500007],[-46.48805618299997,83.14027404800004],[-40.84336090099998,82.50675201400009],[-46.592109680999954,82.77136230500008],[-43.26750183099995,82.23332977300004],[-45.618946075999986,82.25902557500007],[-45.28016662599998,81.75716400300007],[-50.384750365999935,82.51547241200007],[-50.34988784799998,81.60350036600005],[-53.75933456399997,81.98319244400005],[-54.805248259999985,81.60455322200005],[-55.17005538899997,82.32933044400005],[-59.35963821399997,82.10297393800005],[-57.212638854999966,81.33586120600006],[-60.78505706799996,81.90911102400008],[-61.80508422899999,80.99294281000005],[-63.47022247299998,81.20375061200008],[-63.10769271899994,80.73919677900005],[-64.08025360199997,81.11705780000005],[-67.46780395499997,80.34833526600005],[-67.01002502399996,80.05369568000003],[-63.847442626999964,80.14580536000005],[-66.01019287099996,79.11708068800004],[-68.76680755599995,79.07541656500007],[-72.83516693099995,78.35416412500007],[-71.38349914599996,77.79125213600008],[-69.43016815199996,77.75872039900008],[-70.19677734399994,77.55789184700006],[-66.17508697499994,77.60414123700008],[-66.16011047299997,77.25289154000006],[-69.09664154099994,77.26877594000007],[-66.10169219899996,77.17833709800004],[-71.38172149499997,77.00336456300005],[-67.91844177199994,76.68497467000003],[-69.61180877699996,76.41833496200007],[-68.42013549799998,76.07541656500007],[-66.47680664099994,75.91038513200004],[-67.11000060999999,76.25035858300004],[-65.42005920399998,76.01955413800005],[-63.39658355599994,76.38038635200007],[-58.40844345099998,75.72669219900007],[-58.67833328299997,75.34999847400007],[-56.15119552599998,74.55664062500006],[-57.30383300799997,74.10244751100004],[-56.07755660999993,74.28038787800006],[-55.04136276199995,73.36583709700005],[-55.696334838999974,73.05830383300008],[-54.27133178699995,72.48830413900004],[-55.626220702999944,72.45080566400003],[-54.69374847399996,72.36911010700004],[-55.250026702999946,71.92708587600004],[-54.39380645699998,72.24250030600007],[-55.86635971099997,71.68499756000006],[-55.28766632099996,71.39708709700005],[-53.907470702999944,71.44458007900005],[-53.54499816899994,72.35955810700005],[-53.370082854999964,71.77794647300004],[-52.71385955799997,71.99414062600005],[-53.27875137299998,71.71499633900004],[-51.63874816899994,71.71163940400004],[-53.003692626999964,71.41999816900005],[-51.39002609299996,71.49208068800004],[-52.53869628899997,71.16664123500004],[-51.67508315899994,71.36211395300006],[-52.226333617999956,71.11330413900004],[-51.24013900799997,71.14458465700005],[-51.968807219999974,71.02333068900003],[-50.643775939999955,70.74250030500008],[-51.476222991999975,70.73916626000005],[-50.727584838999974,70.32544708300003],[-52.92758178699995,70.76875305300007],[-54.61635971099997,70.65247345000006],[-52.35505676199995,70.04958343500005],[-50.221248626999966,70.01836395300006],[-51.154193877999944,69.20580291700003],[-50.37333297699996,69.34455871700004],[-50.06416702299998,68.97747039800004],[-51.09844589299996,69.13791656500007],[-51.307582854999964,68.73916626100004],[-50.68666839599996,68.82622528100006],[-50.65410995499997,68.50916290400005],[-52.24997329699994,68.64788818500006],[-53.47425079399994,68.30500030600007],[-52.46672058099995,68.16872406000005],[-50.801723480999954,68.50375366200007],[-51.43997192399996,68.18624877900004],[-50.33089065599995,67.92080688500005],[-53.33008193999996,68.18877411000005],[-52.06761169499998,67.95417022700008],[-53.11002731299993,68.05872345100005],[-53.74927902199994,67.50585937600005],[-53.00680541999998,67.75541687100008],[-51.61008453399995,67.97708129900008],[-52.37594604499998,67.81500244100005],[-51.719970702999944,67.68455505500003],[-51.03161239599996,67.98202514800005],[-51.19344329799998,67.74874877900004],[-50.27086257899998,67.81747436600006],[-51.313362120999955,67.73791503900003],[-50.768360137999935,67.55958557200006],[-52.985054015999935,67.73294067400008],[-53.81508254999994,67.18541717500005],[-51.45252609299996,67.33663940400004],[-53.959251403999986,67.09163665800008],[-52.232528686999956,66.84080505400004],[-53.493362426999965,66.64544677700007],[-52.417526244999976,66.52333068900003],[-53.64339065399997,66.50205230700004],[-53.07749938899997,66.28997039900008],[-53.553359985999975,66.09124756000006],[-50.964942931999985,66.96791839700006],[-50.347473143999935,66.83999633900004],[-51.27338790899995,66.84371948200004],[-53.480861663999974,66.02913665900007],[-52.88174819899996,66.02291870100004],[-53.18330383299997,65.83875274600007],[-51.75844573999996,66.07375335700004],[-53.20336151099997,65.75291442800005],[-52.69335937499994,65.81539154100005],[-52.48997116099997,65.37791442800005],[-51.89836120599995,65.54122161900005],[-51.948360442999956,65.62705230700004],[-51.813362119999965,65.68038940400004],[-51.23502731299993,65.81461334300008],[-50.464279173999955,65.67250061200008],[-51.625057219999974,65.71044159000007],[-51.91083145099998,65.62249755800008],[-51.703445434999935,65.57125091600005],[-52.57588958799994,65.30919647300004],[-51.97083282299997,65.31244659600003],[-52.209999083999946,64.79708099400005],[-51.26580429099994,64.99330902100007],[-52.167526244999976,64.68333435100004],[-52.001667021999936,64.18791961800008],[-50.65252685499996,64.73494720400004],[-50.996749877999946,65.21788787800006],[-49.64758300799997,64.33830261400004],[-50.89088821499996,64.61333465700005],[-50.20577621499996,64.43583679300008],[-51.75749969499998,64.16913604700005],[-50.39333343499993,64.35205841200008],[-50.09594345099998,64.12666320900007],[-51.60172271699997,64.03291320800008],[-51.44666671699997,63.79624938900008],[-50.90755462599998,63.921665192000034],[-51.55255508399995,63.66830444400006],[-50.50666808999995,63.653751373000034],[-51.24258422799994,63.43083190900006],[-50.16413879399994,63.37752914500004],[-51.109249114999955,63.331665040000075],[-50.05422210699993,63.21666717700003],[-50.62594604499998,63.08580398600003],[-50.36333465399997,62.77208328200004],[-49.69586181699998,63.04997253500005],[-50.31755447399996,62.486637115000065],[-49.27922058099995,62.26497268800006],[-49.71591567899998,61.96250152700003],[-48.83586120599995,62.069137573000035],[-49.726876421999975,61.93131058100005],[-49.263332366999975,61.68711090100004],[-48.80247116099997,61.97583389300007],[-49.23678851899996,61.63093006000008],[-48.607471465999936,61.631637573000035],[-49.272556304999966,61.53247070400005],[-48.26586151099997,61.52747345100005],[-49.08919525199997,61.384971620000044],[-47.91910934499998,61.31747055000005],[-47.658390044999976,60.80289077700007],[-46.20002746499995,60.974582672000054],[-45.770053863999976,61.32705688500005],[-46.02336120599995,60.89458465700005],[-45.21172332799995,61.19538879500004],[-46.23588943499993,60.73747253500005],[-45.39580535899995,61],[-45.989166259999934,60.56583404500003],[-45.545028686999956,60.44038772700003],[-45.215084074999936,60.76374816900005],[-45.206779479999966,60.39372253400006],[-44.62838745099998,60.71041488600008],[-45.17586135899995,60.12916564900007],[-44.46833419799998,60.53872299200003],[-45.11583328299997,60.05500030600007],[-44.61333465599995,59.95458221600006],[-44.11336135899995,60.35289001500007],[-44.165027617999954,60.13619613600008],[-43.140083311999945,60.07122039800004],[-44.21586227399996,60.60749816900005],[-43.22338867199994,60.43794632100003],[-42.78416824399994,60.69913864100005],[-43.52752685599995,60.81580734200003],[-42.817501068999945,60.787528991000045],[-43.49672317499994,60.90955734200003],[-42.60364390799998,60.85950475200008],[-43.62760925199996,61.118278503000056],[-42.637500762999935,61.08580398600003],[-43.25091552799995,61.32669448900003],[-42.397499084999936,61.39749908600004],[-43.08089065599995,61.58994293200004],[-42.423389432999954,61.55374908400006],[-42.875831603999984,61.767528535000054],[-42.110916137999936,61.99830627600005],[-42.55250167899993,61.94166564900007],[-42.26255416899994,62.28997039900008],[-42.99763870299995,62.51330566400003],[-42.147499084999936,62.37830734400006],[-43.15089034999994,62.75080490100004],[-41.78172302199994,62.81955719000007],[-42.113388061999956,63.24789047200005],[-41.31083297699996,63.054111481000064],[-41.92922210699993,63.46416854800003],[-41.140083312999934,63.29369354200003],[-41.59999847399996,63.48461151300006],[-40.74583434999994,63.57827758800005],[-41.511695861999954,63.857055665000075],[-40.509193419999974,63.68500137500007],[-40.58580398399994,64.10663604900003],[-41.569278716999975,64.25083160400004],[-40.34585952799995,64.34413909900007],[-41.13922119099993,65.13253021400004],[-40.21844482399996,64.98374939100006],[-39.930110930999945,65.56455230700004],[-38.19338989199997,65.61455535900006],[-37.87166595499997,66.41794586200007],[-37.15583419799998,66.30833435200003],[-37.80583190899995,65.86499786400003],[-37.20005416899994,65.74285888700007],[-37.25508499199998,66.09872436500007],[-36.996639251999966,65.85455322200005],[-35.58588790899995,66.11669158900008],[-35.886638640999934,66.44291687100008],[-34.79011154199998,66.31955719000007],[-33.234249114999955,67.68250274800005],[-32.04922103799993,67.93746948300003],[-32.60002899199998,68.64208221500007],[-31.626667022999982,68.08041382000005],[-30.075082778999956,68.13708496200007],[-29.99177741999995,68.43458557200006],[-29.416805266999972,68.21788787800006],[-26.390138624999963,68.66708374200005],[-22.33341598499993,69.99285888700007],[-25.280166625999982,70.41960906900005],[-27.40016746499998,69.95124817000004],[-28.555166244999953,70.04455566500008],[-26.336277007999968,70.36919403100006],[-29.215084075999982,70.39375305200008],[-28.06638908399998,70.69664001500007],[-28.395139693999965,70.98791503900003],[-26.787639617999957,70.93875122200006],[-25.43369483899994,71.27500152700003],[-28.46002769499995,71.54541778500004],[-27.346389770999963,71.70664215100004],[-28.502582549999943,71.97708129800003],[-24.643888473999937,71.34752655000005],[-23.46008300799997,70.47541809200004],[-22.63372230599998,70.44586181600005],[-22.485111236999956,70.86708068800004],[-22.423860549999972,70.46499633900004],[-21.49869537199993,70.51999664400006],[-21.6836948399999,71.07663726800007],[-22.33633422899993,71.05333709700005],[-21.75875091599994,71.49330902200006],[-22.38502693199996,71.24705505500003],[-22.57883262599995,71.46666717500005],[-21.921278,71.73828125100005],[-23.154972076999968,71.62877655000005],[-22.53869438099997,71.92416382000005],[-24.612527847999957,72.42375183100006],[-25.512556075999953,72.11538696300005],[-25.256305692999945,72.39580536000005],[-26.33380508399995,72.38747406000005],[-24.61513900799997,72.47705841200008],[-24.721416472999977,72.68250274800005],[-25.575082778999956,72.83458709700005],[-26.64252853399995,72.52378082200005],[-26.41869354199997,72.77919769300007],[-27.481306075999953,72.85250091700004],[-25.0612773899999,73.05078125100005],[-26.422527312999932,73.18711090200003],[-27.492444991999946,72.92624664300007],[-27.71627807599998,73.12416839700006],[-26.353860854999937,73.23500061200008],[-27.32761192399994,73.49622345100005],[-26,73.23622131500008],[-24.69505500799994,73.50289154100005],[-25.762556075999953,73.94875335800003],[-24.47758293199996,73.53622436500007],[-24.142555236999954,73.80789184600008],[-22.226388930999974,73.61250305300007],[-24.093944548999957,73.67585754400005],[-22.40261077899993,73.24791717500005],[-20.41127777099996,73.47750091600005],[-20.28872299099993,73.85747528200005],[-21.72516632099996,74.06291961700003],[-21.827554702999976,73.64125061000004],[-22.483749389999957,74.05416870200008],[-22.108888625999953,74.60419464200004],[-19.64505577099993,74.23622131300004],[-18.96877860999996,74.48416900600006],[-21.060167311999976,74.64955902100007],[-20.631666182999936,75.05252838100006],[-21.77269363399995,74.95372009400006],[-22.454916,75.17416381900006],[-21.767499922999946,74.97708130000007],[-20.565166472999977,75.18916320800008],[-22.501722335999943,75.54333496200007],[-19.60336112999994,75.12875366200007],[-19.351694106999958,75.72166443000003],[-21.871694564999927,75.96747589200004],[-19.785028457999942,76.16330719000007],[-21.836610793999967,76.21375274600007],[-22.73513793899997,76.70413970900006],[-22.190139770999963,76.88791656500007],[-21.666749953999954,76.62875366200007],[-21.31666755699996,76.94377899200003],[-18.28174972499994,76.81999969500004],[-18.406723021999937,77.33458709700005],[-21.100027083999976,77.54035949800004],[-19.283332824999945,77.76960754500004],[-20.886833190999937,78.01869201600005],[-21.995250701999964,77.70916748200005],[-21.241582870999935,78.80080413900004],[-19.10836029099994,79.19496917700008],[-19.675027847999957,79.66077423200005],[-17.502361297999983,80.05750274600007],[-19.329971313999977,80.09705352900005],[-20.24177741999995,79.75833130000007],[-20.627666473999966,80.11250305100003],[-16.107694625999954,80.51330566400003],[-21.277639388999944,80.57003021200006],[-16.039972304999935,80.72533416700009],[-12.142167090999976,81.59355926600006],[-15.155278205999934,81.93113708500005],[-17.674612045999936,81.85453033400006],[-18.398250578999978,81.43458557300005],[-20.50427818299994,81.42158508400007],[-20.241222381999933,81.67277526800007],[-24.78077697799995,80.53333282500006],[-22.936082839999983,82.07089233500005],[-27.811361312999964,81.39941406200006],[-26.156665801999964,81.98613739000007],[-34.27352905199996,81.80455780000005],[-31.42877769499995,82.08030700700004],[-32.70905685399998,82.19122314400005],[-25.773694991999946,82.16805267400008],[-21.903861998999957,82.625],[-26.940305708999972,82.77324676600006],[-26,83.16644287100007],[-36.82672119199998,82.70333099500004],[-34.83880615099997,83.16569519200004],[-26.643999099999974,83.29294586300006],[-33.93691635099998,83.63339233400006]]]]},"properties":{"id":"GRL","name":"Greenland","iso":"GRL"}},
{"type":"Feature","geometry":{"type":"Polygon","coordinates":[[[-61.666751860999966,12.233722686000021],[-61.80588912999997,12.001194002000034],[-61.637973784999986,12.042444229000068],[-61.666751860999966,12.233722686000021]]]},"properties":{"id":"GRD","name":"Grenada","iso":"GRD"}},
{"type":"Feature","geometry":{"type":"Polygon","coordinates":[[[166.9451323930001,-0.495548919999976],[166.9124450690001,-0.54041665799997],[166.94702148400006,-0.535805582999956],[166.9451323930001,-0.495548919999976]]]},"properties":{"id":"NRU","name":"Nauru","iso":"NRU"}},
{"type":"Feature","geometry":{"type":"Polygon","coordinates":[[[-89.151961,17.815693099000043],[-90.98783296699997,17.815695169000037],[-90.98783365999998,17.251306483000064],[-91.439439,17.247924],[-90.388526,16.411982],[-90.425629,16.100558],[-91.73157896299995,16.073898001000032],[-92.21063869599999,15.260647542000072],[-92.23114287699997,14.535925743000064],[-91.32028474199996,13.951976521000063],[-90.13465429899998,13.745351793000054],[-89.355961,14.42046],[-89.15491677499995,15.06891424500003],[-88.23300193399996,15.723996383000042],[-88.62314881699996,15.96550439200007],[-88.60414399499996,15.700393422000047],[-89.33048224099997,15.368224405000035],[-88.93637261399994,15.890064255000027],[-89.227588,15.896159001000058],[-89.151961,17.815693099000043]]]},"properties":{"id":"GTM","name":"Guatemala","iso":"GTM"}},
{"type":"Feature","geometry":{"type":"Polygon","coordinates":[[[81.03456025700007,30.197186608000038],[80.91692220500005,30.226034076000076],[80.36574144000008,29.747885964000034],[80.06479615600006,28.837602265000044],[81.88492524100008,27.856965091000063],[83.30479355800009,27.33136094100007],[84.15071261700007,27.51692663400007],[85.85169482600008,26.568012012000054],[88.00842245600006,26.36126273800005],[88.15305768800005,26.885289384000032],[88.13562745600007,27.881582533000028],[87.17179528700007,27.82127667800006],[86.57426738200007,28.113185486000077],[86.41061563700003,27.906709437000075],[86.18658610400007,28.174299236000024],[86.00048794200006,27.911460333000036],[85.71171144700008,28.386261887000046],[85.12063392300007,28.33589283200007],[85.18828648900006,28.64139997600006],[84.46027427800004,28.751474642000062],[84.09555211900005,29.29234981700006],[83.57842390100006,29.178976084000055],[82.08547402200008,30.359171348000075],[81.40817907500008,30.421379476000027],[81.23158461500003,30.00781368500003],[81.03456025700007,30.197186608000038]]]},"properties":{"id":"NPL","name":"Nepal","iso":"NPL"}},
{"type":"Feature","geometry":{"type":"Polygon","coordinates":[[[-7.979352,10.17032400100004],[-8.288725,11.018655],[-8.67191,10.962388],[-8.352726,11.376309],[-8.84916,11.653607],[-9.014583,12.420428],[-9.360922,12.499745],[-9.716327,12.028117],[-10.340039,12.22674900100003],[-10.659883,11.900442],[-10.934141,12.231666001000065],[-11.310762,12.023905],[-11.376809184999956,12.412652624000032],[-12.359461460999967,12.307289079000043],[-13.708298353999965,12.674861213000042],[-13.658164041999953,12.319963089000055],[-13.958249041999977,12.180369088000077],[-13.708163041999967,11.700510088000044],[-14.663605041999972,11.504960088000075],[-14.977568412999972,10.97181641900005],[-14.666620229999978,11.038108860000023],[-14.69830326899995,10.63264827200004],[-14.471930542999928,10.88843266400005],[-14.656131711999933,10.451742469000067],[-13.679063192999934,9.940218538000067],[-13.727969169999938,9.509675980000054],[-13.213403597999957,9.375507605000053],[-13.30077204,9.035692752000045],[-12.439458,9.88031600100004],[-11.208071,9.999973],[-10.464519,8.678785001000051],[-10.70123499899995,8.280267001000027],[-10.279229297999962,8.484688389000041],[-9.478978,8.35448],[-9.481257,7.365732],[-9.108112,7.190909],[-8.675645,7.698173],[-8.470911,7.557276],[-7.943345,8.017687],[-8.235503,8.465025001000072],[-7.637862,8.377278],[-7.974708,8.829746001000046],[-7.848937,9.421265001000052],[-8.140351,9.530765001000077],[-7.979352,10.17032400100004]]]},"properties":{"id":"GIN","name":"Guinea","iso":"GIN"}},
{"type":"Feature","geometry":{"type":"Polygon","coordinates":[[[-13.708298353999965,12.674861213000042],[-16.71592670499996,12.33844784400003],[-15.921060742999941,12.318009203000031],[-16.346955184999956,12.099891456000023],[-15.796914683999944,12.009586455000033],[-15.950801848999959,11.73437881600006],[-15.006523279999954,11.992396490000033],[-14.958719610999935,11.749286909000034],[-15.048494690999973,11.95726726600003],[-15.547641753999926,11.716014863000055],[-14.97375496799998,11.588310388000025],[-15.503585814999951,11.343567848000077],[-15.241012591999947,11.443872295000062],[-15.21212295,10.99567447000004],[-14.949372124999968,11.32827057000003],[-14.977568412999972,10.97181641900005],[-14.663605041999972,11.504960088000075],[-13.708163041999967,11.700510088000044],[-13.958249041999977,12.180369088000077],[-13.658164041999953,12.319963089000055],[-13.708298353999965,12.674861213000042]]]},"properties":{"id":"GNB","name":"Guinea-Bissau","iso":"GNB"}},
{"type":"Feature","geometry":{"type":"Polygon","coordinates":[[[-56.500267,1.934243001000027],[-58.070199,4.131027],[-57.880545,4.881725],[-57.184952,5.161584001000051],[-57.14882554199994,5.842472133000058],[-58.078783886999986,6.829254849000051],[-58.213755505999984,6.628449185000022],[-58.43133820899993,6.865949377000049],[-58.691729444999964,6.381337864000045],[-58.491339582999956,7.35650466200002],[-59.97663430899996,8.519701789000067],[-59.80578,8.27131200100007],[-60.720363,7.538838],[-60.305709,7.040141001000052],[-61.150436,6.737781],[-61.124543,6.193698],[-61.414905,5.970795],[-60.736389385999985,5.201389709000068],[-60.12003386299995,5.218553692000057],[-60.159885,4.517667],[-59.669266,4.374870001000033],[-59.513898,3.944234001000041],[-59.86954,3.563151001000051],[-59.99051899899996,2.686852001000034],[-59.749614,1.853794],[-59.279782,1.402919001000043],[-58.825897,1.164724001000025],[-57.332478,1.974528],[-56.500267,1.934243001000027]]]},"properties":{"id":"GUY","name":"Guyana","iso":"GUY"}},
{"type":"Feature","geometry":{"type":"Polygon","coordinates":[[[-71.75846862799995,19.702917100000036],[-73.41169738799994,19.840360643000054],[-72.70024871899994,19.45527839600004],[-72.82360839799998,19.04233360300003],[-72.35427856399997,18.531917573000044],[-74.21588897699996,18.673721315000023],[-74.48294067399996,18.424999238000055],[-73.88333129899996,18.020416261000037],[-73.39333343499999,18.276250841000035],[-71.75881586599996,18.031867026000043],[-72.00751,18.623756],[-71.627323,19.181727],[-71.75846862799995,19.702917100000036]]]},"properties":{"id":"HTI","name":"Haiti","iso":"HTI"}},
{"type":"Feature","geometry":{"type":"Polygon","coordinates":[[[39.200932,32.154284],[38.793674,33.374735],[36.838181,32.311136],[35.630983,32.68319900100005],[35.55499772200005,32.38935804600004],[35.475645,31.491814],[34.978138003000026,29.542927870000028],[34.96042429100004,29.35710639100006],[36.070097,29.18503600100007],[36.753536,29.868495],[37.499598,29.999146001000042],[37.997158,30.500606],[37.000897,31.500114],[39.200932,32.154284]]]},"properties":{"id":"JOR","name":"Jordan","iso":"JOR"}},
{"type":"Feature","geometry":{"type":"Polygon","coordinates":[[[-87.81939794199997,13.407894229000021],[-87.40278138499997,13.414699300000052],[-87.31096308499997,12.987515342000052],[-86.70573184799997,13.303018929000075],[-86.76099406199995,13.768882088000055],[-86.01163625899994,14.080218377000051],[-85.75240992199997,13.832097512000075],[-84.89941404899997,14.815032201000065],[-84.46982868899994,14.615919962000078],[-83.15120432499998,14.996070086000032],[-85.01887025099995,15.98533795700007],[-88.23300193399996,15.723996383000042],[-89.15491677499995,15.06891424500003],[-89.355961,14.42046],[-88.46826,13.848831],[-87.800029,13.92068400100004],[-87.81939794199997,13.407894229000021]]]},"properties":{"id":"HND","name":"Honduras","iso":"HND"}},
{"type":"Feature","geometry":{"type":"Polygon","coordinates":[[[16.113795,46.86908600100003],[16.596710569000038,46.47582046700006],[16.60616393600003,46.47494565100004],[16.610364048000065,46.46899351300004],[17.862107266000066,45.76731759000006],[18.890483465000045,45.92144772700004],[20.26426116500005,46.12635882700005],[21.180614415000036,46.30400004100005],[22.024204723000025,47.51990107800003],[22.896020373000056,47.954051605000075],[22.155218501000036,48.40395637600005],[20.546471,48.544133],[18.646012,47.75890600100007],[17.160807,48.00667800100007],[17.093332,47.708121],[16.447238,47.696489],[16.512438,47.00122],[16.113795,46.86908600100003]]]},"properties":{"id":"HUN","name":"Hungary","iso":"HUN"}},
{"type":"Feature","geometry":{"type":"Polygon","coordinates":[[[-16.18588829099997,66.53414154000006],[-16.575082778999956,66.08374786400003],[-18.314277648999962,66.15747070300006],[-18.051750182999967,65.64794159100006],[-18.786666869999976,66.19538879500004],[-19.405056,65.71705627400007],[-20.423694609999927,66.08752441400003],[-21.080055236999954,65.15791320900007],[-21.800806045999934,65.77080536000005],[-21.323333739999953,66.00878143300008],[-22.414943694999977,66.46038818400007],[-23.136693953999952,66.43205261300005],[-22.36258315999993,66.27083587600004],[-22.977611541999977,66.22916412500007],[-22.432472228999927,65.83333587600004],[-23.47011184699994,66.19872283900008],[-23.182527541999946,65.83916473400006],[-23.867527007999968,65.88996887300004],[-23.257583617999956,65.67835998500004],[-24.09661102299998,65.80708313000008],[-23.77252769399996,65.53416442800005],[-24.527584075999982,65.50250244100005],[-21.68088912899998,65.45586395400005],[-22.604139327999974,65.18663788000003],[-21.801750182999967,65.02622223000003],[-24.04919433599997,64.88249969600008],[-22.413333892999958,64.82041931100008],[-22.22594451899994,64.47330474800003],[-21.715833663999945,64.60414123600003],[-22.09499931299996,64.31038665800003],[-21.355916975999946,64.38747406000005],[-22.693416594999974,64.08628082300004],[-22.70427703799993,63.800804138000046],[-21.053304671999967,63.94122314600003],[-18.733388900999955,63.39036178600003],[-14.95836067199997,64.24041748000008],[-14.505083083999978,64.79122162000004],[-13.680805205999945,64.91416931200007],[-14.232500075999951,65.03502655000005],[-13.500861167999972,65.06752777100007],[-14.01338863199993,65.19208526700004],[-13.602582931999962,65.51169586300006],[-14.89591693899996,65.75663757300003],[-15.184249877999946,66.10830688500005],[-14.526749610999957,66.38041687000003],[-15.398333549999961,66.15958404500003],[-16.18588829099997,66.53414154000006]]]},"properties":{"id":"ISL","name":"Iceland","iso":"ISL"}},
{"type":"Feature","geometry":{"type":"MultiPolygon","coordinates":[[[[123.38405654900009,-10.433761343999947],[122.81819961600002,-10.909622891999959],[123.40406082100003,-10.678789838999933],[123.38405654900009,-10.433761343999947]]],[[[119.94455719000007,-9.27750015199996],[118.93122100800008,-9.559166907999952],[120.16249847400002,-10.239583013999948],[120.73413848900009,-10.17711067099998],[119.94455719000007,-9.27750015199996]]],[[[125.08729348300005,-9.462589758999968],[125.18680817200004,-9.029009945999974],[124.9491104440001,-8.958204251999973],[124.475758788,-9.17426345299998],[124.35477716500009,-9.485111022999945],[124.04351252700008,-9.336283134999974],[123.45780990600008,-10.356706366999958],[124.41361282300011,-10.153344853999954],[125.08729348300005,-9.462589758999968]]],[[[116.371635437,-8.210416793999968],[115.83166503900009,-8.82291698299997],[116.57538604800004,-8.898361205999947],[116.72708129900002,-8.368361472999936],[116.371635437,-8.210416793999968]]],[[[124.29830932800007,-8.17625045799997],[123.91789245600012,-8.449999808999962],[124.14336395200007,-8.53961086299995],[124.29830932800007,-8.17625045799997]]],[[[123.78749847400002,-8.173749922999946],[123.207084656,-8.53838920499993],[123.56913757500001,-8.567138671999942],[123.78749847400002,-8.173749922999946]]],[[[138.859558106,-8.138360976999934],[138.5954437250001,-8.352499961999968],[138.93916320800008,-8.379583357999934],[138.859558106,-8.138360976999934]]],[[[124.52413940400004,-8.122111320999977],[124.3533325190001,-8.441249847999927],[125.14125061000004,-8.319999693999932],[124.52413940400004,-8.122111320999977]]],[[[117.93750000000011,-8.083777426999973],[117.6895523070001,-8.236694335999971],[118.2716369630001,-8.65874957899996],[117.11669159000007,-8.366277692999972],[116.72955322200005,-9.010027885999932],[117.88664245600012,-8.947138784999936],[118.39497375500002,-8.597110747999977],[118.45666503900009,-8.886278151999932],[119.1778869630001,-8.72755527499993],[118.99497222900004,-8.310444831999973],[118.65747070300006,-8.548777578999932],[118.64250183100012,-8.295389173999979],[117.93750000000011,-8.083777426999973]]],[[[122.86830902200006,-8.068778037999948],[122.47166442900004,-8.607889175999958],[120.4233093260001,-8.228777883999953],[119.85700225800008,-8.42922210699993],[119.80366516100003,-8.760861396999928],[121.78583526600005,-8.894611358999953],[122.83333587600009,-8.597139358999925],[122.86830902200006,-8.068778037999948]]],[[[115.197471618,-8.068778037999948],[114.4312515260001,-8.105860709999945],[115.12080383300008,-8.848805425999956],[115.71121978700012,-8.398333547999925],[115.197471618,-8.068778037999948]]],[[[126.63083648700001,-7.559611318999941],[125.94503021300011,-7.662944315999937],[125.78205871500006,-8.012527464999948],[126.46913909900002,-7.97377777],[126.84541320800008,-7.74330568299996],[126.63083648700001,-7.559611318999941]]],[[[138.673339843,-7.375416753999957],[138.0666351330001,-7.61544466],[137.62541198700012,-8.42005538899997],[138.95581054700006,-8.05125045799997],[139.10542297400002,-7.575027942999952],[138.673339843,-7.375416753999957]]],[[[131.65834045400004,-7.114638805999959],[131.103363037,-7.996277809999981],[131.62622070300006,-7.64416646799998],[131.65834045400004,-7.114638805999959]]],[[[113.91330719000007,-6.863805769999942],[112.67124939000007,-7.071694373999946],[113.51416778500004,-7.256277560999933],[114.12513732900004,-6.978527544999963],[113.91330719000007,-6.863805769999942]]],[[[106.03833007800006,-5.874610900999926],[105.79794311600006,-6.489166735999959],[105.20625305200008,-6.765833377999968],[106.51496887200005,-6.970416544999978],[106.40166473400006,-7.384638786999972],[108.34330749500003,-7.821249961999968],[108.86083221600006,-7.609583376999979],[111.70083618100006,-8.384638785999925],[113.23416900600012,-8.282944678999968],[114.59375000000011,-8.750888824999947],[114.34955597100009,-8.523361205999947],[114.43833160400004,-7.788750170999947],[112.9000015250001,-7.623750208999979],[112.54788970900006,-6.843360899999936],[111.21747589100005,-6.689583299999981],[110.91830444400006,-6.402111053999931],[110.40666961700003,-6.952083110999979],[108.74494171100008,-6.818777560999933],[108.30249786400009,-6.240388870999936],[106.03833007800006,-5.874610900999926]]],[[[134.56958007800006,-5.419194219999952],[134.0745544450001,-6.16836118699996],[134.18417358400006,-6.941305635999981],[134.73625183100012,-6.249194621999948],[134.56958007800006,-5.419194219999952]]],[[[122.67333221400008,-4.61044454499995],[122.31955719000007,-4.826694486999941],[122.2833023070001,-5.396277904999977],[122.64710998500004,-5.353361129999939],[122.67333221400008,-4.61044454499995]]],[[[123.0837249760001,-4.372499941999934],[122.65166473400006,-5.707083223999973],[123.22705841100003,-5.284194467999953],[122.9253921510001,-5.172555446999979],[123.03372192400002,-4.7399997699999],[123.215385437,-4.854222295999932],[123.0837249760001,-4.372499941999934]]],[[[126.7166671760001,-3.055472135999935],[125.99541473400006,-3.291722297999968],[126.6949996940001,-3.844638822999968],[127.26538848900009,-3.390833377999968],[126.7166671760001,-3.055472135999935]]],[[[129.53791809100005,-2.790888784999936],[128.16667175300006,-2.848777770999959],[127.83039093000002,-3.156666754999947],[127.90958404500009,-3.565833329999975],[128.17494201600005,-3.056250094999939],[128.44914245600012,-3.452111005999939],[128.88580322300004,-3.196277856999927],[129.906661987,-3.329611062999959],[130.84791565000012,-3.86922216499994],[130.56750488300008,-3.119611024999926],[129.53791809100005,-2.790888784999936]]],[[[107.81497192400008,-2.526249883999981],[107.58294677700007,-3.197499990999972],[108.07247161900005,-3.245472192999955],[108.26791381800007,-2.755000112999937],[107.81497192400008,-2.526249883999981]]],[[[130.3316650390001,-1.66877782399996],[129.71369934100005,-1.883333325999956],[130.47000122100008,-2.012916564999955],[130.3316650390001,-1.66877782399996]]],[[[124.53375244200004,-1.628361105999943],[124.40164184600008,-2.031305551999935],[125.32538604700005,-1.886722206999934],[124.53375244200004,-1.628361105999943]]],[[[135.47914123500004,-1.596250057999953],[136.25833129900002,-1.912916658999961],[136.89955139200003,-1.788361072999976],[135.47914123500004,-1.596250057999953]]],[[[105.88580322300004,-1.501277803999926],[105.80747222900004,-1.813805579999951],[105.38747406000005,-1.606250047999936],[105.12619781500007,-2.082527874999926],[105.75827789400006,-2.139555454999936],[105.94622039800004,-2.809166669999968],[106.73786163400007,-3.086861131999967],[106.84455871600005,-2.572499988999937],[106.29122161800007,-2.414999961999968],[105.88580322300004,-1.501277803999926]]],[[[127.66955566400009,-1.340027808999935],[127.39330291800002,-1.666277764999961],[128.15289306600005,-1.682527780999976],[127.66955566400009,-1.340027808999935]]],[[[123.19458007800006,-1.175861119999979],[122.89702606300011,-1.191694498999937],[122.86997223000003,-1.60291671799996],[123.1441421510001,-1.302083372999959],[123.1583023070001,-1.642083285999945],[123.50833129800003,-1.457972168999959],[123.19458007800006,-1.175861119999979]]],[[[98.91038513200004,-0.926666676999957],[98.59955597100009,-1.223388910999972],[99.23997497500005,-1.792083382999976],[98.91038513200004,-0.926666676999957]]],[[[130.9254150390001,-0.895833311999979],[130.6387481690001,-0.989166675999968],[130.96418762200005,-1.362944483999968],[131.086273193,-1.014999984999974],[130.9254150390001,-0.895833311999979]]],[[[135.39578247000009,-0.621277749999933],[135.86830139200003,-1.187111139999956],[136.37583923300008,-1.114555596999935],[135.39578247000009,-0.621277749999933]]],[[[141.00188284400008,-2.604581310999947],[137.8008270260001,-1.46713888499994],[137.1096038820001,-1.799166677999949],[137.17080688500005,-2.113805531999958],[136.33116149900002,-2.260416745999976],[135.50003051800002,-3.351277826999933],[135.10746765200008,-3.374611138999967],[134.6304168700001,-2.480027675999963],[134.45832824700005,-2.86544442],[134.17456054700006,-2.353333232999944],[134.27793884300002,-1.35169446499998],[133.983276369,-0.722944438999946],[132.41146850600012,-0.339444457999946],[131.22666931100002,-0.823777793999966],[131.22375488300008,-1.135055540999929],[130.93045043900008,-1.43172216399995],[131.96333313000002,-1.477944491999949],[131.9195556640001,-1.87002777899994],[132.31083679200003,-2.286250114999973],[133.93955993600002,-2.090861080999957],[133.66667175300006,-2.730444431999956],[133.219161987,-2.407111166999925],[132.72413635200007,-2.806250094999939],[131.94705200200008,-2.774222135999935],[132.83663940400004,-3.302111147999938],[132.89457702700008,-4.085805414999925],[133.44789123500004,-3.86672210699993],[133.80749511700003,-2.910444496999958],[133.61791992200006,-3.475027799999964],[133.9691314700001,-3.867111205999947],[134.9329223630001,-3.919194459999972],[134.61795043900008,-4.11580562499995],[135.19827270500002,-4.458777904999977],[137.99420166000004,-5.277916429999948],[138.05372619600007,-5.733361244999969],[138.40913391100003,-5.730416773999934],[138.3987426750001,-6.342500209999969],[138.9212799070001,-6.830861091999964],[138.54374694800003,-6.95419454499995],[139.2437744140001,-7.140861034999944],[138.67121887200005,-7.214194296999949],[139.13955688400006,-7.580861089999928],[138.94871521000005,-8.254194259999963],[140.03669738700012,-8.00708293799994],[141.0195988800001,-9.125371979999954],[141.00188284400008,-2.604581310999947]]],[[[127.52161407500012,-0.304611116999979],[127.28285980200008,-0.465833334999957],[127.45622253400006,-0.825833320999948],[127.81913757300003,-0.869611082999938],[127.52161407500012,-0.304611116999979]]],[[[130.81829834000007,-0.008777777999967],[130.20788574200003,-0.21338888899993],[130.54666137800007,-0.437888888999964],[130.94206237800006,-0.36252778599993],[130.6125335700001,-0.07958333199997],[131.3378906250001,-0.299194454999963],[130.81829834000007,-0.008777777999967]]],[[[104.55999755900007,0.021250001000055],[104.42996978800005,-0.236277773999973],[105.00205230800009,-0.304166672999941],[104.55999755900007,0.021250001000055]]],[[[102.48747253400006,1.142916679000052],[102.43497467100008,0.824555576000023],[103.03041839600007,0.690833330000032],[103.03252410900006,0.837083341000039],[102.76580810600007,1.015361072000076],[102.69411468500005,0.943777799000031],[102.73997497500005,1.027916669000035],[102.63580322300004,0.972888887000067],[102.48747253400006,1.142916679000052]]],[[[102.76078033400006,1.167083384000023],[102.62413787800006,1.015388846000064],[102.8125,1.043750049000039],[103.15288543700007,0.840805530000068],[102.76078033400006,1.167083384000023]]],[[[104.57580566400009,1.235499978000064],[104.21700286900005,1.077499986000021],[104.59580230700004,0.807055532000049],[104.57580566400009,1.235499978000064]]],[[[97.34833526700004,1.542055607000066],[97.06038665700004,1.409138919000043],[97.80219268800005,0.544222235000063],[97.91044616700003,1.033277750000025],[97.34833526700004,1.542055607000066]]],[[[125.00000000000011,1.753749966000044],[123.95169067400002,0.84458333200007],[122.84252929700006,0.80791664100002],[120.9083023070001,1.360388876000059],[120.59830474800003,0.762027801000045],[120.28252410900006,0.986222207000026],[120.04374694800003,0.721638918000053],[119.8420257570001,-0.097499996999943],[119.60871887200005,-0.00752777799994],[119.87619781500007,-0.860027789999947],[119.73332977300004,-0.642138898999974],[119.3337249760001,-1.171694396999953],[119.3587799070001,-1.898388861999933],[118.75289154100005,-2.776722191999966],[118.93122100800008,-3.569999932999963],[119.42627716000004,-3.462527750999925],[119.63541412300003,-3.965027807999945],[119.44000244200004,-5.601277826999933],[120.46997070300006,-5.625444411999979],[120.26288604700005,-5.142499922999946],[120.42208099400011,-3.26919436299994],[120.18544769300001,-2.971694467999953],[120.67250061000004,-2.647944448999965],[121.09288787800006,-2.715833423999925],[120.88378143300008,-3.530805587999964],[121.607940675,-4.05999994299998],[121.54747009300002,-4.772944449999954],[122.00663757300003,-4.898749826999961],[122.1108627320001,-4.492916582999953],[122.88500213800012,-4.412972449999927],[122.85536193900009,-4.072527885999932],[122.20038604700005,-3.605027675999963],[122.48374939000007,-3.174194335999971],[121.28955841100003,-1.841722248999929],[121.6675033570001,-1.947944402999951],[122.8024749760001,-0.937111137999977],[123.32333374100006,-1.052916645999971],[123.45958709700005,-0.769194423999977],[123.05249786400009,-0.561249971999928],[121.94166564900002,-0.989638864999961],[121.62750244200004,-0.801249979999966],[121.09330749500009,-1.429611085999966],[120.6833343510001,-1.413777827999979],[120.06291961700003,-0.640027761999931],[120.15955352800006,0.224194437000051],[120.6108627320001,0.53622222100006],[123.06169128400006,0.515388907000045],[123.62664032000009,0.267888905000064],[124.46080780000011,0.442055554000035],[125.25208282400001,1.506611110000051],[125.00000000000011,1.753749966000044]]],[[[101.65580749600008,2.132083416000057],[101.45749664300007,1.727888943000039],[101.73041534400005,1.771638870000061],[101.65580749600008,2.132083416000057]]],[[[127.97875213600003,2.189138891000027],[127.39541626000005,1.044944405000024],[127.63539123500004,0.852500021000026],[127.65705871600005,-0.222499996999943],[128.43994140600012,-0.91541665799997],[127.86035919200003,0.296666652000056],[128.0699768070001,0.472916663000035],[128.91871643000002,0.201638894000041],[128.18872070300006,0.787500025000043],[128.752059937,1.402472259000035],[128.46170043900008,1.554583312000034],[127.65291595500003,0.875],[128.01622009300002,1.310833335000041],[127.97875213600003,2.189138891000027]]],[[[128.5658111580001,2.64205551200007],[128.25453186000004,1.981638908000036],[128.56875610500003,2.111638784000036],[128.5658111580001,2.64205551200007]]],[[[95.80794525100004,2.927444459000071],[95.79582977300004,2.632083417000047],[96.49536132800006,2.369138956000029],[95.80794525100004,2.927444459000071]]],[[[108.23036193800004,4.229138852000062],[107.96372222900004,4.012499810000065],[108.15911102300004,3.637027742000043],[108.40872192400008,3.867472172000021],[108.23036193800004,4.229138852000062]]],[[[117.59517790200005,4.170465471000057],[115.87702994300003,4.391401510000037],[115.56207749400005,3.150113736000037],[115.09116190300006,2.823485916000038],[115.24913180500005,2.508571630000063],[114.74103314100012,2.19130472400002],[114.88281906600002,1.914475566000021],[114.5719866710001,1.439220533000025],[113.63213989300004,1.218946138000035],[112.4995423580001,1.582824060000064],[111.82947839800005,0.986853973000052],[110.57577236200007,0.853934065000033],[109.66184925500005,1.617615914000055],[109.64619445800008,2.078990034000071],[109.06024932900004,1.524999976000061],[108.84458160400004,0.809194447000039],[109.28205871600005,0.007472222000047],[109.11291503900009,-0.520861088999936],[109.59124755800008,-0.740027784999938],[109.24458313000008,-0.66083335899998],[109.64038848900009,-0.986666679999928],[109.40203094500004,-1.257500052999944],[109.75997161800007,-1.014583347999974],[110.07372283900008,-1.363361120999969],[109.89041900600006,-1.838361143999975],[110.25708007800006,-2.964194534999933],[111.54083252000004,-3.042944430999967],[111.70163726800007,-2.802916764999964],[111.87413787900005,-3.568777797999928],[112.63583374000007,-3.407972335999943],[113.0222244260001,-2.938250064999977],[113.34416961700003,-3.286277770999959],[113.61416626000005,-3.149610994999932],[113.63502502400002,-3.464611052999942],[114.113334656,-3.210416555999927],[114.53208160400004,-3.351666688999956],[114.67247009300002,-4.182083128999977],[115.9642486570001,-3.611277818999952],[116.27791595400004,-3.13002777],[116.09958648600002,-2.862527845999978],[116.31291961700003,-2.960833310999931],[116.26249694800003,-2.532888887999945],[116.509971618,-2.565416573999926],[116.60124969500009,-2.195833444999948],[116.3041687010001,-2.144583223999973],[116.44914245600012,-1.767944453999974],[116.16544342100008,-1.80336105899994],[116.7612533570001,-1.360805511999956],[116.70207977300004,-1.085000037999976],[116.89497375500002,-1.272055504999969],[117.61458587700008,-0.780833302999952],[117.46205902100007,0.09083333600006],[117.7520523070001,0.753333330000032],[118.03622436500007,0.78666669100005],[117.888725281,1.120000006000055],[118.36413574200003,0.800388873000031],[118.99955749500009,0.984166683000069],[117.8441391,1.862055541000075],[117.734558106,2.189166785000054],[118.09208679200003,2.318333389000031],[117.62374877900004,3.080027818000076],[117.26541900600012,3.154972316000055],[117.44208526600005,3.414166690000059],[117.01372528000002,3.594138861000033],[117.83789062500011,3.704944373000046],[117.35949707000009,4.098333358000048],[117.59517790200005,4.170465471000057]]],[[[126.75250244100005,4.546194553000021],[126.68499755900007,3.994555473000048],[126.91703033500005,4.268305778000069],[126.75250244100005,4.546194553000021]]],[[[95.44078064100006,5.661222459000044],[95.21121978800005,5.282499790000031],[95.53830719000007,4.660388946000069],[96.86705780000005,3.694972277000034],[97.75086212100007,2.276222229000041],[98.79792022700008,1.729138851000073],[99.13622283900008,0.253305554000065],[99.69750213600008,0.017055556000059],[100.32458496100008,-0.854166686999974],[100.88710784900007,-2.330888984999945],[101.58460998600003,-3.208333253999967],[104.55416870100004,-5.928750037999976],[104.52994537400008,-5.522110937999969],[105.16083526600005,-5.809611320999977],[105.28416442900004,-5.446277618999943],[105.72333526600005,-5.904638767999927],[106.05205535900006,-2.995861052999942],[105.61914062500006,-2.392111062999959],[104.93914032000004,-2.501277683999945],[104.84747314400005,-2.284583328999929],[104.71622467000009,-2.604138850999959],[104.87875366200007,-2.084194421999939],[104.48000335700004,-1.99044442099995],[104.38041687000003,-1.032500028999948],[103.27622222900004,-0.705861091999964],[103.72875213600008,0.280805559000044],[103.32746887200005,0.549555541000075],[102.68250274700006,0.225361110000051],[103.10624694800003,0.455861121000055],[102.90997314600008,0.717083335000041],[102.41333007800006,0.805361092000055],[102.14878082200005,1.383305549000056],[101.40666961700003,1.707916617000024],[101.04747009200008,2.302916766000067],[100.80874633800005,2.209972143000073],[100.93328094500004,1.809555532000047],[99.75330352800006,3.179527759000052],[98.15583038300008,4.084555626000054],[98.28874969500004,4.43083333900006],[97.50583648700007,5.25374984900003],[96.39247131400003,5.216249943000037],[95.44078064100006,5.661222459000044]]]]},"properties":{"id":"IDN","name":"Indonesia","iso":"IDN"}},
{"type":"Feature","geometry":{"type":"Polygon","coordinates":[[[61.274126,35.60515],[61.14616500100004,36.643263],[60.345966,36.62905600100004],[59.353621,37.5285],[57.44061,37.94354300100008],[57.217139,38.279814001000034],[55.466981,38.09505300100005],[54.673431,37.437178],[53.899436499000046,37.34927030700004],[54.024139406000074,36.806583405000026],[51.64344406100008,36.60569381700003],[49.157611847000055,37.59502792300003],[48.879315517000066,38.442238246000045],[48.021027,38.837468],[48.36842700100004,39.37867100100004],[47.98571,39.708781],[46.53362902400005,38.86750804500008],[46.14057466000003,38.84468276400003],[45.447916,38.995074001000035],[44.807855,39.628489],[44.61405204500005,39.78223933400005],[44.42185714300007,39.41167848300006],[44.052400867000074,39.40607189000008],[44.22915977100007,38.881504705000054],[44.51291101900006,38.34091518400004],[44.22275966500007,37.88830726600003],[44.78468890400006,37.14464822900004],[45.349626,35.977416],[46.345923,35.801026],[46.009149,35.67870700100008],[46.191291,35.110888],[45.529074,34.59987500100004],[45.407661,33.977255],[46.189827,33.263970001000075],[46.096511,32.98168],[47.465348,32.391316001000064],[47.865855,31.783613],[47.682833,30.99776],[48.03218000100003,30.99634300100007],[48.45741271500003,29.995843371000035],[48.92083358800005,30.025333404000037],[48.900054932000046,30.503694534000033],[49.55416488600008,30.000444412000036],[50.08497238100006,30.187084198000036],[51.40166854900008,27.922056199000053],[52.435832979000054,27.64455604500006],[53.727500915000064,26.70122146600005],[54.79577636800008,26.495416641000077],[56.68000030500008,27.19955635200006],[57.314971924000076,25.782861710000077],[61.61788037100007,25.177878149000037],[61.896347,26.26144],[63.19692,26.647126],[63.333337,27.11836500100003],[62.775572,27.252896],[62.793324,28.279010001000074],[61.910018,28.564377001000025],[60.872972,29.858472],[61.834703,30.974327001000063],[61.70667,31.376244],[60.856074,31.486518001000036],[60.583154,33.129823001000034],[60.94628811300004,33.51368297000005],[60.581277259000046,33.59702325100005],[60.521095193000065,34.100957609000034],[60.918373,34.304756001000044],[61.274126,35.60515]]]},"properties":{"id":"IRN","name":"Iran","iso":"IRN"}},
{"type":"Feature","geometry":{"type":"Polygon","coordinates":[[[39.200932,32.154284],[40.413376,31.948038],[42.085639,31.111667],[44.721936001000074,29.198487001000046],[46.55304,29.10117],[47.172601919000044,30.017468054000062],[47.954430210000055,30.00884878900007],[48.45741271500003,29.995843371000035],[48.03218000100003,30.99634300100007],[47.682833,30.99776],[47.865855,31.783613],[47.465348,32.391316001000064],[46.096511,32.98168],[46.189827,33.263970001000075],[45.407661,33.977255],[45.529074,34.59987500100004],[46.191291,35.110888],[46.009149,35.67870700100008],[46.345923,35.801026],[45.349626,35.977416],[44.78468890400006,37.14464822900004],[44.309241,36.96290300100003],[44.125838,37.32280700100006],[42.792017,37.380746001000034],[42.35248040100004,37.09989604100008],[41.28348796100005,36.34887491400008],[40.977744,34.398025],[38.793674,33.374735],[39.200932,32.154284]]]},"properties":{"id":"IRQ","name":"Iraq","iso":"IRQ"}},
{"type":"Feature","geometry":{"type":"Polygon","coordinates":[[[-7.256886761999965,55.06664584200007],[-6.922527789999947,55.236637115000065],[-7.378361224999935,55.38205719100006],[-7.643361090999974,54.957054138000046],[-7.636750221999932,55.27788925100003],[-8.300833702999967,55.14916610800003],[-8.810916899999938,54.69913864200004],[-8.115860938999958,54.64913940400004],[-8.518416404999925,54.211223604000054],[-10.114222526999981,54.240806579000036],[-9.550861358999953,53.800804138000046],[-10.184139251999966,53.40827941900005],[-8.87916660299993,53.20827865700005],[-9.940889357999936,52.55747223000003],[-8.697555541999975,52.65327835200003],[-10.475861548999944,52.18000030500008],[-9.759222030999979,52.15827942000004],[-10.346722602999932,51.78205490200003],[-9.555861472999936,51.88249969600008],[-10.165888785999925,51.580833436000034],[-9.545027732999927,51.749584199000026],[-9.825916290999942,51.44836044300007],[-9.23336124399998,51.478721618000066],[-7.643361090999974,52.10544586200007],[-6.360861300999943,52.17163848900003],[-5.994194507999964,52.96664047400003],[-6.267920282999967,54.102323496000054],[-7.029362,54.42109000100004],[-7.546563,54.122044],[-8.160008,54.44011],[-7.256886761999965,55.06664584200007]]]},"properties":{"id":"IRL","name":"Ireland","iso":"IRL"}},
{"type":"Feature","geometry":{"type":"Polygon","coordinates":[[[80.43080126900009,42.97335378200006],[80.43071229500003,42.973412805000066],[80.80728073000006,43.17727194100007],[80.16664125800008,44.82798608300004],[80.16667199700004,44.82850673200005],[80.16681170100009,44.83156594700006],[80.16665096400004,44.83300995400003],[80.16362145000005,44.84165413800008],[80.15884948200005,44.84193183600007],[79.88198536500005,44.91067764700006],[81.77287871500005,45.386157455000046],[82.56012946800007,45.20379976900006],[82.25846858200003,45.616263780000054],[83.031327,47.223267],[84.94423200100005,46.862851],[85.55900801900003,47.050422353000044],[85.71108,48.361181],[86.58663250900008,48.54053892400003],[86.85282678900006,49.110571151000045],[87.28578864400004,49.115872127000046],[86.617055,49.57220500100004],[86.78078,49.794652],[86.202304,49.465936],[85.257738,49.58829700100006],[83.444893,51.012378],[81.44896,50.75536],[80.67790100100007,51.316303],[80.079499,50.73286600100005],[77.907346,53.290662001000044],[76.53671,54.000468],[76.92937700100003,54.45759500100007],[74.388655,53.45683000100007],[73.901609,53.65058000100004],[73.438436,53.435124],[73.767189,54.05375900100006],[72.607885,54.137095],[72.486788,53.900876],[72.032548,54.366212001000065],[72.184675,54.120536],[71.178622,54.094746],[70.807615,55.29241],[70.204903,55.145467],[68.932386,55.441858],[68.234353,54.969056],[65.489088,54.655525],[65.222773,54.33411100100005],[62.538163,53.897811],[60.996649,53.935977],[60.9006,53.627859],[61.59158,53.525664],[61.17646,53.31117400100004],[62.147309,53.068511],[61.009087,52.977576],[60.714364,52.662927],[61.067523,52.346857001000046],[60.002089,51.993229],[61.690746,51.255438],[61.449623,50.80623300100007],[60.809425,50.655982],[60.038506,50.850392],[59.509262,50.494961],[58.342735,51.180847],[57.50798,50.87640100100003],[56.512728,51.085364],[55.736566,50.549898],[54.594377,51.030412],[54.543866,50.527699],[53.426514,51.4819],[52.560145,51.45598700100004],[52.358897,51.776105001000076],[51.380355,51.476155],[50.767081,51.772609],[48.57097100100003,50.633014],[48.744797,49.921864],[48.226804,49.868103001000065],[47.473372,50.42073900100007],[46.493672,48.43291],[47.123111,48.26889700100003],[47.194407,47.76046900100005],[48.199549,47.689642],[49.020459,46.75935400100008],[48.545836,46.560169],[49.164718349000054,46.38251293600007],[49.61886215200008,46.269943237000064],[51.249553680000076,47.01560974100005],[52.99433517400007,46.66588974000007],[52.96411132800006,45.38558197000003],[51.418445587000065,45.36433410600006],[50.83505630500008,44.83069610700005],[51.515640259000065,44.517639161000034],[50.21950149500003,44.58174896200006],[50.824638367000034,44.19880676200006],[51.26827621400008,43.15116500900007],[52.73736190800008,42.72655487000003],[52.44557806500006,41.76103958600004],[54.214868,42.37715900100005],[55.430472,41.27949500100004],[55.998567,41.318638],[55.998218,45.00043],[58.589577,45.59007500100006],[61.080107,44.376729],[62.004241,43.505666],[64.998912,43.717552],[66.09666587400005,42.938008386000035],[65.999002,41.93665700100007],[66.534607,41.876953],[66.70941300100003,41.140745],[67.96618178700004,41.14804344600003],[67.93491351500006,40.822728435000045],[68.49276215700007,40.57248333700005],[68.52567444800007,41.01955185300005],[70.94353412000004,42.263666156000056],[71.262022,42.774223],[71.839016,42.839432],[73.515511,42.419178],[73.543843,43.027934],[74.204917,43.265357],[75.709,42.79671600100005],[79.200118,42.803697001000046],[80.174406,42.210844],[80.43080126900009,42.97335378200006]]]},"properties":{"id":"KAZ","name":"Kazakhstan","iso":"KAZ"}},
{"type":"Feature","geometry":{"type":"Polygon","coordinates":[[[35.948997,4.631039],[35.597025,4.624649001000023],[35.408291001000066,5.033421001000022],[33.992061,4.218628],[34.463002,3.667339],[35.033049,1.914469001000043],[33.910713,0.104374],[33.934064,-1],[37.672877,-3.060937],[37.600035,-3.521301998999945],[39.206022768000025,-4.678368039999953],[40.26151606500008,-2.64718841399997],[40.82393478800003,-2.395376798999962],[40.80771944600008,-1.956958450999934],[41.280012799000076,-1.986534897999945],[41.55918252400005,-1.66203236399997],[40.994373,-0.839577],[40.994374,2.822683],[41.906945,3.982678],[41.196641,3.937412001000041],[40.75633,4.284745],[39.543442,3.404137001000038],[38.127008,3.610366001000045],[37.028924,4.388076001000059],[35.948997,4.631039]]]},"properties":{"id":"KEN","name":"Kenya","iso":"KEN"}},
{"type":"Feature","geometry":{"type":"Polygon","coordinates":[[[-157.44725036599996,2.052388907000022],[-157.55081176699997,1.860111117000031],[-157.16616821299996,1.70463883900004],[-157.44725036599996,2.052388907000022]]]},"properties":{"id":"KIR","name":"Kiribati","iso":"KIR"}},
{"type":"Feature","geometry":{"type":"Polygon","coordinates":[[[124.36064779700007,39.990873187000034],[124.62333679200003,39.591220856000064],[125.61042022700008,39.622470856000064],[125.12627410900006,38.87580490100004],[125.60458374000007,38.650833129000034],[124.96083068900009,38.59291839700006],[124.9975280760001,38.218750001000046],[124.6520309440001,38.12833404500003],[125.26000213600003,38.08541488600008],[124.97624969500009,37.93083190900006],[125.5150299070001,37.89541626100004],[125.34497070300006,37.67708206200007],[125.72875213600003,37.91747284100006],[125.59327697800006,38.04375076400004],[126.130346,37.743599],[126.69034477600007,37.842893279000066],[127.13377500100012,38.314205],[128.051099,38.30785400100007],[128.36041249700008,38.61827866100003],[127.378753662,39.21327591100004],[127.50705719000007,39.736667633000025],[129.71577453600003,40.83369445900007],[129.75997924800004,41.76538849000008],[130.69908269300004,42.29283462700005],[130.63938738000002,42.41683425100007],[129.902012,43.005347001000075],[129.703239,42.427139],[128.915673,42.00957200100004],[128.03124000100001,41.995489],[128.201844,41.408562],[126.691572,41.749888001000045],[126.02221,40.899406001000045],[124.36064779700007,39.990873187000034]]]},"properties":{"id":"PRK","name":"Korea, North","iso":"PRK"}},
{"type":"Feature","geometry":{"type":"MultiPolygon","coordinates":[[[[126.76411438000002,33.56705474800003],[126.17294311500007,33.272472383000036],[126.83580780000011,33.31041717700003],[126.76411438000002,33.56705474800003]]],[[[126.69034477600007,37.842893279000066],[126.65061776800007,37.15595829000006],[126.99372100800008,36.93333435000005],[126.49605143300005,37.061200358000065],[126.1095275890001,36.77330398600003],[126.41913604700005,36.39955520600006],[126.45284993500002,36.705907661000026],[126.49291992200006,36.13414001600006],[126.89375305200008,36.13997268800006],[126.23955535900006,35.11169433600003],[126.62737847300002,34.821802165000065],[126.25708007800006,34.69577789300007],[126.52246856700003,34.29291534400005],[127.24246978800011,34.77705383400007],[127.340385437,34.444999694000046],[127.515808106,34.88874817000004],[127.80330658000003,34.58789062500006],[127.58163547100003,34.92288126600005],[128.05335998500004,35.08625030600007],[128.42456054700006,34.76166534400005],[128.5891723630001,35.211223602000075],[129.09080505400004,35.05041503900003],[129.445419312,35.49166488700007],[129.43124389600007,37.05994415400005],[128.36041249700008,38.61827866100003],[128.051099,38.30785400100007],[127.13377500100012,38.314205],[126.69034477600007,37.842893279000066]]]]},"properties":{"id":"KOR","name":"Korea, South","iso":"KOR"}},
{"type":"Feature","geometry":{"type":"Polygon","coordinates":[[[20.594286,41.877328],[21.586946,42.262817],[21.771728,42.67691],[20.82840079700003,43.265808056000026],[20.352926,42.833435],[20.078895,42.555799001000025],[20.594286,41.877328]]]},"properties":{"id":"XKX","name":"Kosovo","iso":"XKX"}},
{"type":"Feature","geometry":{"type":"Polygon","coordinates":[[[19.22415314500006,43.52754507900005],[20.352926,42.833435],[20.82840079700003,43.265808056000026],[21.771728,42.67691],[21.586946,42.262817],[22.35980561200006,42.31173955300005],[23.006387006000068,43.18725235000005],[22.35718345600003,43.80950355500005],[22.676143,44.215451],[22.476636,44.71037300100005],[22.14756,44.475408],[21.394874,44.779434],[21.51405,45.170567],[20.26426116500005,46.12635882700005],[18.890483465000045,45.92144772700004],[18.973975775000042,45.374054546000025],[19.447252124000045,45.19590517200004],[19.022172066000053,44.85536674200006],[19.366604,44.88735100100007],[19.102948,44.371099],[19.623654100000067,44.051604894000036],[19.236193,44.01261],[19.53179913300005,43.66773315900008],[19.22415314500006,43.52754507900005]]]},"properties":{"id":"SRB","name":"Serbia","iso":"SRB"}},
{"type":"Feature","geometry":{"type":"Polygon","coordinates":[[[55.44019699100005,-4.561629771999947],[55.36505508400006,-4.641578196999944],[55.53699111900005,-4.804315566999946],[55.44019699100005,-4.561629771999947]]]},"properties":{"id":"SYC","name":"Seychelles","iso":"SYC"}},
{"type":"Feature","geometry":{"type":"MultiPolygon","coordinates":[[[[-12.610518198999955,7.639086966000036],[-12.95881755399995,7.570231511000031],[-12.532036386999948,7.392823905000057],[-12.610518198999955,7.639086966000036]]],[[[-13.30077204,9.035692752000045],[-13.169518279999977,8.52751550000005],[-12.87811759899995,8.573216402000071],[-13.293506563999927,8.422949249000055],[-12.490531031999978,7.747474494000073],[-12.52145113599994,7.384943809000049],[-11.467272725999976,6.926381391000064],[-10.279229297999962,8.484688389000041],[-10.70123499899995,8.280267001000027],[-10.464519,8.678785001000051],[-11.208071,9.999973],[-12.439458,9.88031600100004],[-13.30077204,9.035692752000045]]]]},"properties":{"id":"SLE","name":"Sierra Leone","iso":"SLE"}},
{"type":"Feature","geometry":{"type":"Polygon","coordinates":[[[103.81729790600008,1.470642361000046],[103.60634834000007,1.220100058000071],[104.03271972700009,1.315992025000071],[103.81729790600008,1.470642361000046]]]},"properties":{"id":"SGP","name":"Singapore","iso":"SGP"}},
{"type":"Feature","geometry":{"type":"MultiPolygon","coordinates":[[[[15.544194221000055,38.302917482000055],[13.754166603000044,37.97127914600003],[12.73327732100006,38.192081452000025],[12.421250344000043,37.79997253500005],[15.08333301500005,36.64955520800004],[15.544194221000055,38.302917482000055]]],[[[9.23080539700004,41.25958252100003],[8.570805549000056,40.833721162000074],[8.176221848000068,40.93830490100004],[8.642499924000049,38.862915040000075],[9.012444496000057,39.26863861100003],[9.525694847000068,39.09450149700007],[9.634499550000044,39.297416687000066],[9.832027435000043,40.52830505400004],[9.23080539700004,41.25958252100003]]],[[[10.470390296000062,46.85515993800004],[10.133919,46.225685],[9.28612,46.49598400100007],[9.021817,45.818852],[8.43394,46.463926],[7.869125,45.91756200100008],[7.044188,45.922520001000066],[7.13573,45.253433001000076],[6.626996,45.103229],[7.006039,44.237562],[7.684442408000052,44.17376024200007],[7.529900687000065,43.78402411700006],[8.747528076000037,44.427112581000074],[10.149999618000038,43.98619461100003],[11.093333244000064,42.39458465700005],[15.677027703000022,40.02999877900004],[16.221195221000073,38.853305818000024],[15.634528160000059,38.017471313000044],[16.063304901000038,37.922943115000066],[16.60499954200003,38.81288910000006],[17.20872306900003,39.02747345100005],[17.160417557000073,39.40247345000006],[16.488721847000022,39.75916671700003],[16.89491653400006,40.43038940400004],[17.858304978000035,40.28372192300003],[18.34749984700005,39.79035949800004],[18.516222,40.135833741000056],[18.02163887000006,40.64372253400006],[15.965000153000062,41.457889557000044],[16.15333366400006,41.90958404500003],[14.787917137000022,42.04580688500005],[13.966666222000072,42.72538757400008],[13.62669468100006,43.55208206200007],[12.395444870000063,44.20580673300003],[12.50702762700007,44.98744583100006],[12.142889023000066,45.38663864100005],[13.12577820000007,45.77041626000005],[13.719471932000033,45.59336090000005],[13.375599,46.29788600100005],[13.71407398100007,46.52286817600003],[12.442515555000057,46.68833662600008],[12.185981088000062,47.09204603500007],[10.470390296000062,46.85515993800004]],[[12.508239,43.991962],[12.486972,43.896509],[12.4085,43.902939],[12.508239,43.991962]],[[12.453799,41.906825],[12.458009,41.901393],[12.445905,41.901933],[12.453799,41.906825]]]]},"properties":{"id":"ITA","name":"Italy","iso":"ITA"}},
{"type":"Feature","geometry":{"type":"Polygon","coordinates":[[[-77.81508636499996,18.524610521000056],[-78.36961364699994,18.26330566400003],[-77.74163818399995,17.854583741000056],[-76.18627929699994,17.90827751100005],[-76.89333343399994,18.411249161000057],[-77.81508636499996,18.524610521000056]]]},"properties":{"id":"JAM","name":"Jamaica","iso":"JAM"}},
{"type":"Feature","geometry":{"type":"MultiPolygon","coordinates":[[[[129.69132995600012,28.53000068600005],[129.1338348390001,28.255027772000062],[129.3790588380001,28.108778001000076],[129.69132995600012,28.53000068600005]]],[[[131.00328064000007,33.96455383400007],[130.03411865300006,33.45122146600005],[129.84791564900002,33.55749893300003],[129.86372375500002,33.28166580200008],[129.560394287,33.33163833700007],[130.009613037,32.84663772500005],[129.67375183100012,33.09497070300006],[129.73831176700003,32.56789016700003],[130.34831237900005,32.67122268800006],[130.11791992200006,33.127471925000066],[130.45785522500012,33.29833221500007],[130.66203308100012,32.633335113000044],[130.174575806,32.10499954200003],[130.106216431,31.411693574000026],[130.58792114300002,31.155834199000026],[130.79869079600007,31.69916725300004],[130.660827637,30.99458313100007],[131.07664489900003,31.46125030500008],[131.3495788580001,31.364944458000025],[132.08619689900002,32.93083190900006],[131.5078887940001,33.27744293200004],[131.66580200200008,33.669528961000026],[131.09997558600003,33.619583130000024],[131.00328064000007,33.96455383400007]]],[[[134.1383361820001,34.40041732800006],[133.55577087400002,34.262889862000065],[133.50914001500007,33.97122192300003],[132.89413452200006,34.12122344900007],[132.02000427200005,33.34872055200003],[132.42291259800004,33.46330642700008],[132.63079834000007,32.76122284100006],[133.0229187010001,32.723278046000075],[133.55580139200003,33.55458450300006],[134.17752075200008,33.24455642700008],[134.74914550800008,33.83291626100004],[134.1383361820001,34.40041732800006]]],[[[140.92041015600012,41.54077911400003],[140.76289367700008,41.14577865700005],[141.18624877900004,41.28499984700005],[141.1970825200001,40.92830658100007],[140.72830200200008,40.83288955800003],[140.33874511700003,41.25994491700004],[139.69288635200007,39.99580383400007],[140.07286071800002,39.991638185000056],[139.84291076700003,38.891613008000036],[138.54167175300006,37.36788940400004],[137.21997070300006,36.73458480800008],[136.86119079600007,37.10580444500005],[137.35285949700005,37.50249862800007],[136.841644287,37.40039062500006],[136.70289611900012,36.75080490200003],[135.9604187010001,35.99080658100007],[136.07083129900002,35.66205597000004],[135.31083679200003,35.452915191000045],[135.22413635300006,35.780387878000056],[133.0933074950001,35.60705566400003],[131.41119384700005,34.42916488800006],[130.9720611570001,34.444194794000055],[130.9016723630001,33.91455459600007],[131.03997802700007,34.063694001000044],[131.26252746600005,33.925388336000026],[131.74667358400006,34.07036209100005],[132.13827514700006,33.83122253400006],[132.400802612,34.376251221000075],[132.55667114300002,34.06958389400006],[134.18580627400002,34.741222382000046],[135.33666992200006,34.725387574000024],[135.05789184600008,33.881694793000065],[135.76249694800003,33.435417175000055],[136.32496643000002,34.19541549600007],[136.89955139200003,34.27666854900008],[136.50286865300006,34.652526857000055],[136.7124786380001,35.05455398500004],[136.88993835400004,34.71955490200003],[136.9841156010001,34.96291732800006],[137.37458801200012,34.77999878000003],[137.0153656000001,34.57916641400004],[137.64913940400004,34.80202865600006],[138.22917175300006,34.595390320000035],[138.7441406250001,35.13288879500004],[138.84494018500004,34.600387574000024],[139.15415954600007,35.24208450300006],[139.67913818300008,35.13955688400006],[139.93666076600005,35.69458389300007],[139.75538635200007,34.96250152700003],[140.32499694800003,35.13874816900005],[140.86791992200006,35.70666503900003],[140.55952453600003,36.27914047400003],[140.9820556640001,36.994998932000044],[140.9191741940001,38.20041656500007],[141.52624511700003,38.274944305000076],[142.07044982900004,39.54997253400006],[141.436218262,40.67333221400003],[141.4645843500001,41.43000030500008],[140.92041015600012,41.54077911400003]]],[[[146.16497802700007,44.517917633000025],[145.5374145520001,43.65711212100007],[146.57955932800007,44.45655441300005],[146.16497802700007,44.517917633000025]]],[[[141.96786499000007,45.499137878000056],[141.5736999510001,45.238361359000066],[141.7904205320001,44.614971162000074],[141.35041809100005,43.23166656600006],[140.3433380130001,43.335388185000056],[140.52288818400007,42.99085998500004],[139.82371521000005,42.61416626100004],[140.0850067140001,41.41952896200007],[141.1870574950001,41.800804138000046],[140.29127502400002,42.24916839600007],[140.47163391100003,42.58789062500006],[141.0033111570001,42.30122375500008],[141.66993713400007,42.649528505000035],[143.25003051700003,41.92452621600006],[143.99407959000007,42.927055360000054],[145.8120880130001,43.36999893300003],[145.22952270500002,43.33666610700004],[145.3433074950001,44.34205627400007],[144.77580261200012,43.92708206100008],[143.7349395750001,44.10625076300005],[141.96786499000007,45.499137878000056]]],[[[148.78582763600002,45.55625152600004],[148.2091369630001,45.26285934400005],[147.91078186000004,45.43288803100006],[146.86116027800006,44.444946290000075],[148.8408660890001,45.334556580000026],[148.78582763600002,45.55625152600004]]]]},"properties":{"id":"JPN","name":"Japan","iso":"JPN"}},
{"type":"Feature","geometry":{"type":"Polygon","coordinates":[[[80.174406,42.210844],[79.200118,42.803697001000046],[75.709,42.79671600100005],[74.204917,43.265357],[73.543843,43.027934],[73.515511,42.419178],[71.839016,42.839432],[71.262022,42.774223],[70.94353412000004,42.263666156000056],[71.257354,42.16713000100003],[70.168851,41.51526700100004],[71.401045,41.111191001000066],[71.725447,41.546365],[72.176359,40.99123600100006],[73.148946,40.817881],[71.735105,40.14658100100007],[70.98781112300003,40.22337996600004],[70.49865096700006,39.928149638000036],[69.528069,40.121564001000024],[69.340048,39.541202],[70.533655,39.62316000100003],[70.829037,39.38806],[71.488291,39.62481500100006],[72.234362,39.180254],[73.599819,39.459051001000034],[74.837775,40.522045],[75.602762,40.663256],[75.699612,40.280084],[76.33999800100008,40.33925900100007],[76.868841,41.024539],[77.765178,41.014784],[80.174406,42.210844]]]},"properties":{"id":"KGZ","name":"Kyrgyzstan","iso":"KGZ"}},
{"type":"Feature","geometry":{"type":"Polygon","coordinates":[[[107.55656072300008,14.686105585000064],[107.62418289800007,15.415275783000027],[107.21114327500004,15.754503344000057],[107.45315989600005,16.088197586000035],[106.67621802800005,16.451877628000034],[106.55019199800006,17.00754624800004],[105.18458429800006,18.324833432000048],[105.13376732500006,18.714736522000067],[103.87577375100005,19.306029574000036],[104.07105369600004,19.681995461000042],[104.83634698700007,19.795364991000042],[104.99282243100004,20.094455813000025],[104.37695613100004,20.442892293000057],[104.63711787100004,20.670918415000074],[104.10382420900004,20.978220874000044],[103.69510134500007,20.661771970000075],[103.11410685800007,20.896562535000044],[102.80784258100005,21.26353430100005],[102.97482126400007,21.744841201000042],[102.67418744500009,21.655374512000037],[102.14391552300003,22.400736333000054],[101.76089416200006,22.50899983200003],[101.54886136200008,22.24589596800007],[101.83888674900004,21.208219076000034],[101.28570626900006,21.176220001000047],[101.14415616600007,21.563907690000065],[100.084653,20.352275],[100.578496,20.16779400100006],[100.513037,19.523328],[101.287641,19.56891900100004],[101.110159,17.479730001000064],[102.086058,18.219887],[102.685088,17.803975],[103.405734,18.448611001000074],[103.97611,18.334869],[104.721579,17.50671900100002],[104.736716,16.541755],[105.636286,15.655734],[105.533476,14.553248],[105.206471,14.34333900100006],[106.10480200100005,13.90972000100004],[106.001721,14.371512],[106.54429,14.593423],[106.966904,14.314492],[107.55656072300008,14.686105585000064]]]},"properties":{"id":"LAO","name":"Laos","iso":"LAO"}},
{"type":"Feature","geometry":{"type":"Polygon","coordinates":[[[28.151226,56.170743],[27.86701,57.296289],[27.351462,57.518074],[26.524905700000033,57.51624705800003],[25.295673015000034,58.08145005000006],[24.35195703200003,57.87645943600006],[24.40047264100008,57.24933242900005],[23.723222732000067,56.96441650400004],[22.60994529800007,57.760417938000046],[21.69750022900007,57.566612245000044],[21.06417474500006,56.06910643100008],[22.019826874000046,56.425233148000075],[24.121616208000034,56.24888948200004],[24.885479631000067,56.450399634000064],[26.630364976000067,55.68066713800005],[28.151226,56.170743]]]},"properties":{"id":"LVA","name":"Latvia","iso":"LVA"}},
{"type":"Feature","geometry":{"type":"Polygon","coordinates":[[[35.62529957600003,33.24177705900007],[36.62277,34.19524],[36.461730001000035,34.634780001000024],[35.97571284000003,34.63395814800003],[35.10366821300005,33.09405504700004],[35.62529957600003,33.24177705900007]]]},"properties":{"id":"LBN","name":"Lebanon","iso":"LBN"}},
{"type":"Feature","geometry":{"type":"Polygon","coordinates":[[[28.651418,-28.570575],[27.754282,-28.897277998999982],[27.017547,-29.617579],[27.746547,-30.605872],[28.109624,-30.67760599899998],[28.398005,-30.144465],[29.103576,-29.966119],[29.448451,-29.373508998999966],[28.651418,-28.570575]]]},"properties":{"id":"LSO","name":"Lesotho","iso":"LSO"}},
{"type":"Feature","geometry":{"type":"Polygon","coordinates":[[[-8.470911,7.557276],[-8.675645,7.698173],[-9.108112,7.190909],[-9.481257,7.365732],[-9.478978,8.35448],[-10.279229297999962,8.484688389000041],[-11.467272725999976,6.926381391000064],[-11.498913976999972,6.924790666000035],[-11.499311405999947,6.924015909000047],[-9.037341154999979,4.980800115000022],[-7.5303990699999,4.361974762000045],[-7.423408,5.840694001000031],[-8.602059,6.506373],[-8.275061,7.004370001000041],[-8.470911,7.557276]]]},"properties":{"id":"LBR","name":"Liberia","iso":"LBR"}},
{"type":"Feature","geometry":{"type":"Polygon","coordinates":[[[11.998499906000063,23.51499999200007],[13.525999120000051,23.156164704000048],[14.189590089000035,22.644514429000026],[14.998588514000062,22.999385735000033],[16.000000019000026,23.452361116000077],[24,19.500000001000046],[24,20.000000001000046],[25,20.000000001000046],[25,22],[24.999995,29.253109],[24.696775,30.155883001000063],[25.149286068000038,31.657312519000072],[24.979141862000063,31.97109412900005],[23.314259906000075,32.154210818000024],[23.106763371000056,32.63451406400003],[21.628596363000042,32.92596672600007],[20.02936363300006,32.115840913000056],[20.061548233000053,30.85728263900006],[19.00844776400004,30.272394589000044],[17.852190019000034,30.924774654000032],[15.740082568000048,31.39843047000005],[15.225197187000049,32.374102599000025],[11.562563411000042,33.16648216600004],[11.594983,32.454341001000046],[10.276415,31.672599001000037],[10.272016,30.800743001000058],[9.556425,30.228034],[9.930410265000035,26.857935329000043],[9.399842860000035,26.195428341000024],[10.214803235000034,24.64789641300007],[11.56788913500003,24.25393058900005],[11.998499906000063,23.51499999200007]]]},"properties":{"id":"LBY","name":"Libya","iso":"LBY"}},
{"type":"Feature","geometry":{"type":"Polygon","coordinates":[[[9.530829993000054,47.270542886000044],[9.472158,47.06125900100005],[9.607041615000071,47.06077330800008],[9.530829993000054,47.270542886000044]]]},"properties":{"id":"LIE","name":"Liechtenstein","iso":"LIE"}},
{"type":"Feature","geometry":{"type":"MultiPolygon","coordinates":[[[[20.982444763000046,55.277025406000064],[21.083415985000045,55.727085113000044],[20.95368753100007,55.28096112900005],[20.982444763000046,55.277025406000064]]],[[[26.630364976000067,55.68066713800005],[24.885479631000067,56.450399634000064],[24.121616208000034,56.24888948200004],[22.019826874000046,56.425233148000075],[21.06417474500006,56.06910643100008],[21.281583786000056,55.24869537400008],[22.588968183000077,55.07025156900005],[22.79193953200007,54.36323055200006],[23.514978927000072,53.956251018000046],[25.785383780000075,54.15461809000004],[25.742991110000048,54.815062140000066],[26.835479560000067,55.285509270000034],[26.439936260000025,55.347938330000034],[26.630364976000067,55.68066713800005]]]]},"properties":{"id":"LTU","name":"Lithuania","iso":"LTU"}},
{"type":"Feature","geometry":{"type":"Polygon","coordinates":[[[5.818615,49.54638700100003],[6.367098,49.469481],[6.137668,50.129949],[5.818615,49.54638700100003]]]},"properties":{"id":"LUX","name":"Luxembourg","iso":"LUX"}},
{"type":"Feature","geometry":{"type":"Polygon","coordinates":[[[7.418304748000025,43.72460457300008],[7.439112664000049,43.74908798800004],[7.411699001000045,43.734283],[7.418304748000025,43.72460457300008]]]},"properties":{"id":"MCO","name":"Monaco","iso":"MCO"}},
{"type":"Feature","geometry":{"type":"Polygon","coordinates":[[[116.71403773100008,49.845616137000036],[114.33790369000008,50.28559701100005],[112.81288293700004,49.515230004000045],[110.81129599700006,49.17612600100006],[108.51674800100005,49.32013899900005],[107.96806099900004,49.93854300100003],[106.732164,50.316572],[105.354849,50.479708],[103.25641400100005,50.193087],[102.30247300100007,50.68203499900005],[102.124434,51.36178399900007],[98.91087900800005,52.148352001000035],[97.82459103200006,51.009723],[98.30732901800008,50.322527],[97.31485205400008,49.75088300300007],[94.61358531000008,50.035654099000055],[94.28382807200006,50.57196604200004],[92.36072879100004,50.884428213000035],[87.81445472100006,49.17016155500005],[87.97058785600007,48.573016134000056],[89.06280017000006,47.98744110700005],[90.05776630000008,47.884649102000026],[90.92063167500004,46.939005603000055],[90.87954802600007,45.18939021500006],[93.50431506700005,44.96816748100008],[95.40980769000004,44.29391708300005],[96.38750057200008,42.72463902900006],[100.84825000100005,42.672528],[105.00669499900005,41.581833],[107.45988899900004,42.45788899900003],[110.10227799900008,42.641278],[111.94658298500008,43.69036100200003],[111.41133299300009,44.355833001000065],[111.97105598200005,45.083667],[113.62813888700009,44.74352800500003],[114.54111071200009,45.384556014000054],[116.17410978100008,45.69008306200004],[116.57758126400006,46.288694089000046],[117.41502467700002,46.58047217600006],[119.90394830100001,46.66611509200004],[118.55882603900011,47.99269541900003],[117.80441226900007,48.01438923900008],[117.37480259300003,47.64044517000008],[115.57358216300008,47.91977803800006],[116.71403773100008,49.845616137000036]]]},"properties":{"id":"MNG","name":"Mongolia","iso":"MNG"}},
{"type":"Feature","geometry":{"type":"Polygon","coordinates":[[[20.078895,42.555799001000025],[20.352926,42.833435],[19.22415314500006,43.52754507900005],[18.687919685000054,43.25475028000005],[18.437954598000033,42.555631849000065],[18.524466157000063,42.42057162900005],[19.368392663000066,41.89036122300007],[19.662195086000054,42.62820994200007],[20.078895,42.555799001000025]]]},"properties":{"id":"MNE","name":"Montenegro","iso":"MNE"}},
{"type":"Feature","geometry":{"type":"Polygon","coordinates":[[[20.98068591200007,40.853951066000036],[22.92717357300006,41.33848963200006],[22.867239650000045,42.02209086800008],[22.35980561200006,42.31173955300005],[21.586946,42.262817],[20.594286,41.877328],[20.515727,41.23076000100008],[20.98068591200007,40.853951066000036]]]},"properties":{"id":"MKD","name":"Macedonia","iso":"MKD"}},
{"type":"Feature","geometry":{"type":"Polygon","coordinates":[[[49.24878692600004,-11.952697752999939],[48.720066071000076,-12.443409918999976],[48.969322205000026,-12.893740653999942],[48.81021511900008,-13.373006553999971],[48.47190856900005,-13.3683424],[48.26330218100003,-13.817327072999944],[47.89256668100006,-13.595245359999979],[48.03507614100005,-14.26385307199996],[47.88782882700008,-14.095346449999965],[47.69000625600006,-14.444494246999966],[47.96380162500003,-14.524810807999927],[47.96203231800007,-14.86056709199994],[47.79539108300003,-14.570157050999967],[47.42259979200003,-15.120361327999944],[47.460737590000065,-14.67270950699998],[47.04604721100003,-15.186880111999926],[47.21272277800006,-15.448910712999975],[46.883232117000034,-15.61056136999997],[46.94527435300006,-15.198956489999944],[46.46429443400007,-15.515581130999976],[46.299217224000074,-15.817250250999962],[46.60938574700003,-16.122465933999933],[46.33125686600005,-15.998783110999966],[46.186428070000034,-15.705442428999959],[45.66902923600003,-15.773246763999964],[45.609085083000025,-16.073305129999937],[44.44996261600005,-16.187973021999937],[43.92862249400008,-17.508964937999963],[44.49166488700007,-20.012954711999953],[43.50156121500004,-21.30720161499994],[43.227947235000045,-22.32559394799995],[44.02417175700003,-24.993415454999933],[45.16599055000006,-25.605104902999983],[47.137699127000076,-24.92277336099994],[49.42912292500006,-18.16151618999993],[49.42258834800003,-17.30805015599998],[49.83445358300003,-16.84063148499996],[49.61781311000004,-15.550432204999936],[49.89566421500007,-15.436433790999956],[50.15932464600007,-15.997501371999931],[50.46261978100006,-15.455886839999948],[49.93103408800005,-13.045088767999971],[49.19316864000007,-12.30148983],[49.24878692600004,-11.952697752999939]]]},"properties":{"id":"MDG","name":"Madagascar","iso":"MDG"}},
{"type":"Feature","geometry":{"type":"Polygon","coordinates":[[[34.95908500300004,-11.573524001999942],[34.32703202300007,-9.757909475999952],[32.95964153600005,-9.400681324999937],[33.70903048100007,-10.567245885999967],[33.24466190000004,-10.894678055999975],[33.257120745000066,-12.139809621999973],[33.54883474400003,-12.372251454999969],[33.01963516300003,-12.653990131999933],[32.67252054900007,-13.620837774999927],[33.21633487300005,-14.007062570999949],[33.66513103300008,-14.615774533999968],[34.52452756800005,-14.567536633999964],[34.601069936000044,-15.278845782999952],[34.25147597800003,-15.896626839999954],[35.30816325200004,-17.12451230399995],[35.14345167300007,-16.562336931999937],[35.81763848000003,-16.027690864999954],[35.918573104000075,-14.895350328999939],[34.56152708400003,-13.34816686499994],[34.37823061700004,-12.171651788999952],[34.63689657000003,-11.573566009999979],[34.95908500300004,-11.573524001999942]]]},"properties":{"id":"MWI","name":"Malawi","iso":"MWI"}},
{"type":"Feature","geometry":{"type":"MultiPolygon","coordinates":[[[[102.09055893000004,6.241695725000056],[101.82495888000005,5.733426960000031],[101.58130908000004,5.934363031000032],[101.13586596000005,5.612850991000073],[101.11241484000004,6.251646960000073],[100.20505608000008,6.726081960000045],[100.12091638100009,6.422840153000038],[100.55794525200008,4.314972400000045],[101.30208587700008,3.263333322000051],[101.29125213600008,2.846666575000029],[103.51330566400009,1.268694401000062],[103.68586751300006,1.510949980000021],[103.99792426200008,1.433952094000063],[103.93639430300004,1.661898759000053],[104.27658081100009,1.36788892800007],[103.82669067500007,2.592916728000034],[103.45788574200009,2.825000048000049],[103.44291687100008,4.789999963000071],[102.09055893000004,6.241695725000056]]],[[[115.03854452400003,4.795112231000076],[115.01750973700007,4.894443686000045],[114.66020528500007,4.009455956000068],[114.07592629100009,4.587191506000067],[113.035003662,3.167916775000037],[111.43041992200006,2.704138994000061],[110.98863983200005,1.586611152000046],[111.17077636700009,1.364583373000073],[110.33824920600006,1.812083364000046],[109.89194488700008,1.698305607000066],[109.64619445800008,2.078990034000071],[109.66184925500005,1.617615914000055],[110.57577236200007,0.853934065000033],[111.82947839800005,0.986853973000052],[112.4995423580001,1.582824060000064],[113.63213989300004,1.218946138000035],[114.5719866710001,1.439220533000025],[114.88281906600002,1.914475566000021],[114.74103314100012,2.19130472400002],[115.24913180500005,2.508571630000063],[115.09116190300006,2.823485916000038],[115.56207749400005,3.150113736000037],[115.87702994300003,4.391401510000037],[117.59517790200005,4.170465471000057],[117.6465835570001,4.428722381000057],[118.5508041380001,4.352083206000032],[118.12372589100005,4.883333206000032],[119.27119445800008,5.315861225000049],[118.34999847400002,5.829583168000056],[117.94041442800005,5.669972421000068],[118.00746917700008,6.064555646000031],[117.5580520630001,5.902194500000064],[117.7378921510001,6.424139023000066],[117.15074920600011,7.007916450000039],[116.81333160400004,6.549583435000045],[116.74455261300011,7.033333302000074],[115.86374664300001,5.580833435000045],[115.37166595500003,5.412055492000036],[115.54205322300004,5.074139118000062],[115.15847054500011,4.895595079000032],[115.3323675800001,4.299380989000042],[115.03854452400003,4.795112231000076]]]]},"properties":{"id":"MYS","name":"Malaysia","iso":"MYS"}},
{"type":"Feature","geometry":{"type":"Polygon","coordinates":[[[73.08705902100007,-0.583305535999955],[73.07622528100006,-0.593361139999956],[73.11042022800007,-0.652499973999966],[73.08705902100007,-0.583305535999955]]]},"properties":{"id":"MDV","name":"Maldives","iso":"MDV"}},
{"type":"Feature","geometry":{"type":"Polygon","coordinates":[[[-4.834133258999941,25.000661071000025],[-6.57188,25.000072],[-5.609034,16.500149],[-5.333333,16.333333],[-5.5,15.500000001000046],[-9.331251,15.501607],[-9.331025,15.702785],[-9.401019,15.438838],[-10.72092,15.442252],[-10.899115,15.106888001000073],[-11.515285,15.640753],[-11.798026,14.895998001000066],[-12.239959270999975,14.764461083000072],[-12.037596980999979,13.624273023000057],[-11.355813287999979,12.979866271000049],[-11.376809184999956,12.412652624000032],[-11.310762,12.023905],[-10.934141,12.231666001000065],[-10.659883,11.900442],[-10.340039,12.22674900100003],[-9.716327,12.028117],[-9.360922,12.499745],[-9.014583,12.420428],[-8.84916,11.653607],[-8.352726,11.376309],[-8.67191,10.962388],[-8.288725,11.018655],[-7.979352,10.17032400100004],[-7.513905,10.460632],[-7.025176,10.150756],[-6.24762,10.739919],[-6.167011,10.22253100100005],[-5.513207,10.43078900100005],[-5.198390278999966,11.428658346000077],[-5.404200787999969,11.830933462000075],[-4.396936150999977,12.310318319000032],[-4.341805612999963,13.140098661000025],[-3.967139,13.504436001000045],[-3.441779,13.15805000100005],[-3.268962430999977,13.707530727000062],[-2.875349838999966,13.65389762500007],[-2.474204099999952,14.29985642400004],[-1.997212633999936,14.193274514000052],[-1.980432637999968,14.475649541000053],[-0.724846095999965,15.084033351000073],[0.24436,14.914000001000034],[1.311499,15.278128001000027],[3.495491,15.357762],[3.87945,15.706247],[4.199854,16.395069001000024],[4.266666594000071,19.145555449000028],[3.29562,19.002023001000055],[3.254628,19.834791],[1.797805001000029,20.297876],[1.16515,20.73614800100006],[1.166668107000021,21.113888897000038],[-4.834133258999941,25.000661071000025]]]},"properties":{"id":"MLI","name":"Mali","iso":"MLI"}},
{"type":"Feature","geometry":{"type":"Polygon","coordinates":[[[14.373666763000074,35.99411010700004],[14.342389107000031,35.87369537500007],[14.562027931000046,35.81991577100007],[14.373666763000074,35.99411010700004]]]},"properties":{"id":"MLT","name":"Malta","iso":"MLT"}},
{"type":"Feature","geometry":{"type":"Polygon","coordinates":[[[171.0561981200001,7.134972097000059],[171.240005493,7.055361271000038],[171.38958740200007,7.095027925000068],[171.0561981200001,7.134972097000059]]]},"properties":{"id":"MHL","name":"Marshall Is","iso":"MHL"}},
{"type":"Feature","geometry":{"type":"Polygon","coordinates":[[[-8.667611098999942,27.31589165200006],[-8.66761099799993,26.00058341700003],[-12.000857674999963,26.000578079000036],[-12.000858516999926,23.45222215600006],[-13.108064479999939,22.935287913000025],[-13.000826149999966,21.33402221600005],[-16.947410068999943,21.334248218000027],[-17.05037979599996,20.769983831000047],[-16.912864714999955,21.277360809000072],[-16.201306148999947,20.20448583700005],[-16.544839715999956,19.381455155000026],[-16.020070724999982,17.981435385000054],[-16.509075517999975,16.060626436000064],[-16.261590196999975,16.525876528000026],[-14.334951902999933,16.642642987000045],[-13.847993517999953,16.107399385000065],[-13.375395784999967,16.05782907500003],[-12.239959270999975,14.764461083000072],[-11.798026,14.895998001000066],[-11.515285,15.640753],[-10.899115,15.106888001000073],[-10.72092,15.442252],[-9.401019,15.438838],[-9.331025,15.702785],[-9.331251,15.501607],[-5.5,15.500000001000046],[-5.333333,16.333333],[-5.609034,16.500149],[-6.57188,25.000072],[-4.834133258999941,25.000661071000025],[-8.667611098999942,27.31589165200006]]]},"properties":{"id":"MRT","name":"Mauritania","iso":"MRT"}},
{"type":"Feature","geometry":{"type":"Polygon","coordinates":[[[57.61289596600005,-19.98246765099998],[57.30858230700005,-20.467298507999942],[57.726432800000055,-20.437166212999955],[57.61289596600005,-19.98246765099998]]]},"properties":{"id":"MUS","name":"Mauritius","iso":"MUS"}},
{"type":"Feature","geometry":{"type":"MultiPolygon","coordinates":[[[[-112.12767028699994,25.274250030000076],[-112.30500030599995,24.796361923000063],[-112.05855560299995,24.540527343000065],[-112.24752807599998,24.841333390000045],[-112.12767028699994,25.274250030000076]]],[[[-112.28755187999997,29.223388672000056],[-112.58730316199996,28.874055862000034],[-112.31517028799999,28.744138717000055],[-112.28755187999997,29.223388672000056]]],[[[-97.22842304499994,25.95884127200003],[-99.08471354499994,26.39799115200003],[-99.51370223399994,27.569522952000057],[-101.40192025899995,29.77149139100004],[-102.67409475699998,29.744575989000055],[-103.15399883699996,28.971312296000065],[-104.14128824999995,29.377826860000027],[-104.92271644499999,30.603717575000076],[-106.45065464899994,31.76422787200005],[-108.20848019299996,31.783697929000027],[-108.20846135799997,31.333373124000047],[-111.07497184399995,31.332340035000072],[-114.81370316399995,32.49406411900003],[-114.71955656099999,32.71872712700008],[-117.12467672999998,32.53430097800003],[-115.70136536899997,29.75408814700006],[-114.04825867999995,28.46239350700006],[-114.27884186999995,27.902031643000043],[-113.95955933999994,27.654616101000045],[-115.02808656099995,27.73928330700005],[-113.62775697099994,26.718088848000036],[-113.16842164399998,26.99169991900004],[-112.09833802599996,25.81100533700004],[-112.00625886299997,25.496533139000064],[-112.18250550699997,24.818894131000036],[-112.105425734,25.01286576600006],[-111.81542481799994,24.50711510900004],[-110.32967652699995,23.559143765000044],[-110.01661958199998,22.895310147000032],[-109.49917115599999,23.147392972000034],[-109.46964539899994,23.55447648300003],[-110.23450745999997,24.34455941500005],[-110.39209260299998,24.104782804000024],[-110.61442078899995,24.259449704000076],[-111.56214417799998,26.696198208000055],[-111.84867371999997,26.88292191900007],[-111.78348054299994,26.568337187000054],[-112.77472962699994,27.859587414000032],[-112.84701051199994,28.44003175200004],[-114.56728639,30.01080964500005],[-114.95603455899999,31.87986634500004],[-113.10853089699998,31.204004988000065],[-112.17617310899999,28.966671689000066],[-111.10769929299994,27.93492196300008],[-110.50278748899996,27.867644056000074],[-110.52522553899996,27.290226681000036],[-109.09467591699996,26.28522752200007],[-109.40091981299997,25.68050454400003],[-108.04419984199995,25.06633828400004],[-107.99861420999997,24.647505506000073],[-105.97472657599997,22.878809674000024],[-105.19161500399997,21.459782345000065],[-105.54147614899995,20.77064393300003],[-105.24806489399998,20.581227047000027],[-105.69575776499994,20.38819955100007],[-104.95656098699999,19.321142895000037],[-103.51120271099995,18.31153176600003],[-101.95353211699995,17.960560545000078],[-101.07300843599995,17.265337689000035],[-97.78961457599996,15.957421049000061],[-96.49775971799994,15.63853238300004],[-94.41811646899998,16.170449003000044],[-92.23114287699997,14.535925743000064],[-92.21063869599999,15.260647542000072],[-91.73157896299995,16.073898001000032],[-90.425629,16.100558],[-90.388526,16.411982],[-91.439439,17.247924],[-90.98783365999998,17.251306483000064],[-90.98783296699997,17.815695169000037],[-89.151961,17.815693099000043],[-88.31786264299996,18.487845110000023],[-88.05328645099996,18.855698330000052],[-87.84523498499999,18.190094216000034],[-87.41645325999997,19.592699749000076],[-87.74483765899998,19.670727475000035],[-86.73933686599997,21.13744996500003],[-87.02369965899999,21.585755093000046],[-88.13808717099994,21.628893598000047],[-90.32705964499996,21.022171720000074],[-90.72047700299998,19.361922009000068],[-91.50928773299995,18.808338864000063],[-91.23264588699999,18.74850533700004],[-91.54069794999998,18.443615658000056],[-92.34636964299995,18.67805932300007],[-94.41811646899998,18.059672102000036],[-95.18709077299997,18.71800492500006],[-95.85869874399998,18.715420469000037],[-97.33039368999994,20.961144192000063],[-97.89236726199994,22.596949322000057],[-97.81256379499996,25.250504239000065],[-97.41128816,25.423477873000024],[-97.52878083499996,25.014254315000073],[-97.14576277899994,25.957542886000056],[-97.22488145199998,25.959196898000073],[-97.22842304499994,25.95884127200003]]]]},"properties":{"id":"MEX","name":"Mexico","iso":"MEX"}},
{"type":"Feature","geometry":{"type":"Polygon","coordinates":[[[158.1795806880001,6.983277799000064],[158.15541076600005,6.805027962000054],[158.28997802700007,6.785416604000034],[158.1795806880001,6.983277799000064]]]},"properties":{"id":"FSM","name":"Micronesia, Fed States of","iso":"FSM"}},
{"type":"Feature","geometry":{"type":"Polygon","coordinates":[[[28.212888839000072,45.467437963000066],[28.97879099900007,46.003373003000036],[28.981506,46.48917800300006],[30.16359,46.41358000300005],[29.979398999000068,46.81941400200003],[29.15741600100006,47.45925300300007],[29.175039,47.99375000400005],[27.593449,48.491636002000064],[26.63025876200004,48.25982410900008],[28.096385999000063,46.97845400300008],[28.212888839000072,45.467437963000066]]]},"properties":{"id":"MDA","name":"Moldova","iso":"MDA"}},
{"type":"Feature","geometry":{"type":"Polygon","coordinates":[[[-83.69773215399994,10.93849261400004],[-83.77872743099994,12.527976736000028],[-83.56925477399994,12.806032880000032],[-83.49200715399996,12.392976507000071],[-83.54661835999997,13.561365826000042],[-83.19872559999999,14.32775471900004],[-83.42725648299995,14.815477117000057],[-83.15120432499998,14.996070086000032],[-84.46982868899994,14.615919962000078],[-84.89941404899997,14.815032201000065],[-85.75240992199997,13.832097512000075],[-86.01163625899994,14.080218377000051],[-86.76099406199995,13.768882088000055],[-86.70573184799997,13.303018929000075],[-87.31096308499997,12.987515342000052],[-87.69362153399999,12.908338291000064],[-85.69278680399998,11.079427515000077],[-84.680858,11.084625],[-83.931686,10.708058],[-83.69773215399994,10.93849261400004]]]},"properties":{"id":"NIC","name":"Nicaragua","iso":"NIC"}},
{"type":"Feature","geometry":{"type":"MultiPolygon","coordinates":[[[[56.37493812000008,24.980909860000054],[56.112912,24.737865001000046],[55.812461,24.910705001000053],[55.753003,24.234885],[56.018126,24.06603300100005],[55.48511600100005,23.94432000100005],[55.21335,22.70577300100007],[55.6667,22],[55,20.000000001000046],[52,18.999633],[53.10908508300008,16.65008354300005],[55.01997375500008,17.00122261200005],[55.42833328200004,17.817888261000064],[56.35169601400003,17.918722152000043],[56.79830551200007,18.746221542000058],[57.83247375500008,18.99038887100005],[57.84694290200008,20.240861893000044],[58.194999695000035,20.609582902000056],[58.519554138000046,20.409973145000038],[59.80788803100006,22.219999313000073],[58.753307343000074,23.522027970000067],[57.13999939000007,23.954555511000024],[56.37493812000008,24.980909860000054]]],[[[56.270690556000034,25.625842222000074],[56.50579407300006,26.359638215000075],[56.086565560000054,26.050546698000062],[56.270690556000034,25.625842222000074]]]]},"properties":{"id":"OMN","name":"Oman","iso":"OMN"}},
{"type":"Feature","geometry":{"type":"Polygon","coordinates":[[[60.872972,29.858472],[61.910018,28.564377001000025],[62.793324,28.279010001000074],[62.775572,27.252896],[63.333337,27.11836500100003],[63.19692,26.647126],[61.896347,26.26144],[61.61788037100007,25.177878149000037],[63.499973297000054,25.202917100000036],[64.12161254800003,25.493749620000074],[64.58994293200004,25.154582979000054],[64.77080535900006,25.351249695000035],[66.52333068900003,25.402915954000036],[66.08127594000007,25.454166412000063],[66.45500183100006,25.617916107000042],[66.75294494600007,25.178304672000024],[66.65744781500007,24.832056047000037],[67.29411315900006,24.77541732900005],[67.42702484100005,23.95327758800005],[68.31540403900004,23.93392000800003],[68.32944414000008,23.93499035900004],[68.35697642600007,23.974152712000034],[68.75299125300006,23.971423774000073],[68.82616,24.31736],[70.02502,24.171030001000076],[71.11965,24.40245],[70.66014987200003,25.702020599000036],[70.09980594500007,25.93824066800005],[70.17428386300003,26.551333114000045],[69.51030040000006,26.74353908300003],[69.58682895100003,27.183251056000074],[70.37223289400004,28.011824310000065],[70.87200318500004,27.705547913000032],[71.89834746500003,27.96123761700005],[74.69609569000005,31.07395723600007],[74.48826726500005,31.72034805000004],[75.38147784500006,32.268787220000036],[74.68799530000007,32.48701877900004],[74.70525128500003,32.84195468900003],[74.00493118100007,33.221707654000056],[74.28202861100004,33.93520201000007],[73.75003382600005,34.344077371000026],[73.95326976400008,34.67107933700004],[75.78509917000008,34.51366781300004],[77.00597263100008,35.00858335000004],[76.76045488000005,35.663249069000074],[76.566612,35.925189],[76.144778,35.83756100100004],[75.803792,36.710235],[74.564626,37.03085200100003],[71.63732,36.477014],[71.195027,36.039614],[71.68044,35.20462000100008],[71.011087,34.534109],[71.07591,34.05549],[69.88871,34.01953],[70.32695,33.330940001000045],[69.49628,33.02068],[69.32979,31.92746],[68.90778,31.596640001000026],[68.17103,31.83532000100007],[67.56778,31.523220001000027],[67.77283,31.32204000100006],[66.731058,31.209178],[66.391919,30.94061000100004],[66.266802,29.857321],[64.115128,29.377200001000062],[62.469166,29.388695],[60.872972,29.858472]]]},"properties":{"id":"PAK","name":"Pakistan","iso":"PAK"}},
{"type":"Feature","geometry":{"type":"Polygon","coordinates":[[[134.63385036600005,7.716005720000055],[134.462028647,7.446513272000061],[134.5340806470001,7.325291272000072],[134.63385036600005,7.716005720000055]]]},"properties":{"id":"PLW","name":"Palau","iso":"PLW"}},
{"type":"Feature","geometry":{"type":"MultiPolygon","coordinates":[[[[-81.74491882299998,7.642277719000049],[-81.88816833499999,7.487722396000038],[-81.59191894499997,7.327277662000029],[-81.74491882299998,7.642277719000049]]],[[[-77.37051446599997,8.677116574000024],[-78.97228516899997,9.56358788700004],[-79.62562074099998,9.61536572700004],[-81.30556001099995,8.778865559000053],[-81.89612092399994,9.18711541500005],[-81.79047669799996,8.942199453000057],[-82.24620332099994,8.997171148000064],[-82.56504456599998,9.570226361000039],[-82.93611,9.473138001000052],[-82.711795,8.925184001000048],[-82.919289,8.765018001000044],[-82.839001,8.480281],[-83.052241,8.333695],[-82.90301899799994,8.038637106000067],[-82.71937073999999,8.325560315000075],[-81.76200379699998,8.212393507000058],[-81.51692475699997,7.707921250000027],[-81.23034181099996,7.607949003000044],[-81.05750550599998,7.913754685000072],[-80.89131440499995,7.204504711000027],[-80.44028748699998,7.238810284000067],[-79.99375428599996,7.515338166000049],[-80.47467317,8.22964356600005],[-79.58533753799998,8.975421652000023],[-79.08873261799994,9.039337857000021],[-78.42228211799994,8.346310362000054],[-78.41961945899999,8.55000470400006],[-78.06022920099997,8.423032507000073],[-77.96456422299997,8.234782919000054],[-78.15858735499995,8.41875432300003],[-78.44719971999996,8.054393513000036],[-77.89293941999995,7.22218361900002],[-77.729057,7.695723001000033],[-77.563463,7.507522],[-77.158488,7.931887001000064],[-77.37051446599997,8.677116574000024]]]]},"properties":{"id":"PAN","name":"Panama","iso":"PAN"}},
{"type":"Feature","geometry":{"type":"MultiPolygon","coordinates":[[[[150.7591705320001,-9.71374988399998],[151.21997070300006,-10.193750379999926],[151.27203369100005,-9.919138908999969],[150.7591705320001,-9.71374988399998]]],[[[150.51753235,-9.341278074999934],[150.43833923400007,-9.63541698399996],[150.92832946800002,-9.682944296999949],[150.51753235,-9.341278074999934]]],[[[154.72372436500007,-5.419194219999952],[155.24789428700012,-6.637499808999962],[155.91833496100003,-6.801277637999931],[155.81961059600008,-6.363360880999949],[154.72372436500007,-5.419194219999952]]],[[[152.17208862300004,-4.145055770999932],[151.49247741700003,-4.209583280999937],[151.686218262,-4.868333338999946],[150.89707946900012,-5.488333223999973],[150.0933380130001,-5.518750190999981],[150.09165954600007,-4.997944354999959],[149.87583923300008,-5.519610881999938],[148.41250610300006,-5.446305750999954],[148.3203887940001,-5.698389053999961],[149.60664367700008,-6.292916774999981],[151.00750732400002,-6.037111281999955],[151.4700317380001,-5.522944450999944],[152.11955261200012,-5.398361205999947],[151.94871521000005,-5.005055425999956],[152.32205200200008,-4.855027673999928],[152.40461731000005,-4.338333128999977],[152.17208862300004,-4.145055770999932]]],[[[141.0195988800001,-9.125371979999954],[142.2191314700001,-9.077917097999944],[142.63914489700005,-9.335444448999965],[143.33749389700006,-9.027916908999941],[143.10833740300006,-8.455416679999928],[142.19958496100003,-8.188388824999947],[143.69416809100005,-8.232916830999955],[143.39128112800006,-7.929166793999968],[143.9287567140001,-7.993360994999932],[143.63746643100012,-7.431277750999925],[144.5058288580001,-7.818749904999947],[144.35841369700006,-7.462888717999931],[144.53663635200007,-7.695444583999972],[144.63330078100012,-7.387944220999941],[144.87336731000005,-7.787138938999931],[146.0899658200001,-8.095417020999946],[147.72669982900004,-10.107916830999955],[149.74333191000005,-10.348750113999927],[150.20166015600012,-10.704610822999939],[150.6953887940001,-10.564194677999978],[150.34416198700012,-10.334583282999972],[150.877059937,-10.229999541999973],[149.85997009300002,-10.020388603999947],[149.71292114300002,-9.811694144999933],[150.0621185320001,-9.686666488999947],[149.23750305200008,-9.502111433999971],[149.29333496100003,-9.016277312999932],[148.60000610400004,-9.082083700999931],[148.13038635400005,-8.064194678999968],[147.1782989500001,-7.465416431999927],[146.95043945300006,-6.734194277999961],[147.85958862300004,-6.645861147999938],[147.57080078100012,-6.057111263999957],[145.75914001400008,-5.479610918999981],[145.80541992200006,-4.85086107099994],[144.5349731440001,-3.817083357999934],[141.00188284400008,-2.604581310999947],[141.0195988800001,-9.125371979999954]]],[[[150.80332946700003,-2.557138918999954],[150.72166442900004,-2.755444526999952],[152.3437500000001,-3.646666763999974],[152.8783111580001,-4.853805541999975],[153.1187744140001,-4.377555370999971],[152.93167114200003,-3.978777885999932],[150.80332946700003,-2.557138918999954]]],[[[150.19500732400002,-2.359583377999968],[149.94288635400005,-2.47833323499998],[150.44670105000012,-2.65627789499996],[150.19500732400002,-2.359583377999968]]],[[[146.84419250400003,-1.952972173999967],[146.50544738700012,-2.207527875999972],[147.43959045400004,-2.037499904999947],[146.84419250400003,-1.952972173999967]]]]},"properties":{"id":"PNG","name":"Papua New Guinea","iso":"PNG"}},
{"type":"Feature","geometry":{"type":"Polygon","coordinates":[[[-54.593726,-25.592361998999934],[-54.322956998999985,-24.008033],[-55.413861,-23.965297998999972],[-55.853314,-22.280263998999942],[-57.995072,-22.088709],[-57.818817998999975,-20.948412],[-58.168512,-20.172244],[-58.163807,-19.827309998999965],[-59.068995,-19.287658998999973],[-61.735058,-19.634401998999977],[-62.63895237599996,-22.23340368399994],[-60.98737877199994,-23.812963499999967],[-60.03944369799996,-24.01153321399994],[-57.75362926299994,-25.176320286999953],[-57.57396533999997,-25.55991899399993],[-58.606970471999944,-27.298815730999934],[-55.735934793999945,-27.44476900799998],[-54.78803959499999,-26.63315154399993],[-54.593726,-25.592361998999934]]]},"properties":{"id":"PRY","name":"Paraguay","iso":"PRY"}},
{"type":"Feature","geometry":{"type":"Polygon","coordinates":[[[-69.57322732699998,-10.945957327999963],[-70.620864,-10.999892],[-70.496842,-9.423923],[-71.214539,-9.967955],[-72.179756,-10.000378],[-72.356784,-9.494834],[-73.200568,-9.411644998999975],[-72.942084,-8.985424],[-73.982817,-7.534206998999935],[-73.710741,-6.840188],[-73.13539,-6.510502],[-73.237606,-6.036728],[-72.818891,-5.102842998999961],[-70.758977,-4.156909],[-69.947326,-4.22711],[-70.71693999899998,-3.798757],[-70.086844,-2.647869],[-71.732484,-2.140345],[-72.148179,-2.469201998999949],[-72.934034,-2.454762],[-73.620189,-1.263369],[-74.269603,-0.981084],[-74.780478,-0.202793],[-75.25477189699996,-0.115809998999964],[-75.61048217499996,-0.113508524999929],[-75.18714655299993,-0.972799819999977],[-75.38820173499994,-0.925366187999941],[-75.55769217999995,-1.560841994999976],[-76.63357144199995,-2.590188807999937],[-78.34680107199995,-3.380964874999961],[-79.01525548599994,-5.016152705999957],[-79.62861704899996,-4.439213517999974],[-80.44952150199998,-4.447732185999939],[-80.48186252899995,-4.054003429999966],[-80.12676027499998,-3.895065925999972],[-80.22128786299999,-3.438612451999973],[-81.25670136799994,-4.273661868999966],[-81.19503297199998,-5.216106192999973],[-80.85419740099996,-5.645300641999938],[-81.14837159399997,-5.996161715999961],[-79.98256196399996,-6.75199534199993],[-78.76589478899996,-8.591134326999963],[-77.65919770599999,-11.291134135999926],[-76.20420350499995,-13.395301119999942],[-76.27506532099994,-14.194467797999948],[-75.14509095499994,-15.406939759999943],[-71.51547517199998,-17.264884249999966],[-71.38297547699995,-17.707412019999936],[-70.37783944699999,-18.352311106999935],[-69.860052,-18.17001899899998],[-69.796506,-17.647138],[-69.468453,-17.498344],[-69.64471998699997,-17.281060957999955],[-68.81277727899999,-16.344999823999956],[-69.24361055999998,-16.140833698999927],[-69.41168017299998,-15.621757421999973],[-69.11940568099993,-15.258683399999939],[-69.35574186699995,-14.812279351999962],[-68.82706174699996,-14.215684350999936],[-69.06726026799998,-13.672559371999967],[-68.65230925199995,-12.498130596999943],[-69.57322732699998,-10.945957327999963]]]},"properties":{"id":"PER","name":"Peru","iso":"PER"}},
{"type":"Feature","geometry":{"type":"MultiPolygon","coordinates":[[[[121.1166687010001,6.095388889000048],[120.87791442900004,5.922500135000064],[121.42624664300001,5.963361264000071],[121.1166687010001,6.095388889000048]]],[[[122.06827545100009,6.753749847000051],[121.79372406000005,6.633333207000021],[121.95580291800002,6.409583570000052],[122.32707977300004,6.619194509000067],[122.06827545100009,6.753749847000051]]],[[[125.4391937260001,9.82788849000002],[125.53997039800004,8.964583398000059],[124.79660797100007,8.997056007000026],[124.74160766600005,8.49869442000005],[124.38330841100003,8.596249582000041],[123.66586303800011,7.953722],[123.83708191100004,8.429944039000077],[123.3783645630001,8.72955513100004],[122.90747070300006,8.146222114000068],[122.22208404600008,7.961666584000056],[121.9354171760001,6.973305702000062],[122.15294647200005,6.910805702000062],[122.62583160500003,7.777111053000056],[122.81246948300009,7.437055588000021],[123.12330627400002,7.757916450000039],[123.40833282500012,7.357110977000048],[123.42541503900009,7.813333511000053],[123.68746948400008,7.814583303000063],[124.25122070300006,7.407472135000035],[123.94538879400011,6.821666719000063],[124.1854171760001,6.215000152000073],[124.95080566400009,5.855360986000051],[125.2650299070001,6.093722343000024],[125.41249847400002,5.572055341000066],[125.71622467200007,6.104972364000048],[125.37372589100005,6.727472307000028],[125.65122222900004,7.245805740000037],[125.85377502400002,7.363305568000044],[126.19416809000006,6.273749828000064],[126.15538788000003,6.909166814000059],[126.35083007800006,6.805416584000056],[126.60455322200005,7.286638736000043],[126.39289093000002,8.499138833000075],[126.08039093000002,8.610777856000027],[126.33294677800006,8.845000267000046],[126.20710754400011,9.30833339700007],[125.4391937260001,9.82788849000002]]],[[[124.28830719000007,10.173749925000038],[123.85414123500004,9.63958358900004],[124.59288787800006,9.759972574000074],[124.28830719000007,10.173749925000038]]],[[[123.19752502500012,11.004528047000065],[122.79289245600012,10.522527695000065],[122.85163879400011,10.074583053000026],[122.37541961800002,9.839166642000066],[123.01750183100012,9.039583207000021],[123.2970275880001,9.24416637400003],[123.13291931200001,9.84163856500004],[123.56541442900004,10.792499543000076],[123.19752502500012,11.004528047000065]]],[[[124.0621109010001,11.280805589000067],[123.30083465500002,9.417888643000026],[124.01869201600005,10.381638526000074],[124.0621109010001,11.280805589000067]]],[[[119.47705841000004,11.424139023000066],[119.47166442900004,10.726277351000022],[119.2191085820001,10.955444336000028],[119.25705719000007,10.488305093000065],[117.18086242700008,8.33538913700005],[119.71708679300002,10.510805130000051],[119.47705841000004,11.424139023000066]]],[[[124.3316421510001,11.551221847000022],[124.37208557100007,10.924972535000052],[124.68788909900002,10.929194450000068],[124.75624847400002,10.156639100000064],[125.0250015260001,10.004555703000051],[124.96791839600007,10.37663841400007],[125.26619720400004,10.315833093000037],[125.00041961700003,10.722472191000065],[125.03874969500009,11.067472458000054],[125.0287780760001,11.236611367000023],[124.96205902100007,11.281611443000031],[124.97875213700001,11.399167061000071],[124.58499908500005,11.305388452000045],[124.3316421510001,11.551221847000022]]],[[[121.95246887200005,11.941222191000065],[121.95497131400009,10.414610864000053],[122.73252868700001,10.79125023000006],[123.16622161900011,11.467472076000035],[121.95246887200005,11.941222191000065]]],[[[119.90083313000002,12.329610826000021],[119.97669220000012,12.011221887000033],[120.33496856600004,11.992055893000042],[119.90083313000002,12.329610826000021]]],[[[124.95794677700007,12.578332901000067],[124.25869751000005,12.549139023000066],[125.04289245600012,11.75163841400007],[124.816253662,11.51580524600007],[124.99539184500009,11.433305742000073],[124.97660827600009,11.283749582000041],[125.12833404500009,11.296250343000054],[125.23169708300009,11.087055207000049],[125.65750122100008,11.143722535000052],[125.75583648600002,11.017083169000045],[125.4312515260001,11.606638908000036],[125.51291656500007,12.195805549000056],[124.95794677700007,12.578332901000067]]],[[[123.24586486800001,12.602889061000042],[123.15914154200004,11.906222343000024],[123.53538513100011,12.215000153000062],[124.0683059700001,11.722110748000034],[123.8945541380001,12.212444307000055],[123.24586486800001,12.602889061000042]]],[[[120.4158325190001,13.53122234500006],[121.11042022700008,12.248305321000032],[121.39416503900009,12.287083625000037],[121.55622100800008,13.122471811000025],[120.4158325190001,13.53122234500006]]],[[[124.20536041300011,14.102499962000024],[124.2066421510001,13.517916681000031],[124.42041778600003,13.849971771000071],[124.20536041300011,14.102499962000024]]],[[[120.85622406000005,18.639139175000025],[120.34955596900011,17.688333511000053],[120.4195861820001,16.161638261000064],[119.77041626000005,16.279167175000055],[120.08039093000002,14.789194107000071],[120.47499847400002,14.410416604000034],[120.55333709700005,14.816194536000069],[121.01477100000011,14.59389],[120.58663940500003,14.23208332200005],[120.65499877900004,13.769555092000076],[121.28583526600005,13.597888948000048],[121.7499694820001,13.96872234500006],[122.59913635300006,13.164583207000021],[122.5333023070001,13.964555741000027],[123.31833648700001,13.007888795000042],[124.02872467000009,12.965777398000057],[123.82794189600008,12.829972268000063],[124.07910919300002,12.537917137000022],[124.18961334200003,13.064999580000062],[123.76000213600003,13.061249734000057],[123.53041839600007,13.56830596900005],[123.93914032000009,13.797888756000077],[123.33666992200006,14.108750343000054],[123.113334656,13.68372249600003],[122.68827819800003,14.347110748000034],[122.16122436500007,14.161639214000047],[122.23247528000002,13.897889138000039],[121.73874664300001,14.161611558000061],[121.37208557100007,15.338305473000048],[122.46205902100007,16.887472153000033],[122.13705444300001,17.782444],[122.3354187010001,18.313304902000027],[122.16249847400002,18.523750306000068],[121.66503143300008,18.249555589000067],[120.85622406000005,18.639139175000025]]]]},"properties":{"id":"PHL","name":"Philippines","iso":"PHL"}},
{"type":"Feature","geometry":{"type":"Polygon","coordinates":[[[23.514978927000072,53.956251018000046],[22.79193953200007,54.36323055200006],[19.80471185700003,54.442490605000046],[19.255777359000035,54.27327728300003],[19.650592940000024,54.45315492200007],[19.63852391000006,54.45877685600004],[18.796583175000023,54.343723297000054],[18.42250061200002,54.78666687000003],[18.78919410700007,54.65330505400004],[18.328332901000067,54.836223602000075],[17.904945373000032,54.82708358700006],[14.267132766000032,53.69840474500006],[14.122936,52.837090001000035],[14.639665001000026,52.571824],[14.823366,50.87056],[16.343159,50.661388],[16.689179,50.09849],[16.898528,50.447726],[17.713083,50.322527],[18.850899,49.516897],[19.46747,49.613602],[20.077532,49.178427001000045],[21.631133,49.44734100100004],[22.56573833400006,49.087986157000046],[22.891502090000074,49.00779394300008],[22.64071,49.52979299900005],[24.069870001000027,50.50293400100003],[23.617825999000047,51.507880001000046],[23.653408,52.073446001000036],[23.178198001000055,52.283037],[23.938641,52.713017],[23.514978927000072,53.956251018000046]]]},"properties":{"id":"POL","name":"Poland","iso":"POL"}},
{"type":"Feature","geometry":{"type":"Polygon","coordinates":[[[-7.4184890399999,37.236242970000035],[-6.951188,39.023218],[-7.545325,39.663771],[-7.01514,39.670167],[-6.929733,41.03049200100003],[-6.188589,41.575293001000034],[-6.589426,41.967326],[-8.12552,41.808606],[-8.197911,42.153927001000056],[-8.842777884999975,41.884341138000025],[-8.792916297999966,40.11916732800006],[-9.50038909899996,38.783306122000056],[-9.12252807599998,38.71038818300008],[-8.945805547999953,38.997055053000054],[-9.225444792999951,38.411693573000036],[-8.725832938999929,38.57202911300004],[-8.630444526999952,38.40833282600005],[-8.914221763999933,38.49375152600004],[-8.995444297999938,37.02249908400006],[-7.4184890399999,37.236242970000035]]]},"properties":{"id":"PRT","name":"Portugal","iso":"PRT"}},
{"type":"Feature","geometry":{"type":"Polygon","coordinates":[[[28.578333170000064,43.73870085300007],[28.86333274900005,44.95375061000004],[28.995000839000056,44.68286132800006],[29.55330467300007,44.824584962000074],[29.684214962000055,45.202244552000025],[29.67630342600006,45.26623812100007],[29.673407804000078,45.289373762000025],[28.212888839000072,45.467437963000066],[28.096385999000063,46.97845400300008],[26.63025876200004,48.25982410900008],[25.040169,47.72522],[22.896020373000056,47.954051605000075],[22.024204723000025,47.51990107800003],[21.180614415000036,46.30400004100005],[20.26426116500005,46.12635882700005],[21.51405,45.170567],[21.394874,44.779434],[22.14756,44.475408],[22.476636,44.71037300100005],[22.676143,44.215451],[23.04196397000004,44.073653257000046],[22.876009889000045,43.83413642900007],[24.179697900000065,43.682950962000064],[25.560909998000056,43.64141162200008],[27.043829801000072,44.144458986000075],[28.578333170000064,43.73870085300007]]]},"properties":{"id":"ROU","name":"Romania","iso":"ROU"}},
{"type":"Feature","geometry":{"type":"MultiPolygon","coordinates":[[[[156.0483093260001,50.767887116000054],[155.22410583500005,50.049999237000065],[155.88914489800004,50.24830627600005],[156.0483093260001,50.767887116000054]]],[[[142.72744750900006,54.42080688500005],[142.25083923400007,54.30335998500004],[142.785827637,53.70580673200004],[141.76753234900002,53.37580490200003],[141.62580871600005,52.32747268800006],[142.25410461600006,51.12335968000008],[141.84791564900002,48.76750183100006],[142.2045593260001,47.97663879500004],[141.8079223640001,46.59916687000003],[142.08081054700006,45.89291763300008],[142.51158142100007,46.722057343000074],[143.37709045400004,46.54663848900003],[143.41494751000005,46.022056580000026],[143.617034912,46.37411117700003],[142.5295257570001,47.78086090200003],[142.97207641600005,49.11750030500008],[144.03750610400004,49.25708389400006],[144.7462463380001,48.64411163300008],[143.3216705320001,51.73041534400005],[143.20582580500002,51.517471313000044],[143.32580566500008,52.849140168000076],[142.72744750900006,54.42080688500005]]],[[[19.650592940000024,54.45315492200007],[19.878305435000073,54.64036178500004],[19.63852391000006,54.45877685600004],[19.650592940000024,54.45315492200007]]],[[[137.65744018600003,55.185832978000064],[137.2358856200001,54.76161194000008],[137.71002197300004,54.61539077900005],[138.22911071700003,55.031639099000074],[137.65744018600003,55.185832978000064]]],[[[20.95368753100007,55.28096112900005],[19.975805282000067,54.96161270300007],[19.872417450000057,54.64744568000003],[20.41250038100003,54.67747116100003],[19.80471185700003,54.442490605000046],[22.79193953200007,54.36323055200006],[22.588968183000077,55.07025156900005],[21.281583786000056,55.24869537400008],[21.204860687000064,54.918693544000064],[20.515054703000033,54.95458221400003],[20.982444763000046,55.277025406000064],[20.95368753100007,55.28096112900005]]],[[[164.594085693,59.23583221400003],[163.68244934100005,58.99080658100007],[163.4766387940001,58.44958496100003],[164.68586731000005,58.90247345100005],[164.594085693,59.23583221400003]]],[[[71.39645673800004,66.86108798200007],[70.61323836500003,66.68435194000006],[71.55995466300004,66.64770144600004],[71.39645673800004,66.86108798200007]]],[[[-180,68.99377441400003],[-180,68.98333333500005],[-180,68.95333333300005],[-180,68.92333333300007],[-180,68.89333333500008],[-180,68.86333333300007],[-180,68.83333333300004],[-180,68.81666666600006],[-180,68.78666666800007],[-180,68.75666666700005],[-180,68.72666666600003],[-180,68.69666666800003],[-180,68.66666666700007],[-180,68.65000000100008],[-180,68.62],[-180,68.59000000100008],[-180,68.56000000100005],[-180,68.53],[-180,68.50000000100005],[-180,68.48333333300008],[-180,68.45333333400004],[-180,68.42333333300007],[-180,68.39333333300004],[-180,68.36333333400006],[-180,68.33333333300004],[-180,68.31666666600006],[-180,68.28666666800007],[-180,68.25666666800004],[-180,68.22666666600003],[-180,68.19666666800003],[-180,68.16666666800006],[-180,68.15000000100008],[-180,68.12],[-180,68.09],[-180,68.06000000100005],[-180,68.03],[-180,68],[-180,67.98333333300008],[-180,67.95333333500008],[-180,67.92333333300007],[-180,67.89333333300004],[-180,67.86333333500005],[-180,67.83333333300004],[-180,67.81666666600006],[-180,67.78666666700008],[-180,67.75666666800004],[-180,67.72666666600003],[-180,67.69666666700004],[-180,67.66666666800006],[-180,67.65000000100008],[-180,67.62],[-180,67.59],[-180,67.56000000100005],[-180,67.53],[-180,67.5],[-180,67.48333333300008],[-180,67.45333333500008],[-180,67.42333333300007],[-180,67.39333333300004],[-180,67.36333333500005],[-180,67.33333333300004],[-180,67.31666666700005],[-180,67.28666666600003],[-180,67.25666666800004],[-180,67.22666666700007],[-180,67.19666666600006],[-180,67.16666666800006],[-180,67.15000000100008],[-180,67.12],[-180,67.09],[-180,67.06000000100005],[-180,67.03],[-180,67],[-180,66.98333333300008],[-180,66.95333333300005],[-180,66.92333333400006],[-180,66.89333333300004],[-180,66.86333333300007],[-180,66.83333333400003],[-180,66.81666666800004],[-180,66.78666666600003],[-180,66.75666666800004],[-180,66.72666666800006],[-180,66.69666666600006],[-180,66.66666666800006],[-180,66.65],[-180,66.62000000100005],[-180,66.59],[-180,66.56],[-180,66.53000000100008],[-180,66.5],[-180,66.48333333300008],[-180,66.45333333300005],[-180,66.42333333500005],[-180,66.39333333300004],[-180,66.36333333300007],[-180,66.33333333500008],[-180,66.31666666800004],[-180,66.28666666600003],[-180,66.25666666700005],[-180,66.22666666800006],[-180,66.19666666600006],[-180,66.16666666700007],[-180,66.15],[-180,66.12000000100005],[-180,66.09],[-180,66.06],[-180,66.03000000100008],[-180,66],[-180,65.98333333300008],[-180,65.95333333300005],[-180,65.92333333500005],[-180,65.89333333300004],[-180,65.86333333300007],[-180,65.83333333500008],[-180,65.81666666800004],[-180,65.78666666700008],[-180,65.75666666600006],[-180,65.72666666800006],[-180,65.69666666700004],[-180,65.66666666600008],[-180,65.65],[-180,65.62000000100005],[-180,65.59000000100008],[-180,65.56],[-180,65.53000000100008],[-180,65.50000000100005],[-180,65.49559484100007],[-180,65.46559484100004],[-180,65.43559484200006],[-180,65.40559484100004],[-180,65.37559484100007],[-179.27421569799998,65.53083038400007],[-179.67916870099998,66.16750335800003],[-178.49499511699997,66.37622070300006],[-178.44515991199998,65.46708679200003],[-176.56335449199997,65.54794311500007],[-175.43505859199996,64.76372528100006],[-173.65336608899997,64.32122039900008],[-173.32499694699996,64.61125183100006],[-173.15002441399997,64.23958587600004],[-172.97508239699997,64.49205780100004],[-172.23672485399996,64.40203094500004],[-173.20835876499999,64.74455261200006],[-172.09088134799998,65.08333587800007],[-172.08586120599998,65.48666381800007],[-173.00920104999997,65.70166778700008],[-171.05003356999998,65.46708679200003],[-171.44422912599998,65.83164215100004],[-170.57000732399996,65.61205291900006],[-169.67483520399998,66.13697052100008],[-171.66668701199998,66.94458007900005],[-173.64338684099997,67.11708069000008],[-174.62588500999996,67.05169677700007],[-174.00585937499997,66.98085785000006],[-173.94500732399996,66.14458465600006],[-173.97497558499998,66.45955658000008],[-174.40341186399996,66.29374694800003],[-174.90922546399997,66.58750152600004],[-175.25672912599998,67.65877533100007],[-180,68.99377441400003]]],[[[49.196529388000044,69.50624847400007],[48.25919342000003,69.14167022800007],[48.70330429100005,68.68869781600006],[50.31744384800004,69.10160827600004],[49.196529388000044,69.50624847400007]]],[[[168.31750488300008,70.00038909900007],[167.7949676510001,69.80041504000008],[169.2133026140001,69.55869293300003],[169.44488525400004,69.86042022800007],[168.31750488300008,70.00038909900007]]],[[[59.04502868600008,70.47039032000004],[58.75069427500006,69.97330475000007],[60.49325180100004,69.71372222900004],[59.04502868600008,70.47039032000004]]],[[[180.0000000000001,71.53],[180.0000000000001,71.53455352900005],[178.80241394000006,70.77708435000005],[180.0000000000001,70.97294616700003],[180.0000000000001,71],[180.0000000000001,71.03000000100008],[180.0000000000001,71.06],[180.0000000000001,71.09],[180.0000000000001,71.12000000100005],[180.0000000000001,71.15],[180.0000000000001,71.16666666800006],[180.0000000000001,71.19666666600006],[180.0000000000001,71.22666666800006],[180.0000000000001,71.25666666800004],[180.0000000000001,71.28666666600003],[180.0000000000001,71.31666666800004],[180.0000000000001,71.33333333400003],[180.0000000000001,71.36333333300007],[180.0000000000001,71.39333333300004],[180.0000000000001,71.42333333400006],[180.0000000000001,71.45333333300005],[180.0000000000001,71.48333333300008],[180.0000000000001,71.5],[180.0000000000001,71.53]]],[[[-178.96530151199997,71.60375213600008],[-180,71.53455352900005],[-180,71.53],[-180,71.5],[-180,71.48333333300008],[-180,71.45333333300005],[-180,71.42333333400006],[-180,71.39333333300004],[-180,71.36333333300007],[-180,71.33333333400003],[-180,71.31666666800004],[-180,71.28666666600003],[-180,71.25666666800004],[-180,71.22666666800006],[-180,71.19666666600006],[-180,71.16666666800006],[-180,71.15],[-180,71.12000000100005],[-180,71.09],[-180,71.06],[-180,71.03000000100008],[-180,71],[-180,70.97294616700003],[-179.52250671399997,70.86374664300007],[-177.43377685599998,71.16002655000005],[-178.96530151199997,71.60375213600008]]],[[[77.64499664300007,72.60453033400006],[76.93997192400008,72.26875305200008],[78.33625030500008,72.39167022700008],[77.64499664300007,72.60453033400006]]],[[[79.28236389200003,73.09625244100005],[78.61866760300006,72.82585907000004],[79.39752960200008,72.69789123500004],[79.28236389200003,73.09625244100005]]],[[[54.93116760300006,73.42416381800007],[53.24611282300003,73.17163848800004],[53.60997390800003,72.88872528100006],[52.54369354200003,72.84333038300008],[53.65866851800007,72.64167022700008],[52.65616607700008,72.61666870100004],[52.441165924000074,72.05419158900008],[51.526138306000064,72.05664062500006],[51.60374832300005,71.52916717500005],[53.501251221000075,71.54335784900007],[54.35119628900003,71.12416839600007],[53.55247116100003,70.78705596900005],[57.32489013700007,70.54458618100006],[55.183776856000065,71.90333557100007],[55.08111190800008,72.57746887300004],[56.50872039800004,73.17166900600006],[54.93116760300006,73.42416381800007]]],[[[70.88741302500006,73.48958587700008],[69.97483062900005,73.01294708300003],[71.68616485600006,73.16997528000007],[70.88741302500006,73.48958587700008]]],[[[142.07002258300008,73.90869140600006],[139.8848114010001,73.34291839700006],[143.594909668,73.21710968100007],[142.07002258300008,73.90869140600006]]],[[[112.12738800000011,74.55041503900003],[111.53878021200006,74.29166412500007],[112.85749816900011,74.07791900600006],[113.45866394000006,74.43830871600005],[112.12738800000011,74.55041503900003]]],[[[146.5165252690001,75.58708191000005],[146.13166809100005,75.22166443000003],[148.2348938,74.77288818400007],[150.62619018700002,74.87833404600008],[150.95991516100003,75.13788604900003],[146.95005798300008,75.32208252100008],[146.5165252690001,75.58708191000005]]],[[[139.17997741700003,76.21041870100004],[136.9882812500001,75.58499908400006],[138.1823577880001,74.75538635400005],[143.58738708500005,74.89377594000007],[142.25822448700012,75.28830719100006],[142.40327453600003,75.73371887200005],[142.9182739260001,75.13666534500004],[144.40164184600008,75.04753112800006],[145.28175354000007,75.56080627500006],[141.37997436500007,76.17624664400006],[140.57000732400002,75.59539032100008],[139.17997741700003,76.21041870100004]]],[[[67.67658233600008,77.00624847400007],[64.79333496100003,76.33125305100003],[61.12641525300006,76.28791809200004],[57.90666580200008,75.31958007800006],[55.96494293300003,75.16997528200005],[56.79863739000007,74.93580627400007],[55.85741806100003,74.77958679200003],[56.963638306000064,74.66999817000004],[55.796195984000065,74.66580200200008],[56.26105499300007,74.45500183100006],[55.12614059500004,74.22827911400003],[56.39125061100003,74.00833129800003],[55.03488922100007,74.15702819800003],[53.69252777100007,73.79208374000007],[55.84630584700005,73.64666748200005],[54.074974060000045,73.34625244100005],[54.947471619000055,73.44288635400005],[55.942554474000076,73.30124664300007],[55.89250183100006,73.43622589200004],[56.69491577100007,73.24539184500003],[56.37989044200003,73.74038696200006],[57.59875106800007,73.63161468500005],[56.59489059500004,73.88122558600008],[57.71991729700005,73.72208404700007],[57.189971924000076,74.07955932700008],[58.747470856000064,74.21294403100006],[58.265026093000074,74.55958557100007],[59.15491485600006,74.41874694900008],[61.316612243000066,75.30708312900003],[68.39983367900004,76.21125030500008],[69.17163848800004,76.68235778900004],[67.67658233600008,77.00624847400007]]],[[[48.58099821400003,41.84591013100004],[47.46552658100006,43.00524902300003],[47.73883438100006,43.91452789300007],[47.52175140400004,43.77691650500003],[46.68713760400004,44.55986022900004],[47.660083771000075,45.645973205000075],[48.41816711400003,45.59585952700007],[48.54763794000007,45.956359863000046],[48.72658157400008,45.62616729700005],[49.164718349000054,46.38251293600007],[48.545836,46.560169],[49.020459,46.75935400100008],[48.199549,47.689642],[47.194407,47.76046900100005],[47.123111,48.26889700100003],[46.493672,48.43291],[47.473372,50.42073900100007],[48.226804,49.868103001000065],[48.744797,49.921864],[48.57097100100003,50.633014],[50.767081,51.772609],[51.380355,51.476155],[52.358897,51.776105001000076],[52.560145,51.45598700100004],[53.426514,51.4819],[54.543866,50.527699],[54.594377,51.030412],[55.736566,50.549898],[56.512728,51.085364],[57.50798,50.87640100100003],[58.342735,51.180847],[59.509262,50.494961],[60.038506,50.850392],[60.809425,50.655982],[61.449623,50.80623300100007],[61.690746,51.255438],[60.002089,51.993229],[61.067523,52.346857001000046],[60.714364,52.662927],[61.009087,52.977576],[62.147309,53.068511],[61.17646,53.31117400100004],[61.59158,53.525664],[60.9006,53.627859],[60.996649,53.935977],[62.538163,53.897811],[65.222773,54.33411100100005],[65.489088,54.655525],[68.234353,54.969056],[68.932386,55.441858],[70.204903,55.145467],[70.807615,55.29241],[71.178622,54.094746],[72.184675,54.120536],[72.032548,54.366212001000065],[72.486788,53.900876],[72.607885,54.137095],[73.767189,54.05375900100006],[73.438436,53.435124],[73.901609,53.65058000100004],[74.388655,53.45683000100007],[76.92937700100003,54.45759500100007],[76.53671,54.000468],[77.907346,53.290662001000044],[80.079499,50.73286600100005],[80.67790100100007,51.316303],[81.44896,50.75536],[83.444893,51.012378],[85.257738,49.58829700100006],[86.202304,49.465936],[86.78078,49.794652],[86.617055,49.57220500100004],[87.28578864400004,49.115872127000046],[87.81445472100006,49.17016155500005],[92.36072879100004,50.884428213000035],[94.28382807200006,50.57196604200004],[94.61358531000008,50.035654099000055],[97.31485205400008,49.75088300300007],[98.30732901800008,50.322527],[97.82459103200006,51.009723],[98.91087900800005,52.148352001000035],[102.124434,51.36178399900007],[102.30247300100007,50.68203499900005],[103.25641400100005,50.193087],[105.354849,50.479708],[106.732164,50.316572],[107.96806099900004,49.93854300100003],[108.51674800100005,49.32013899900005],[110.81129599700006,49.17612600100006],[112.81288293700004,49.515230004000045],[114.33790369000008,50.28559701100005],[116.71403773100008,49.845616137000036],[117.86812430000009,49.50831770000008],[119.15742180000007,50.022595401000046],[120.779468,52.156968],[120.722058,52.543801],[120.027531,52.77663700100004],[120.876234,53.292814],[123.514383,53.5556],[126.104955,52.76927],[127.526258,49.81523600100007],[130.676858,48.872027],[130.96783,47.7088],[132.545146,47.713913],[133.055082,48.10726600100003],[134.76713581600006,48.37112452800005],[134.7703977000001,47.71513550000003],[134.16933390100007,47.31838540000007],[133.1324658000001,45.12533410100008],[131.8756983190001,45.34136350700004],[130.957019,44.84786100100007],[131.311365,43.39541600100006],[131.137173,42.933778001000064],[130.39508200000012,42.726139001000035],[130.63938738000002,42.41683425100007],[130.69908269300004,42.29283462700005],[130.661727906,42.665416718000074],[131.22122192400002,42.55324935900006],[131.76086425800008,43.33780670300007],[131.95835876500007,43.05699920600006],[132.33250427200005,43.30625152600004],[132.32244873000002,42.841251373000034],[133.04333496100003,42.67291641200006],[135.13580322300004,43.50208282600005],[137.68417358400006,45.811222076000035],[140.1745758070001,48.44250106800007],[140.69250488300008,50.08997344900007],[140.43743896500007,50.71749877900004],[141.54583740200007,52.150833129000034],[140.6308288570001,53.14583206100008],[141.20333862300004,52.99789047200005],[141.4241333010001,53.29499816900005],[139.74157714800003,54.30038833700007],[138.6524963380001,54.289970399000026],[138.76414489800004,53.984973909000075],[138.45491027800006,53.522026063000055],[138.5800018320001,53.99538803100006],[137.94836425800008,53.579528810000056],[137.3132782,53.53458404600008],[137.735839843,54.32080459600007],[136.78330993600002,53.76452636700003],[136.83247375500002,54.646667480000076],[135.74325561600006,54.56538772700003],[135.22741699200003,54.90997314400005],[138.22749328600003,56.42080688600004],[143.24661255,59.403720856000064],[145.92158508300008,59.42122268600008],[146.04666137700008,59.13872146600005],[146.5050048820001,59.46289062500006],[148.93167114200003,59.23038864100005],[149.4083557130001,59.758693695000034],[150.7533111570001,59.43125152700003],[151.4066619880001,59.60455703700006],[152.32247924900003,59.21080398500004],[151.10339355400004,59.106224060000045],[151.3450317380001,58.834526063000055],[155.19328308100012,59.17205429100005],[154.9766387940001,59.493694305000076],[154.1291351320001,59.452445984000065],[154.23083496100003,59.87330627400007],[156.68157959000007,61.52205658000008],[159.0133056640001,61.92291641200006],[159.57916259800004,61.64916610700004],[160.39747619600007,61.95494461200008],[159.77244567900004,61.23747253500005],[159.7949981700001,60.92625045800003],[160.43997192400002,61.033721924000076],[160.21333313000002,60.57875061000004],[162.41329956000004,61.67038726800007],[163.09324646000005,61.53710937500006],[163.24580383300008,62.50916671900006],[164.6099395760001,62.68125152600004],[165.30857849300003,62.469001770000034],[164.15075683600003,62.27247238100006],[163.78907775900007,60.82249832300005],[161.9415588380001,60.41794586300006],[158.3199462890001,57.97705459700006],[156.85083007800006,57.79750061000004],[156.9807739260001,57.38499832100007],[155.67581176800002,56.016693116000056],[156.6682739250001,50.86291503900003],[157.9041442880001,51.63077926600005],[158.55065917900004,52.30158233600008],[158.417251587,52.998554229000035],[160.046646118,53.08872222900004],[159.98500061000004,54.154582977000075],[162.14405822900005,54.748332977000075],[161.7474517820001,55.369998932000044],[162.09083557100007,56.09663772700003],[163.3608093260001,56.18747329800004],[162.6758575440001,57.33661270300007],[163.31919860900007,57.727500916000054],[162.69160461400008,57.95124816900005],[162.36331176800002,57.66875076300005],[161.8907470700001,57.97744369600008],[162.19914245600012,58.60247039800004],[163.23913574200003,59.05827713100007],[163.6373291010001,59.998611450000055],[164.19996643000002,59.85791778600003],[164.48661804200003,60.10124969600008],[164.83663940400004,59.782859802000075],[166.2749786380001,60.47205734200003],[166.2783660890001,59.81119537300003],[167.0116882320001,60.41291809100005],[169.2533111570001,60.61288833800006],[170.30996704100005,59.92708206300006],[170.54908752500012,60.42666626000005],[172.07002258300008,60.83541488800006],[173.53500366200012,61.75125122000003],[177.1432189940001,62.548721313000044],[179.10833740300006,62.27375030500008],[179.59750366200012,62.624973297000054],[178.23158264200003,64.43460845900006],[178.24833679200003,64.16705322300004],[177.5082702630001,64.74127960300007],[176.06829834000007,64.44708251900005],[176.22161865200007,64.87960815400004],[175.14253234900002,64.72244262800007],[176.0999145510001,64.93875122000003],[177.07833862300004,64.75289154200004],[177.52157592800006,64.92622375500008],[178.54493713400007,64.56038665900007],[180.0000000000001,65.03377533100007],[180.0000000000001,65.06377533000006],[180.0000000000001,65.09377532900004],[180.0000000000001,65.12377533100005],[180.0000000000001,65.15377533000003],[180.0000000000001,65.16666666600008],[180.0000000000001,65.19666666800003],[180.0000000000001,65.22666666800006],[180.0000000000001,65.25666666600006],[180.0000000000001,65.28666666800007],[180.0000000000001,65.31666666800004],[180.0000000000001,65.32206833300006],[180.0000000000001,65.37559472200007],[180.0000000000001,65.40559472300004],[180.0000000000001,65.43559472200008],[180.0000000000001,65.46559472200005],[180.0000000000001,65.49559472300007],[180.0000000000001,65.50000000100005],[180.0000000000001,65.53000000100008],[180.0000000000001,65.56],[180.0000000000001,65.59000000100008],[180.0000000000001,65.62000000100005],[180.0000000000001,65.65],[180.0000000000001,65.66666666600008],[180.0000000000001,65.69666666700004],[180.0000000000001,65.72666666800006],[180.0000000000001,65.75666666600006],[180.0000000000001,65.78666666700008],[180.0000000000001,65.81666666800004],[180.0000000000001,65.83333333500008],[180.0000000000001,65.86333333300007],[180.0000000000001,65.89333333300004],[180.0000000000001,65.92333333500005],[180.0000000000001,65.95333333300005],[180.0000000000001,65.98333333300008],[180.0000000000001,66],[180.0000000000001,66.03000000100008],[180.0000000000001,66.06],[180.0000000000001,66.09],[180.0000000000001,66.12000000100005],[180.0000000000001,66.15],[180.0000000000001,66.16666666700007],[180.0000000000001,66.19666666600006],[180.0000000000001,66.22666666800006],[180.0000000000001,66.25666666700005],[180.0000000000001,66.28666666600003],[180.0000000000001,66.31666666800004],[180.0000000000001,66.33333333500008],[180.0000000000001,66.36333333300007],[180.0000000000001,66.39333333300004],[180.0000000000001,66.42333333500005],[180.0000000000001,66.45333333300005],[180.0000000000001,66.48333333300008],[180.0000000000001,66.5],[180.0000000000001,66.53000000100008],[180.0000000000001,66.56],[180.0000000000001,66.59],[180.0000000000001,66.62000000100005],[180.0000000000001,66.65],[180.0000000000001,66.66666666800006],[180.0000000000001,66.69666666600006],[180.0000000000001,66.72666666800006],[180.0000000000001,66.75666666800004],[180.0000000000001,66.78666666600003],[180.0000000000001,66.81666666800004],[180.0000000000001,66.83333333400003],[180.0000000000001,66.86333333300007],[180.0000000000001,66.89333333300004],[180.0000000000001,66.92333333400006],[180.0000000000001,66.95333333300005],[180.0000000000001,66.98333333300008],[180.0000000000001,67],[180.0000000000001,67.03],[180.0000000000001,67.06000000100005],[180.0000000000001,67.09],[180.0000000000001,67.12],[180.0000000000001,67.15000000100008],[180.0000000000001,67.16666666800006],[180.0000000000001,67.19666666600006],[180.0000000000001,67.22666666700007],[180.0000000000001,67.25666666800004],[180.0000000000001,67.28666666600003],[180.0000000000001,67.31666666700005],[180.0000000000001,67.33333333300004],[180.0000000000001,67.36333333500005],[180.0000000000001,67.39333333300004],[180.0000000000001,67.42333333300007],[180.0000000000001,67.45333333500008],[180.0000000000001,67.48333333300008],[180.0000000000001,67.5],[180.0000000000001,67.53],[180.0000000000001,67.56000000100005],[180.0000000000001,67.59],[180.0000000000001,67.62],[180.0000000000001,67.65000000100008],[180.0000000000001,67.66666666800006],[180.0000000000001,67.69666666700004],[180.0000000000001,67.72666666600003],[180.0000000000001,67.75666666800004],[180.0000000000001,67.78666666700008],[180.0000000000001,67.81666666600006],[180.0000000000001,67.83333333300004],[180.0000000000001,67.86333333500005],[180.0000000000001,67.89333333300004],[180.0000000000001,67.92333333300007],[180.0000000000001,67.95333333500008],[180.0000000000001,67.98333333300008],[180.0000000000001,68],[180.0000000000001,68.03],[180.0000000000001,68.06000000100005],[180.0000000000001,68.09],[180.0000000000001,68.12],[180.0000000000001,68.15000000100008],[180.0000000000001,68.16666666800006],[180.0000000000001,68.19666666800003],[180.0000000000001,68.22666666600003],[180.0000000000001,68.25666666800004],[180.0000000000001,68.28666666800007],[180.0000000000001,68.31666666600006],[180.0000000000001,68.33333333300004],[180.0000000000001,68.36333333400006],[180.0000000000001,68.39333333300004],[180.0000000000001,68.42333333300007],[180.0000000000001,68.45333333400004],[180.0000000000001,68.48333333300008],[180.0000000000001,68.50000000100005],[180.0000000000001,68.53],[180.0000000000001,68.56000000100005],[180.0000000000001,68.59000000100008],[180.0000000000001,68.62],[180.0000000000001,68.65000000100008],[180.0000000000001,68.66666666700007],[180.0000000000001,68.69666666800003],[180.0000000000001,68.72666666600003],[180.0000000000001,68.75666666700005],[180.0000000000001,68.78666666800007],[180.0000000000001,68.81666666600006],[180.0000000000001,68.83333333300004],[180.0000000000001,68.86333333300007],[180.0000000000001,68.89333333500008],[180.0000000000001,68.92333333300007],[180.0000000000001,68.95333333300005],[180.0000000000001,68.98333333500005],[180.0000000000001,68.99377441400003],[176.08163452300005,69.88372039800004],[173.22319030800008,69.76535797200006],[170.53755188000002,70.11955261200006],[170.16235351600005,69.59750366200007],[171.1791992190001,69.02997589100005],[169.68157958900008,68.76452636700003],[167.808364868,69.76452636800008],[166.87333679200003,69.46208190900006],[164.02330017100007,69.75372314600008],[161.43411254900002,69.48249816900005],[161.1132812500001,69.16038513200004],[160.88566589300012,69.62660980200008],[159.7582702640001,69.73872375500008],[159.97119140600012,70.47747039900008],[158.50497436500007,70.96289062500006],[151.632583618,70.97374725500003],[151.5824127200001,71.31708526600005],[148.82994079700006,71.68872070400005],[150.06369018600003,71.92913818500006],[148.36738586400008,72.33127594100006],[147.115005493,72.31541443000003],[145.3475494380001,71.55455780000005],[145.4986114500001,72.24833679300008],[146.3236999510001,72.13661193800004],[145.9823913580001,71.86286163300008],[146.94375610400004,72.31749725300006],[144.2447814950001,72.24869537500007],[146.86250305200008,72.36294555800004],[140.7874145510001,72.87458038500006],[141.30125427300004,72.58169555800004],[139.123718262,72.25250244100005],[140.20108032200005,72.27830505500003],[139.30610656700003,71.94247436500007],[140.11874389700006,71.43250274700006],[138.115005493,71.57041931100008],[137.86257934600008,71.10041809000006],[136.0223846450001,71.62702941900005],[133.81755065900006,71.41455841100003],[132.77992248500004,71.95124816900005],[131.0449218750001,70.70285797200006],[128.31114196800002,72.07583618100006],[129.55619812100008,72.21497345000006],[128.4468536380001,72.51455688400006],[129.38613891600005,72.86247253400006],[128.01499938900008,73.40785980200008],[126.28133392300003,73.25919342200007],[126.31485748300008,73.55122375600007],[124.36247253400006,73.80041503900003],[123.4212799070001,73.65497589200004],[123.26992035,72.88794708400007],[119.84772491500007,72.95749664300007],[118.41369628900009,73.22080230800003],[118.87991333000002,73.53035736100003],[115.68730926600006,73.70539093100007],[113.53736114500009,73.50038910000006],[113.51472473100011,73.20266723800006],[112.84497070300006,73.98708343600003],[112.30747222900004,73.68955230700004],[111.57250213600008,74.05208587600004],[110.02233123800005,74.00619507000005],[109.69000244100005,73.67369079600007],[111.03483581500006,73.68788909900007],[108.36489105200008,73.20791625900006],[106.33992004400005,73.18958282600005],[105.27733612000009,72.75624847500006],[107.01741790800008,73.63205719000007],[108.13744354200009,73.62869262800007],[111.84989166300005,74.64047241200007],[113.79491424600008,75.42830657900004],[112.34825134200003,75.83744812000003],[113.58992004400011,75.53125000100005],[113.411468506,76.21833038500006],[112.6366119380001,76.05286407600005],[111.21988677900003,76.74958038300008],[106.53322601300005,76.49955749500003],[107.54483032200005,76.91402435400005],[104.16494751000005,77.08333587600004],[106.34486389200003,77.36413574200003],[104.14669799900008,77.71624755900007],[101.35160827600004,77.08750152600004],[101.12828064000007,76.46414184700006],[98.86822509800004,76.48083496200007],[99.84505462600004,76.04247283900008],[98.82672119100005,76.25955200200008],[95.70314025900007,75.82624817000004],[96.12664032000004,76.11705780000005],[93.27336120600006,76.10455322300004],[92.83152771000005,75.87997436700005],[94.11316681000005,75.91625213700007],[86.94161224400005,75.12413787900005],[87.84152984600007,75.02246856700003],[87.00749969500004,74.60128021200006],[85.91738891600005,74.85211181800008],[87.23664093000008,73.83486175500008],[80.50619506800007,73.55747222900004],[80.85124969500004,72.42833709700005],[83.66880798400007,71.64080810700005],[83.78878021300005,70.45417022700008],[82.96121978800005,70.29830932800007],[83.95989227300004,69.72955322400003],[82.42363739000007,70.17082977400008],[83.02363586400008,70.43003082200005],[82.84741973900003,70.95872497600004],[82.65113830600006,70.48994445800008],[82.01374816900005,70.55577850300006],[83.25485992500006,71.72458648700007],[81.45236206000004,71.71955871600005],[78.44750213600008,72.38622284100006],[77.46377563400006,72.20666503900003],[77.98486328100006,71.82622528200005],[75.96622467000003,71.88580322200005],[78.50872039800004,70.90413665800008],[76.13246917700008,71.16124725300006],[75.24869537300003,71.41666412300003],[75.68125152700003,72.53333282600005],[74.81363678000008,72.82416534400005],[75.01877594000007,72.18997192400008],[73.00872039800004,71.39666748200005],[74.32611084000007,70.59083557100007],[73.76419067300003,69.15663910000006],[75.94166564900007,69.25455475000007],[77.65158081100003,68.89202881000006],[78.18408203200005,68.24500274700006],[77.48413848900003,67.74663543700007],[78.78419494700006,67.46833038300008],[77.09413909900007,67.76166534400005],[76.58158111500006,68.96708679200003],[74.66658020000006,68.76622009400006],[74.77246856700003,67.69994354200003],[72.26002502500006,66.21619415300006],[69.12744140600006,66.61252594000007],[71.74988555900006,66.90460968100007],[73.62750244100005,68.42830658100007],[72.53910827600004,68.95333099300007],[72.81114196700008,70.86997222900004],[71.81119537400008,71.46416473400006],[72.87860870300005,72.69330597000004],[69.66733551000004,72.96119689900007],[68.33877563500005,71.58666992200006],[66.59864044200003,70.85166931100008],[67.42375183100006,70.65669250600007],[66.80738830500007,69.55166626100004],[68.10158538900004,69.52958679200003],[68.39160919200003,68.99791717500005],[69.26408386200006,68.93753051800007],[68.25827789300007,68.12708282500006],[67.16327667200005,68.81872558700007],[66.33171844400005,68.93875122000003],[65.52999878000003,69.14372253500005],[66.54489135700004,68.91124725300006],[66.18486023000008,69.07791900700005],[65.06671905500008,69.26705932600004],[64.69499969500004,69.10788726800007],[64.18663787900005,69.52708435000005],[60.849861145000034,69.86458587800007],[60.18408203200005,69.56580352900005],[61.187416076000034,68.80664062600005],[59.94494628900003,68.71619415400005],[59.765750885000045,68.33836364700005],[59.12575149600008,68.40586090200003],[59.115001678000056,68.99458313000008],[57.30333328200004,68.53208160400004],[55.35827636700003,68.53955841000004],[54.850860597000064,68.13996887300004],[53.218303680000076,68.18622589100005],[53.94749832200006,68.40499877900004],[53.57908248900003,68.88580322300004],[54.56583404600008,68.97833252000004],[53.88155365000006,68.96041870200008],[52.294944763000046,68.59788513100006],[52.327526093000074,68.30166626100004],[52.21658325200008,68.57375335800003],[48.59275054900007,67.91322326600005],[49.07180404700006,67.60028076200007],[47.983001709000064,67.64197540300006],[47.67100143400006,66.95449829100005],[46.66044616700003,66.81661224300007],[44.901943207000045,67.32533264300008],[45.29100036600005,67.69533538800005],[46.69341659500003,67.80674743700007],[46.00752639700005,68.44163513200004],[43.27663803100006,68.67121887200005],[44.22077941900005,68.26916504000008],[44.106166839000025,65.96194458000008],[42.21102905300006,66.52027893200005],[40.74002838200005,65.98474884000007],[39.700748444000055,65.46563720700004],[40.463638305000075,64.51222229000007],[38.438694,64.80725097700008],[38.002334595000036,64.58110809300007],[38.36655426100003,64.84378051700003],[36.84914016700003,65.15264129700006],[36.53497314400005,64.71422577000004],[38.04197311400003,64.29025268700008],[37.41505432100007,63.78152847300004],[34.78350067200006,64.51210784900007],[34.24477767900004,65.37413787800006],[34.85969543400006,65.86475372300004],[32.97680664100005,66.24747467000003],[33.71305465700004,66.41258239700005],[31.869472503000054,67.13908386300005],[34.471500398000046,66.53919220100005],[38.68099975600006,66.06439209000007],[41.08363723700006,66.73603058000003],[41.02639007600004,67.65636444200004],[35.83322143500004,69.18788909900007],[33.56822204600007,69.29958343500005],[33.030803680000076,68.88327789300007],[33.49911117500005,69.40166473400006],[32.88325119000007,69.27874756000006],[31.962472916000024,69.63083648700007],[33.09825134300007,69.73958587800007],[31.958360673000072,69.95541381900006],[31.25661087000003,69.55708313000008],[30.822769935000053,69.78961047900003],[28.930019,69.05181300100003],[28.646758,68.196421],[30.01719,67.673584],[29.03372,66.92541800100008],[30.134272,65.70030500100006],[29.616956,64.914697],[30.553837,64.132171],[29.971588,63.757073],[31.5871,62.908525],[27.799670683000045,60.54725825400004],[28.686445236000054,60.739444734000074],[28.623277664000057,60.35280609300003],[30.346666,59.95372400100007],[28.097415924000074,59.78997039800004],[28.064861285000063,59.46171720400008],[27.357339482000043,58.78722537800007],[27.818994736000036,57.89056207600004],[27.351462,57.518074],[27.86701,57.296289],[28.151226,56.170743],[29.421343,55.969400001000054],[29.480903,55.70808000100004],[30.167375,55.87885900100008],[30.932995,55.623917],[30.748675,54.805343],[31.898225,54.082686],[31.762911001000077,53.79536500100005],[32.769427,53.464758],[32.235558,53.098328],[31.242312,53.032404],[31.78176936500006,52.11196101000007],[33.311200034000024,52.35481695900006],[33.83825750300008,52.360346865000054],[34.415542,51.825434],[34.23081873600006,51.26501756500005],[35.40613131200007,51.04812528900004],[35.626522108000074,50.352010696000036],[36.64793806700004,50.217749146000074],[37.48873647600004,50.45780372100006],[38.026164720000054,49.90621083100007],[38.313036037000074,50.088344523000046],[40.13525547100005,49.61683846100004],[40.21433671700004,49.24499798200003],[39.663475152000046,49.00099405800006],[40.07928448100006,48.86973119400005],[39.66076824500004,48.608881807000046],[40.01884143900003,48.25719819200003],[39.79374838600006,47.869502030000035],[38.837974332000044,47.865003416000036],[38.22965432700005,47.12013990000003],[39.270389557000044,47.25080490100004],[39.29085922200005,47.021221162000074],[38.44744491600005,46.849582672000054],[38.59327697700007,46.66205596900005],[37.69622039800004,46.70249939100006],[38.590026855000076,46.037082672000054],[38.274944305000076,46.258750916000054],[37.532501221000075,45.37958145300007],[36.79580688500005,45.44038772700003],[36.99205398600003,45.286640169000066],[36.60036087100008,45.19327926600005],[37.19760400100006,45.149896],[37.45663833700007,44.70208358900004],[38.78666687000003,44.28208160400004],[40.00808560300004,43.386080192000065],[40.661828,43.563131001000045],[42.86048600100003,43.17943],[43.945294,42.549601],[45.15835,42.707687],[46.425759,41.912340001000075],[47.781746,41.185353],[48.58099821400003,41.84591013100004]]],[[[102.47624969500004,79.41449737500005],[99.58655548100006,77.91955566400003],[105.46113586400008,78.48741912800006],[103.88655853200004,79.17038726900006],[102.46778106700003,78.81241607700008],[102.47624969500004,79.41449737500005]]],[[[91.94472503600008,80.07794189600008],[91.69991302500006,79.62544250500008],[93.83472442600004,79.90164184600008],[91.94472503600008,80.07794189600008]]],[[[97.38974762000004,80.16789245600006],[95,80.11044311700005],[94.29830932600004,79.97416687000003],[94.68666839600007,79.79205322200005],[92.86155700700004,79.55416870200008],[93.88842010500008,79.62747192300003],[94.92986297600004,79.02788543700007],[99.47985839900008,78.79039001500007],[100.11157989500003,79.80322265700005],[98.77508545100005,80.07202911400003],[97.66333007800006,79.84541320800008],[97.38974762000004,80.16789245600006]]],[[[58.089668274000076,80.46955871600005],[58.059970856000064,80.08452606300006],[59.30244445800008,80.31580352900005],[58.089668274000076,80.46955871600005]]],[[[47.46010971000004,80.85708618100006],[44.88244628900003,80.59416961800008],[48.65980529700005,80.61875152700003],[47.46010971000004,80.85708618100006]]],[[[61.649887085000046,80.86621856800008],[59.57233429000007,80.76747131300004],[59.66719436600005,80.37496948400008],[61.66738891600005,80.46749877900004],[61.649887085000046,80.86621856800008]]],[[[50.942584993000025,80.89416504000008],[46.75236129800004,80.31580352900005],[47.69994354200003,80.04794311600006],[51.75247192300003,80.69914245700005],[50.942584993000025,80.89416504000008]]],[[[64.56491851800007,81.19455719000007],[63.43474960400005,80.61785888600008],[65.34719085700004,80.89333343600003],[64.56491851800007,81.19455719000007]]],[[[95.68052673400007,81.27964019700005],[91.46252441400009,80.25746917700008],[93.77339172300003,79.99121856700003],[94.58730316200007,80.13666534600003],[97.30480194100005,80.22041320800008],[98.19225311300005,80.65164184500009],[95.68052673400007,81.27964019700005]]],[[[56.634860993000075,81.40708160500003],[55.575054169000055,81.19705200200008],[57.96749877900004,81.29577636800008],[56.634860993000075,81.40708160500003]]]]},"properties":{"id":"RUS","name":"Russia","iso":"RUS"}},
{"type":"Feature","geometry":{"type":"Polygon","coordinates":[[[29.040542853000034,-2.744129891999933],[29.723397257000045,-2.818471070999976],[29.957535905000043,-2.328651526999977],[30.544805066000038,-2.413575993999928],[30.899118,-2.077514998999959],[30.47311563200003,-1.057412720999935],[29.926193155000078,-1.481315010999936],[29.59116395800004,-1.38769801899997],[28.871085,-2.413949],[29.040542853000034,-2.744129891999933]]]},"properties":{"id":"RWA","name":"Rwanda","iso":"RWA"}},
{"type":"Feature","geometry":{"type":"MultiPolygon","coordinates":[[[[-171.84838867199997,-13.791250228999957],[-172.09303283599996,-13.893444060999968],[-171.45211791999998,-14.050889015999928],[-171.84838867199997,-13.791250228999957]]],[[[-172.34252929699997,-13.446277618999943],[-172.83464050299997,-13.519166946999974],[-172.24678039599996,-13.804694173999962],[-172.34252929699997,-13.446277618999943]]]]},"properties":{"id":"WSM","name":"Samoa","iso":"WSM"}},
{"type":"Feature","geometry":{"type":"Polygon","coordinates":[[[12.508239,43.991962],[12.4085,43.902939],[12.486972,43.896509],[12.508239,43.991962]]]},"properties":{"id":"SMR","name":"San Marino","iso":"SMR"}},
{"type":"Feature","geometry":{"type":"Polygon","coordinates":[[[-175.33213806099997,-21.080862045999936],[-175.135025024,-21.27294349699997],[-175.03208923299997,-21.150861738999936],[-175.33213806099997,-21.080862045999936]]]},"properties":{"id":"TON","name":"Tonga","iso":"TON"}},
{"type":"Feature","geometry":{"type":"Polygon","coordinates":[[[-60.929164886999956,10.835416794000025],[-61.67372131299999,10.709111215000064],[-61.460388182999964,10.295749665000073],[-61.93161010699998,10.046999933000052],[-60.99419403099995,10.132916450000039],[-60.929164886999956,10.835416794000025]]]},"properties":{"id":"TTO","name":"Trinidad & Tobago","iso":"TTO"}},
{"type":"Feature","geometry":{"type":"Polygon","coordinates":[[[9.556425,30.228034],[10.272016,30.800743001000058],[10.276415,31.672599001000037],[11.594983,32.454341001000046],[11.562563411000042,33.16648216600004],[11.175057364000054,33.20785704100007],[10.996956871000066,33.65039116400004],[10.444326120000028,33.620147641000074],[10.017939072000047,34.11929048300004],[11.166427296000052,35.23063897800006],[10.467324620000056,36.12870991900007],[11.074777478000044,37.05160439300005],[10.43293135500005,36.70639187300003],[10.279211614000076,37.18175059300006],[9.741992147000076,37.347501976000046],[8.641940572000067,36.940958641000066],[8.153673,36.496998],[8.409609,36.41179200100004],[8.320765,34.732633],[7.524641,33.79733],[8.35734,32.50173500100004],[9.075418,32.086467001000074],[9.556425,30.228034]]]},"properties":{"id":"TUN","name":"Tunisia","iso":"TUN"}},
{"type":"Feature","geometry":{"type":"Polygon","coordinates":[[[66.55373200100007,37.35475300100006],[66.706986,37.916878],[66.14702432200005,38.171170473000075],[62.46982802600007,39.95825812600003],[61.887506,41.10530300100004],[60.23393178400005,41.335312989000045],[59.99752398000004,42.24081752700005],[58.62409228900003,42.766372905000026],[58.14901506400008,42.62943696800005],[58.51064743200004,42.27764252600008],[58.052400214000045,42.54315195400005],[57.86462699700007,42.171433087000025],[56.98627350500004,41.89839359500007],[57.04553495600004,41.24200681100007],[55.998567,41.318638],[55.430472,41.27949500100004],[54.214868,42.37715900100005],[52.44557806500006,41.76103958600004],[52.94800186100008,40.99016571000004],[52.75877761900006,40.01466751100003],[53.44872284000007,39.98263931300005],[53.71974945100004,39.57411193900003],[53.27191543600003,39.68902588000003],[53.17708206200007,39.22430419900007],[53.53236007700008,39.33274841400004],[53.99277877800006,38.93936157200005],[53.899436499000046,37.34927030700004],[54.673431,37.437178],[55.466981,38.09505300100005],[57.217139,38.279814001000034],[57.44061,37.94354300100008],[59.353621,37.5285],[60.345966,36.62905600100004],[61.14616500100004,36.643263],[61.274126,35.60515],[62.627865,35.20793],[63.099102,35.417985001000034],[63.120703,35.863179],[64.579957,36.351645001000065],[64.755751,37.112878],[65.76062000100006,37.550763001000064],[66.55373200100007,37.35475300100006]]]},"properties":{"id":"TKM","name":"Turkmenistan","iso":"TKM"}},
{"type":"Feature","geometry":{"type":"Polygon","coordinates":[[[6.661141396000062,0.412938565000047],[6.515889138000034,0.020570925000072],[6.749468209000042,0.242971045000047],[6.661141396000062,0.412938565000047]]]},"properties":{"id":"STP","name":"Sao Tome & Principe","iso":"STP"}},
{"type":"Feature","geometry":{"type":"Polygon","coordinates":[[[34.96042429100004,29.35710639100006],[34.57409382700007,28.087313444000074],[35.22190389900004,28.046631164000075],[37.23927739700008,25.190157124000052],[37.42689487600006,24.36959569000004],[38.46197318000003,23.78289002400004],[39.143401863000065,22.406502122000063],[38.92982528700003,22.012577099000055],[39.19046571700005,21.101402524000036],[40.792524333000074,19.73376244800005],[42.77121189600007,16.404110848000073],[43.23472200100008,16.642833001000042],[43.35475,17.55638900100007],[46.75,17.283333],[47.18333300100005,16.95],[48.183333,18.166667],[49.116667,18.616667],[52,18.999633],[55,20.000000001000046],[55.6667,22],[55.21335,22.70577300100007],[52.58126333000007,22.93927472000007],[51.59073711600007,24.253670114000045],[51.28946428000006,24.30050035200003],[51.40177300500005,24.625474741000062],[51.09861104600003,24.47111112300007],[50.81169815800007,24.74454002400006],[50.00059356500003,25.988662928000053],[50.238082689000066,26.370588960000077],[50.049594340000056,26.87049173300005],[48.84845397500004,27.603459488000055],[48.430298908000054,28.53433399000005],[47.704802,28.524446],[47.466006,28.999914],[46.55304,29.10117],[44.721936001000074,29.198487001000046],[42.085639,31.111667],[40.413376,31.948038],[39.200932,32.154284],[37.000897,31.500114],[37.997158,30.500606],[37.499598,29.999146001000042],[36.753536,29.868495],[36.070097,29.18503600100007],[34.96042429100004,29.35710639100006]]]},"properties":{"id":"SAU","name":"Saudi Arabia","iso":"SAU"}},
{"type":"Feature","geometry":{"type":"Polygon","coordinates":[[[-16.747101510999983,13.06371806200002],[-16.767298774999972,12.575902044000031],[-16.339468188999945,12.580056323000065],[-16.758645746999946,12.54228557700003],[-16.71592670499996,12.33844784400003],[-13.708298353999965,12.674861213000042],[-12.359461460999967,12.307289079000043],[-11.376809184999956,12.412652624000032],[-11.355813287999979,12.979866271000049],[-12.037596980999979,13.624273023000057],[-12.239959270999975,14.764461083000072],[-13.375395784999967,16.05782907500003],[-13.847993517999953,16.107399385000065],[-14.334951902999933,16.642642987000045],[-16.261590196999975,16.525876528000026],[-16.509075517999975,16.060626436000064],[-16.904074655999977,15.191016190000028],[-17.529520034999962,14.740630150000072],[-16.49781283699997,13.933483828000021],[-16.545268247999957,13.591702048000059],[-15.068061058999945,13.825058106000029],[-13.791430490999971,13.42282228700003],[-14.359807449999948,13.229439024000044],[-15.088556765999954,13.59739353200007],[-15.802231328999937,13.16565276800003],[-16.747101510999983,13.06371806200002]]]},"properties":{"id":"SEN","name":"Senegal","iso":"SEN"}},
{"type":"Feature","geometry":{"type":"Polygon","coordinates":[[[17.160807,48.00667800100007],[18.646012,47.75890600100007],[20.546471,48.544133],[22.155218501000036,48.40395637600005],[22.56573833400006,49.087986157000046],[21.631133,49.44734100100004],[20.077532,49.178427001000045],[19.46747,49.613602],[18.850899,49.516897],[16.940360811000062,48.616693577000035],[17.160807,48.00667800100007]]]},"properties":{"id":"SVK","name":"Slovakia","iso":"SVK"}},
{"type":"Feature","geometry":{"type":"Polygon","coordinates":[[[13.71407398100007,46.52286817600003],[13.375599,46.29788600100005],[13.719471932000033,45.59336090000005],[13.585570226000073,45.478600192000044],[13.652587108000034,45.45342051200004],[13.676478836000058,45.44426135100008],[14.569946991000052,45.67300215300003],[15.345775475000039,45.45642921700005],[15.647197885000026,46.21721177000006],[16.596710569000038,46.47582046700006],[16.113795,46.86908600100003],[14.56525212200006,46.37231752800005],[13.71407398100007,46.52286817600003]]]},"properties":{"id":"SVN","name":"Slovenia","iso":"SVN"}},
{"type":"Feature","geometry":{"type":"MultiPolygon","coordinates":[[[[161.35336303700012,-10.179611205999947],[161.601669312,-10.658778190999953],[162.39535522500012,-10.838360786999942],[161.35336303700012,-10.179611205999947]]],[[[159.70663452100007,-9.249610900999926],[159.81750488300008,-9.800472257999957],[160.8303833010001,-9.861694335999971],[159.70663452100007,-9.249610900999926]]],[[[160.7049713140001,-8.315472601999943],[160.79289245600012,-9.073333738999963],[161.38252258300008,-9.632111549999934],[160.7049713140001,-8.315472601999943]]],[[[157.4858398440001,-7.957110881999938],[157.2095489500001,-8.317555427999935],[157.54246521000005,-8.252943990999938],[157.80081176700003,-8.637110708999955],[157.4858398440001,-7.957110881999938]]],[[[158.4449768070001,-7.527944564999927],[159.90539550800008,-8.57166671799996],[159.41000366200012,-7.987111091999964],[158.4449768070001,-7.527944564999927]]],[[[156.47789001500007,-6.597527980999928],[157.00833129900002,-7.301277637999931],[157.55667114200003,-7.392083167999942],[156.47789001500007,-6.597527980999928]]]]},"properties":{"id":"SLB","name":"Solomon Is","iso":"SLB"}},
{"type":"Feature","geometry":{"type":"Polygon","coordinates":[[[42.967222,10.997222],[42.67008,10.623811],[42.853715,10.219238001000065],[43.995312,9.003194001000054],[47.001028,8.00113900100007],[48.00105600100005,8.001306],[44.970454,4.913288001000069],[43.63497,4.854599],[41.906945,3.982678],[40.994374,2.822683],[40.994373,-0.839577],[41.55918252400005,-1.66203236399997],[43.55052858400006,0.70617803600004],[46.005538828000056,2.424370365000073],[47.960279694000064,4.474292175000073],[50.828843207000034,9.41851603200007],[50.89853757600008,10.311870546000023],[51.415031396000074,10.443133317000047],[51.02917476700003,10.447544060000041],[51.28778453900003,11.832624398000064],[50.79140172000007,11.988735373000054],[49.424738526000056,11.336956686000065],[47.41446971000005,11.177761086000032],[46.43349001400003,10.681772718000047],[45.80506532000004,10.868633696000074],[44.591492618000075,10.37846472700005],[43.25870764700005,11.46068236700006],[42.967222,10.997222]]]},"properties":{"id":"SOM","name":"Somalia","iso":"SOM"}},
{"type":"Feature","geometry":{"type":"Polygon","coordinates":[[[19.999318,-24.76233099899997],[19.999223,-28.428491],[19.155979,-28.963299],[18.188859,-28.917946],[17.419143,-28.723097],[17.078511,-28.033657],[16.45450151500006,-28.633699845999956],[18.278589313000055,-31.894389902999933],[18.312349898000036,-32.569692834999955],[17.84452434600007,-32.82558063399995],[18.438518487000067,-33.694480932999966],[18.380852108000056,-34.27419164699995],[18.77901645700007,-34.08393481999997],[18.826719247000028,-34.387760198999956],[20.001034533000052,-34.83327927299996],[22.566597829000045,-33.99698510299993],[25.634832345000063,-34.046585119999975],[25.787496529000066,-33.74264911599994],[26.559242211000026,-33.747112311999956],[27.90200801900005,-33.04354099099993],[30.067062340000064,-31.234809911999946],[31.448903201000064,-29.216755494999973],[32.373584710000046,-28.563478506999957],[32.89112957900005,-26.85862608599996],[32.13464,-26.840070998999977],[31.977477,-27.317402],[31.493894,-27.314960998999936],[30.802886,-26.824984],[31.315276,-25.743026],[31.975626894000072,-25.952684045999945],[31.985298,-24.305282],[31.309523,-22.42199899899998],[29.375304,-22.19547099899995],[28.34302,-22.573314998999933],[27.135312001000045,-23.523343],[26.855801,-24.263498998999978],[25.847132001000034,-24.754618],[25.51401,-25.684040998999933],[24.68248,-25.823829],[23.010153,-25.297213],[22.557512,-26.221495],[21.694893,-26.861044],[20.684838,-26.907545],[20.812929,-25.86947799899997],[19.999318,-24.76233099899997]],[[28.651418,-28.570575],[29.448451,-29.373508998999966],[29.103576,-29.966119],[28.398005,-30.144465],[28.109624,-30.67760599899998],[27.746547,-30.605872],[27.017547,-29.617579],[27.754282,-28.897277998999982],[28.651418,-28.570575]]]},"properties":{"id":"ZAF","name":"South Africa","iso":"ZAF"}},
{"type":"Feature","geometry":{"type":"Polygon","coordinates":[[[30.850146,3.500638],[31.17999278900004,3.794246242000042],[31.80317574600008,3.83665538200006],[32.203103,3.50499],[33.028629,3.890723001000026],[33.512466,3.749066001000074],[33.992061,4.218628],[35.408291001000066,5.033421001000022],[35.597025,4.624649001000023],[35.948997,4.631039],[35.861817,5.320283],[35.316011,5.33482200100002],[35.126028,5.62441700100004],[34.939003,6.558017001000053],[33.715563,7.663140001000045],[33.004727,7.858829],[33.21883,8.434842],[34.141982,8.601771001000031],[34.106668918000025,9.500001],[33.877584,9.499999],[33.970458,10.145910001000061],[33.246094,10.777745001000028],[33.294404,12.218997],[32.096585,11.95105],[32.46973,11.043305],[31.31673,9.775435001000062],[30.834268,9.711747001000049],[29.941108001000032,10.288055001000032],[29.537492,10.081953],[29.5375,9.75],[28.999999785000057,9.673558573000037],[28.744428,9.347223],[28.038889,9.347221001000037],[27.905554860000052,9.612500062000038],[26.393915,9.564064],[25.760609,10.439004],[25.097777,10.316738],[24.811031,9.791175001000056],[23.696254,9.671553001000063],[23.518415,8.724261001000059],[24.255069,8.705636001000073],[24.203056,8.30625],[25.226944,7.866305001000057],[25.202084,7.493195],[26.417166,6.646056],[26.451834,6.090250001000072],[27.165417,5.773528001000045],[27.445911,5.018002],[28.38081,4.285291],[29.657087,4.646049],[30.850146,3.500638]]]},"properties":{"id":"SSD","name":"South Sudan","iso":"SSD"}},
{"type":"Feature","geometry":{"type":"MultiPolygon","coordinates":[[[[3.213749886000073,39.95577621500007],[2.364972115000057,39.531192780000026],[3.070805551000035,39.26702880900007],[3.478749991000029,39.71664047200005],[3.213749886000073,39.95577621500007]]],[[[4.095388889000048,40.08913803100006],[3.821194410000032,39.924999238000055],[4.278333188000033,39.810417175000055],[4.095388889000048,40.08913803100006]]],[[[-5.339666843999964,36.15319833600006],[-4.414999961999968,36.718723297000054],[-2.125833272999955,36.73041534500004],[-1.454222201999926,37.490417481000065],[-0.717499970999938,37.60705566400003],[-0.507916688999956,38.33000183100006],[0.235444442000073,38.738334655000074],[-0.242138891999957,39.130832672000054],[-0.180444447999946,39.740001678000056],[0.979972245000056,41.03455734400006],[3.174138784000036,41.86372375500008],[3.172861099000045,42.43591992100005],[1.725802,42.504403],[1.456664001000036,42.435837],[1.438552,42.603156],[-0.565877,42.779584],[-1.781920126999978,43.34846827300004],[-7.049221991999957,43.48125076400004],[-7.904166698999973,43.770389557000044],[-8.205861091999964,43.32288742000003],[-9.302083014999937,43.05416488800006],[-8.86752796099995,42.82869339100006],[-9.042528152999978,42.51877594000007],[-8.738333701999977,42.66286087000003],[-8.873833655999931,42.25249862700008],[-8.60005569499998,42.345359802000075],[-8.842777884999975,41.884341138000025],[-8.197911,42.153927001000056],[-8.12552,41.808606],[-6.589426,41.967326],[-6.188589,41.575293001000034],[-6.929733,41.03049200100003],[-7.01514,39.670167],[-7.545325,39.663771],[-6.951188,39.023218],[-7.4184890399999,37.236242970000035],[-6.866694449999954,37.29291534400005],[-6.036694525999962,36.18122101000006],[-5.353773928999942,36.15490596800004],[-5.339666843999964,36.15319833600006]]],[[[-15.419575690999977,28.180999756000062],[-15.82298755599993,28.013416290000066],[-15.674782752999931,27.749120713000025],[-15.419575690999977,28.180999756000062]]],[[[-16.153909682999938,28.586637498000073],[-16.921813964999956,28.354629518000024],[-16.70040512099996,28.002847673000076],[-16.153909682999938,28.586637498000073]]],[[[-13.874770163999926,28.746612549000076],[-14.507169723999937,28.064783096000042],[-13.91736125899996,28.25208473200007],[-13.874770163999926,28.746612549000076]]]]},"properties":{"id":"ESP","name":"Spain","iso":"ESP"}},
{"type":"Feature","geometry":{"type":"Polygon","coordinates":[[[80.21747589100005,9.832055093000065],[80.46248458900004,9.568390019000049],[79.90621948200004,9.758305551000035],[80.39875030500008,9.486639023000066],[80.05371856600004,9.598305702000062],[79.70375061000004,8.053333283000029],[80.05789184600008,6.190805435000073],[80.59249877900004,5.914555551000035],[81.69875335700004,6.484972],[81.86875152600004,7.318305492000036],[81.35458374000007,8.490833283000029],[81.18125152500005,8.441666603000044],[80.80999756000006,9.292916299000069],[80.21747589100005,9.832055093000065]]]},"properties":{"id":"LKA","name":"Sri Lanka","iso":"LKA"}},
{"type":"Feature","geometry":{"type":"Polygon","coordinates":[[[-62.81083297599997,17.415361406000045],[-62.84836196899994,17.344583512000042],[-62.62908172599998,17.22455596900005],[-62.81083297599997,17.415361406000045]]]},"properties":{"id":"KNA","name":"St Kitts & Nevis","iso":"KNA"}},
{"type":"Feature","geometry":{"type":"Polygon","coordinates":[[[-60.94380569499998,14.106666565000069],[-61.081275939999955,13.862472534000062],[-60.94780731199995,13.704750061000027],[-60.94380569499998,14.106666565000069]]]},"properties":{"id":"LCA","name":"St Lucia","iso":"LCA"}},
{"type":"Feature","geometry":{"type":"Polygon","coordinates":[[[-61.168361663999974,13.380416871000023],[-61.281307219999974,13.242472649000035],[-61.19666671799996,13.118721962000052],[-61.168361663999974,13.380416871000023]]]},"properties":{"id":"VCT","name":"St Vincent & the Grenadines","iso":"VCT"}},
{"type":"Feature","geometry":{"type":"Polygon","coordinates":[[[23.696254,9.671553001000063],[24.811031,9.791175001000056],[25.097777,10.316738],[25.760609,10.439004],[26.393915,9.564064],[27.905554860000052,9.612500062000038],[27.833333639000045,10.166666410000062],[29.00000102000007,10.166667117000031],[28.999999785000057,9.673558573000037],[29.5375,9.75],[29.537492,10.081953],[29.941108001000032,10.288055001000032],[30.834268,9.711747001000049],[31.31673,9.775435001000062],[32.46973,11.043305],[32.096585,11.95105],[33.294404,12.218997],[33.246094,10.777745001000028],[33.970458,10.145910001000061],[33.877584,9.499999],[34.106668918000025,9.500001],[34.294576,10.584899],[34.602817,10.905978],[34.868343,10.731293],[35.0869,11.807542001000058],[35.69833900100008,12.673097],[36.159919,12.697182],[36.56039403500006,14.257664973000033],[36.433348,15.167336],[37.001776,17.079021],[38.24271,17.550802],[38.58225028800007,18.021212827000056],[37.42770264400008,18.845967015000042],[37.09899667700006,21.200690714000075],[37.319546256000024,21.065917754000054],[36.89280411300007,22.065599906000045],[35.61962327300006,23.146409214000073],[34.947203,22.860202],[34.687653,22.295879],[34.149413,22.203899001000025],[33.99951,21.769434],[33.553317,21.724952],[33.165718,22],[31.398882,22],[31.469795,22.224918],[31.315029,22],[25,22],[25,20.000000001000046],[24,20.000000001000046],[24,19.500000001000046],[24,15.698805],[22.929705616000035,15.555355500000076],[22.940725776000022,15.106391177000035],[22.382998241000053,14.512412377000032],[22.57520336500005,14.19113317800003],[22.072382281000046,13.776929070000051],[22.29093627800006,13.353739885000039],[21.815196886000024,12.815440419000026],[22.476648,12.632859],[22.876806051000074,10.937328863000062],[23.696254,9.671553001000063]]]},"properties":{"id":"SDN","name":"Sudan","iso":"SDN"}},
{"type":"Feature","geometry":{"type":"Polygon","coordinates":[[[-54.554438,2.325732],[-53.998644,3.439632001000064],[-54.475744,4.902095001000021],[-54.00055877999995,5.626310573000069],[-54.82678498599995,6.002282365000042],[-55.157145398999944,5.986754639000026],[-55.09297837599996,5.715893490000042],[-55.57033814799996,5.998004660000049],[-55.96047868199997,5.913477166000064],[-55.90381135399997,5.671782715000063],[-56.47214402599997,5.949282391000054],[-57.14882554199994,5.842472133000058],[-57.184952,5.161584001000051],[-57.880545,4.881725],[-58.070199,4.131027],[-56.500267,1.934243001000027],[-55.906151,1.887448],[-56.142635,2.261837],[-55.958084,2.527463001000058],[-54.939853,2.628138],[-54.554438,2.325732]]]},"properties":{"id":"SUR","name":"Suriname","iso":"SUR"}},
{"type":"Feature","geometry":{"type":"Polygon","coordinates":[[[31.975626894000072,-25.952684045999945],[31.315276,-25.743026],[30.802886,-26.824984],[31.493894,-27.314960998999936],[31.977477,-27.317402],[32.13464,-26.840070998999977],[31.975626894000072,-25.952684045999945]]]},"properties":{"id":"SWZ","name":"Swaziland","iso":"SWZ"}},
{"type":"Feature","geometry":{"type":"MultiPolygon","coordinates":[[[[18.738306046000048,57.93041610700004],[18.105722427000046,57.53419494700006],[18.129972458000054,56.90869522200006],[18.934139252000023,57.42163848800004],[18.738306046000048,57.93041610700004]]],[[[11.263707544000056,59.09686791100006],[11.409055710000075,58.17333221400003],[11.59163856500004,57.93038940400004],[11.90897178800003,58.343303682000055],[11.702472687000068,57.70494461100003],[12.940750122000054,56.58327865600006],[12.79411125200005,56.21497345100005],[12.445805550000046,56.304138185000056],[13.069138527000064,55.67416763400007],[12.813333511000053,55.37788772700003],[14.196639061000042,55.38208389300007],[14.687444687000038,56.166667938000046],[15.848333359000037,56.07372283900003],[16.72913932800003,57.44413757400008],[16.415777207000076,58.47747039800004],[16.949083330000065,58.47750091700004],[16.187416076000034,58.64166641200006],[17.507499695000035,58.782444],[17.653305053000054,59.18452835200003],[17.923250198000062,58.803779603000066],[18.305833816000074,59.33252716000004],[18.712444305000076,59.278331757000046],[18.08494377100004,59.423721313000044],[19.085805893000042,59.73169326900006],[17.992416382000044,60.603305817000034],[17.175722122000025,60.68244552600004],[17.684165955000026,63.00497055000005],[18.226638794000053,62.79708480900007],[18.71922302300004,63.28494262700008],[20.68074989300004,63.79994583100006],[21.61911201500004,64.44327545200008],[21.001083374000075,64.84413909900007],[21.234972,65.33541870300007],[21.746639251000033,65.19125366300005],[21.447471619000055,65.38666534400005],[22.18419456500004,65.54250335700004],[21.746610641000075,65.75205230800003],[22.396583557000042,65.53461456300005],[22.34163856500004,65.86872100900007],[24.145731400000045,65.83761712800003],[23.651131727000063,67.95812925900003],[20.550329,69.06009],[19.921395516000075,68.35721899500004],[18.40822352500004,68.58080113800008],[17.89850947700006,67.96994278800008],[16.743335081000055,67.91670894300006],[15.483023845000048,66.28242995900007],[14.517823,66.133917],[13.654347,64.579649],[14.157953,64.19493600100003],[12.150585264000028,63.59545172600008],[12.137410486000022,61.72320830900003],[12.871903839000026,61.35696862200007],[12.225101008000024,61.01084401800006],[12.60605900400003,60.405326],[11.651965074000032,58.90619994100007],[11.263707544000056,59.09686791100006]]]]},"properties":{"id":"SWE","name":"Sweden","iso":"SWE"}},
{"type":"Feature","geometry":{"type":"Polygon","coordinates":[[[9.607041615000071,47.06077330800008],[9.472158,47.06125900100005],[9.530829993000054,47.270542886000044],[9.561842,47.504397],[8.571963,47.80935700100008],[8.585139,47.596944001000054],[7.589446,47.590556],[6.982446,47.49415200100003],[5.965048,46.199523],[6.821087,46.428103],[7.044188,45.922520001000066],[7.869125,45.91756200100008],[8.43394,46.463926],[9.021817,45.818852],[9.28612,46.49598400100007],[10.133919,46.225685],[10.470390296000062,46.85515993800004],[9.607041615000071,47.06077330800008]]]},"properties":{"id":"CHE","name":"Switzerland","iso":"CHE"}},
{"type":"Feature","geometry":{"type":"Polygon","coordinates":[[[38.793674,33.374735],[40.977744,34.398025],[41.28348796100005,36.34887491400008],[42.35248040100004,37.09989604100008],[42.21533455200006,37.32056890600006],[39.212907217000065,36.66910503400004],[36.66586532800005,36.828433981000046],[36.69441679100004,36.24318897400008],[35.917714440000054,35.928778557000044],[35.97571284000003,34.63395814800003],[36.461730001000035,34.634780001000024],[36.62277,34.19524],[35.62529957600003,33.24177705900007],[35.630983,32.68319900100005],[36.838181,32.311136],[38.793674,33.374735]]]},"properties":{"id":"SYR","name":"Syria","iso":"SYR"}},
{"type":"Feature","geometry":{"type":"Polygon","coordinates":[[[121.53992179800002,25.294742196000072],[120.15071920100002,23.780628900000067],[120.03746635900006,23.07578572400007],[120.7282950010001,21.918145001000028],[122.00664230100006,25.010308854000073],[121.53992179800002,25.294742196000072]]]},"properties":{"id":"TWN","name":"Taiwan","iso":"TWN"}},
{"type":"Feature","geometry":{"type":"Polygon","coordinates":[[[74.889862,37.23409],[75.153956,37.409564],[74.695418,38.425102],[73.801471,38.613843],[73.599819,39.459051001000034],[72.234362,39.180254],[71.488291,39.62481500100006],[70.829037,39.38806],[70.533655,39.62316000100003],[69.340048,39.541202],[69.528069,40.121564001000024],[70.49865096700006,39.928149638000036],[70.98781112300003,40.22337996600004],[70.354893,40.40335],[70.795297,40.727997],[70.441544,41.043829],[69.72392,40.631233],[69.38426518300008,40.78662849300008],[69.30530451700008,40.18855425600003],[68.53313141700005,40.14346599700008],[69.03351113700006,40.118219526000075],[68.551291,39.54195400100008],[67.396474,39.528719],[67.342012,39.23281600100006],[68.196079,38.938527],[68.066661,38.395567],[68.403472,38.191074],[67.78655201800007,37.172269828000026],[68.020205,36.922609],[68.904604,37.334437],[69.32231,37.117019],[69.528707,37.588395],[70.172345,37.530447],[70.18224,37.945031],[70.98841,38.490733],[71.373526,38.255973],[71.257316,37.92289500100003],[71.590935,37.92033500100007],[71.675568,36.672278],[73.305908,37.46380600100008],[74.889862,37.23409]]]},"properties":{"id":"TJK","name":"Tajikistan","iso":"TJK"}},
{"type":"Feature","geometry":{"type":"MultiPolygon","coordinates":[[[[39.30300903300008,-5.720477579999965],[39.19983673100006,-6.220431327999961],[39.51500320400004,-6.476986407999959],[39.30300903300008,-5.720477579999965]]],[[[30.772846,-8.203284],[31.06517,-8.619658],[32.95964153600005,-9.400681324999937],[34.32703202300007,-9.757909475999952],[34.95908500300004,-11.573524001999942],[35.843352,-11.411227998999948],[36.217465,-11.708525],[37.398726,-11.691263],[37.91403500100006,-11.26531],[38.488989,-11.416805998999962],[40.42137403600003,-10.481387962999975],[39.64917751400003,-10.08276561699995],[39.61720633400006,-9.066856844999961],[39.37849518400003,-8.93844009299994],[39.27537301600006,-7.597102613999937],[39.546440087000065,-6.988907850999965],[38.77925869100005,-6.027587926999956],[39.206022768000025,-4.678368039999953],[37.600035,-3.521301998999945],[37.672877,-3.060937],[33.934064,-1],[30.47311563200003,-1.057412720999935],[30.899118,-2.077514998999959],[30.544805066000038,-2.413575993999928],[30.409905,-2.86579299899995],[30.849075,-2.978951],[30.839548001000026,-3.255897],[30.042114,-4.276433],[29.414623,-4.444443],[29.550278,-6.295278],[30.772846,-8.203284]]]]},"properties":{"id":"TZA","name":"Tanzania","iso":"TZA"}},
{"type":"Feature","geometry":{"type":"Polygon","coordinates":[[[105.206471,14.34333900100006],[105.533476,14.553248],[105.636286,15.655734],[104.736716,16.541755],[104.721579,17.50671900100002],[103.97611,18.334869],[103.405734,18.448611001000074],[102.685088,17.803975],[102.086058,18.219887],[101.110159,17.479730001000064],[101.287641,19.56891900100004],[100.513037,19.523328],[100.578496,20.16779400100006],[100.084653,20.352275],[99.45841,20.392796],[99.538597,20.147665001000064],[99.076954,20.101131],[98.985646,19.739085],[98.034661,19.805705001000035],[97.769151,18.578813],[97.343421,18.576097],[98.67475,16.27201400100006],[98.931809,16.329547],[98.567064,16.056941],[98.55962400100003,15.336037],[98.183678,15.096308],[99.107729,13.893235],[99.099511,13.07273500100007],[99.664904,11.823147001000052],[98.74778059700009,10.36142015400003],[98.28541564900007,8.203332902000056],[98.67121887200005,8.390000343000054],[100.12091638100009,6.422840153000038],[100.20505608000008,6.726081960000045],[101.11241484000004,6.251646960000073],[101.13586596000005,5.612850991000073],[101.58130908000004,5.934363031000032],[101.82495888000005,5.733426960000031],[102.09055893000004,6.241695725000056],[101.56835937500006,6.838638784000068],[101,6.854472160000057],[100.25775345400007,7.388403969000024],[100.27827754300006,7.802492366000024],[100.58625030500008,7.193333150000058],[99.84038543700007,9.300833703000023],[99.22455596900005,9.25500011400004],[99.15047454900008,10.344111443000031],[100.02455902100007,12.1875],[99.95114135700004,13.309166909000055],[100.27666473300008,13.533778192000057],[100.99952697800006,13.493277551000062],[100.85583496200007,12.646222114000068],[101.78916931300006,12.708722114000068],[102.64458465600006,12.177499772000033],[102.91030845900008,11.65162807300004],[102.339508,13.558914],[103.165643,14.335501001000068],[105.206471,14.34333900100006]]]},"properties":{"id":"THA","name":"Thailand","iso":"THA"}},
{"type":"Feature","geometry":{"type":"MultiPolygon","coordinates":[[[[124.475758788,-9.17426345299998],[124.04351252700008,-9.336283134999974],[124.35477716500009,-9.485111022999945],[124.475758788,-9.17426345299998]]],[[[125.08729348300005,-9.462589758999968],[127.30075119000003,-8.396289572999933],[125.20864151,-8.605817540999965],[124.9491104440001,-8.958204251999973],[125.18680817200004,-9.029009945999974],[125.08729348300005,-9.462589758999968]]]]},"properties":{"id":"TLS","name":"Timor-Leste","iso":"TLS"}},
{"type":"Feature","geometry":{"type":"Polygon","coordinates":[[[-0.136269728999935,11.139498425000056],[-0.059249,10.63233400100006],[0.397835,10.308433001000026],[0.229136,9.463315001000069],[0.566999001000056,9.405928],[0.532145,6.828771],[1.199481381000055,6.11225958700004],[1.629028417000029,6.234777941000061],[1.621358,9.044713001000048],[1.354840912000043,9.992065285000024],[0.775412326000037,10.38064524500004],[0.916738616000032,10.99999996300005],[0.916762263000066,11.000073875000055],[-0.136269728999935,11.139498425000056]]]},"properties":{"id":"TGO","name":"Togo","iso":"TGO"}},
{"type":"Feature","geometry":{"type":"Polygon","coordinates":[[[179.19502258300008,-8.544583318999969],[179.21791076600005,-8.526666641999952],[179.19125366200012,-8.448361396999928],[179.19502258300008,-8.544583318999969]]]},"properties":{"id":"TUV","name":"Tuvalu","iso":"TUV"}},
{"type":"Feature","geometry":{"type":"Polygon","coordinates":[[[29.59116395800004,-1.38769801899997],[29.926193155000078,-1.481315010999936],[30.47311563200003,-1.057412720999935],[33.934064,-1],[33.910713,0.104374],[35.033049,1.914469001000043],[34.463002,3.667339],[33.992061,4.218628],[33.512466,3.749066001000074],[33.028629,3.890723001000026],[32.203103,3.50499],[31.80317574600008,3.83665538200006],[31.17999278900004,3.794246242000042],[30.850146,3.500638],[30.741515,2.445847001000061],[31.314612,2.116668],[29.972477,0.813205],[29.59116395800004,-1.38769801899997]]]},"properties":{"id":"UGA","name":"Uganda","iso":"UGA"}},
{"type":"Feature","geometry":{"type":"Polygon","coordinates":[[[-58.21395174299994,-33.08737647799995],[-58.21255153799996,-34.16554817399998],[-56.16300858799997,-34.93657805099997],[-55.70794953799998,-34.74741102999997],[-54.95381059099998,-34.97738386699996],[-54.15214432999994,-34.67160536499995],[-53.36935355899993,-33.74425153999994],[-53.52041965099994,-33.152119411999934],[-53.077931586999966,-32.73457383799996],[-53.745591091999984,-32.07853119599997],[-55.57808561199994,-30.83202674699993],[-56.01107290999994,-31.081567863999965],[-56.808372,-30.103355998999973],[-57.613003376999984,-30.18917643599997],[-57.64848012199997,-30.19384122899993],[-58.205746,-31.872052],[-58.21395174299994,-33.08737647799995]]]},"properties":{"id":"URY","name":"Uruguay","iso":"URY"}},
{"type":"Feature","geometry":{"type":"Polygon","coordinates":[[[67.78655201800007,37.172269828000026],[68.403472,38.191074],[68.066661,38.395567],[68.196079,38.938527],[67.342012,39.23281600100006],[67.396474,39.528719],[68.551291,39.54195400100008],[69.03351113700006,40.118219526000075],[68.53313141700005,40.14346599700008],[69.30530451700008,40.18855425600003],[69.38426518300008,40.78662849300008],[69.72392,40.631233],[70.441544,41.043829],[70.795297,40.727997],[70.354893,40.40335],[70.98781112300003,40.22337996600004],[71.735105,40.14658100100007],[73.148946,40.817881],[72.176359,40.99123600100006],[71.725447,41.546365],[71.401045,41.111191001000066],[70.168851,41.51526700100004],[71.257354,42.16713000100003],[70.94353412000004,42.263666156000056],[68.52567444800007,41.01955185300005],[68.49276215700007,40.57248333700005],[67.93491351500006,40.822728435000045],[67.96618178700004,41.14804344600003],[66.70941300100003,41.140745],[66.534607,41.876953],[65.999002,41.93665700100007],[66.09666587400005,42.938008386000035],[64.998912,43.717552],[62.004241,43.505666],[61.080107,44.376729],[58.589577,45.59007500100006],[55.998218,45.00043],[55.998567,41.318638],[57.04553495600004,41.24200681100007],[56.98627350500004,41.89839359500007],[57.86462699700007,42.171433087000025],[58.052400214000045,42.54315195400005],[58.51064743200004,42.27764252600008],[58.14901506400008,42.62943696800005],[58.62409228900003,42.766372905000026],[59.99752398000004,42.24081752700005],[60.23393178400005,41.335312989000045],[61.887506,41.10530300100004],[62.46982802600007,39.95825812600003],[66.14702432200005,38.171170473000075],[66.706986,37.916878],[66.55373200100007,37.35475300100006],[67.78655201800007,37.172269828000026]]]},"properties":{"id":"UZB","name":"Uzbekistan","iso":"UZB"}},
{"type":"Feature","geometry":{"type":"MultiPolygon","coordinates":[[[[169.09584045400004,-18.63130569499998],[168.97291564900002,-18.88416671799996],[169.29167175300006,-18.992139814999973],[169.09584045400004,-18.63130569499998]]],[[[168.32289123600003,-17.532554624999932],[168.16375732500012,-17.738361357999963],[168.5391387940001,-17.803777692999972],[168.32289123600003,-17.532554624999932]]],[[[168.14913940400004,-16.092111587999966],[167.91122436700005,-16.268362043999957],[168.29333496100003,-16.33708381699995],[168.14913940400004,-16.092111587999966]]],[[[167.2425067380001,-15.881949765999934],[167.4179828120001,-16.525644642999964],[167.76753115200006,-16.54275546799994],[167.2425067380001,-15.881949765999934]]],[[[166.60833740200007,-14.636249541999973],[166.7637176510001,-15.660833357999934],[167.24085998500004,-15.532917022999982],[167.07960510200007,-14.946666715999982],[166.80541992200006,-15.180000303999975],[166.60833740200007,-14.636249541999973]]]]},"properties":{"id":"VUT","name":"Vanuatu","iso":"VUT"}},
{"type":"Feature","geometry":{"type":"Polygon","coordinates":[[[12.453799,41.906825],[12.445905,41.901933],[12.458009,41.901393],[12.453799,41.906825]]]},"properties":{"id":"VAT","name":"Vatican City","iso":"VAT"}},
{"type":"Feature","geometry":{"type":"MultiPolygon","coordinates":[[[[-63.87222290099999,11.161582947000056],[-64.40961456299993,10.973333359000037],[-63.89250183099995,10.88624954200003],[-63.87222290099999,11.161582947000056]]],[[[-66.852749,1.228763],[-66.31032,0.744944],[-65.559165,0.992445],[-65.543487,0.648044],[-65.106491,1.155616],[-64.337527,1.361619001000065],[-63.992252,1.982585001000075],[-63.392747,2.150727001000064],[-63.413843,2.454543001000047],[-64.060159,2.499949],[-64.11739,3.46878300100002],[-64.79406308299997,4.284605490000047],[-63.966243,3.869548],[-63.217881,3.917325001000052],[-62.950972,3.611136],[-62.463238,4.178712],[-60.99478869099994,4.518895648000068],[-60.59076464599997,4.927348279000057],[-60.736389385999985,5.201389709000068],[-61.414905,5.970795],[-61.124543,6.193698],[-61.150436,6.737781],[-60.305709,7.040141001000052],[-60.720363,7.538838],[-59.80578,8.27131200100007],[-59.97663430899996,8.519701789000067],[-60.86636628499997,8.582532628000024],[-60.85631074299994,9.436727268000027],[-61.637949842999944,9.90178273400005],[-61.52881135399997,9.725087864000045],[-62.19878281899997,10.02258847500002],[-62.340144056999975,9.817060216000073],[-62.89003266699996,10.373838169000067],[-61.86792268199997,10.745032055000024],[-64.26467408499997,10.66508839900007],[-63.64417161399996,10.491338474000031],[-65.05633820899993,10.062588436000055],[-65.81544770599999,10.223421795000036],[-66.23545350399996,10.652616246000036],[-67.93211640699997,10.452643141000067],[-68.65711488099998,11.348477110000033],[-69.63711823799997,11.483421071000066],[-70.01445283299995,12.201338513000053],[-70.23672761299997,11.634699566000052],[-69.80464448399994,11.695921643000077],[-69.78961457699995,11.43011544500007],[-70.13920106299997,11.569699034000053],[-71.59173096999996,10.795532925000032],[-71.02628602399994,9.715449078000063],[-71.07356538199997,9.310394033000023],[-71.71067323099999,9.05092118500005],[-72.13244904899994,9.812254652000036],[-71.58006562599996,10.706366284000069],[-71.96595277199998,11.55631039800005],[-71.37822213699997,11.812225644000023],[-71.97235805899999,11.643960278000066],[-72.49774169799997,11.085892908000062],[-73.36636874999994,9.172802549000039],[-72.76574944299995,9.106355105000034],[-72.35222200499999,8.15750138900006],[-72.47632295199998,7.489098694000063],[-72.02957429199995,7.020569507000062],[-70.11804404799994,6.979705075000027],[-69.28667427999994,6.059309272000064],[-67.46607032899993,6.209675913000069],[-67.85635831099995,4.527263907000076],[-67.31126963399998,3.375236655000037],[-67.86079977599996,2.789226272000064],[-67.187772,2.348771001000046],[-66.852749,1.228763]]]]},"properties":{"id":"VEN","name":"Venezuela","iso":"VEN"}},
{"type":"Feature","geometry":{"type":"Polygon","coordinates":[[[104.44175765200004,10.423692353000035],[105.08953094500004,10.001527786000054],[104.79374694800003,8.800805092000076],[105.24663543700007,8.742083549000029],[106.19875335700004,9.375027656000043],[105.83666992200006,9.993721962000052],[106.50827789300007,9.556249618000038],[106.17910766600005,10.175416948000077],[106.62000274600007,9.814555169000073],[106.35619354300007,10.192472458000054],[106.77825164800004,10.081194878000076],[106.43533325200008,10.31075000900006],[106.77911377000004,10.277000427000075],[106.74571991000005,10.57283306200003],[107.08747100900007,10.317889215000037],[107.99916839600007,10.696222305000049],[109.23874664300007,11.726638794000053],[109.14375305100003,12.43916702200005],[109.33538818300008,12.372500419000062],[109.19619750900006,12.629972459000044],[109.35661315900006,12.797861100000034],[109.44333648700007,12.562916757000039],[109.46377563500005,12.894944192000025],[108.94458007800006,15.240805627000043],[108.32666778600009,16.142889023000066],[107.13230896000005,16.853666305000047],[105.61619567900004,18.988193512000066],[105.92702484100005,19.884166719000063],[106.57250213600008,20.282888412000034],[106.55247497600004,20.759555817000034],[106.81288910000006,20.673305511000024],[106.60527801500007,21.03661155700007],[107.19494628900009,20.933721542000058],[108.00118691800009,21.54744106800007],[106.69129986200005,21.964024821000066],[106.55705931100005,22.458533620000026],[106.83563317200009,22.80593627500008],[105.87786539100006,22.916601214000025],[105.32345554100004,23.392650589000027],[103.97732250700005,22.506747063000034],[103.32770594600004,22.811256204000074],[103.03081727200004,22.442417186000057],[102.49653349400006,22.780852278000054],[102.14391552300003,22.400736333000054],[102.67418744500009,21.655374512000037],[102.97482126400007,21.744841201000042],[102.80784258100005,21.26353430100005],[103.11410685800007,20.896562535000044],[103.69510134500007,20.661771970000075],[104.10382420900004,20.978220874000044],[104.63711787100004,20.670918415000074],[104.37695613100004,20.442892293000057],[104.99282243100004,20.094455813000025],[104.83634698700007,19.795364991000042],[104.07105369600004,19.681995461000042],[103.87577375100005,19.306029574000036],[105.13376732500006,18.714736522000067],[105.18458429800006,18.324833432000048],[106.55019199800006,17.00754624800004],[106.67621802800005,16.451877628000034],[107.45315989600005,16.088197586000035],[107.21114327500004,15.754503344000057],[107.62418289800007,15.415275783000027],[107.55656072300008,14.686105585000064],[107.334966,14.107515],[107.617082,13.526464],[107.545568,12.352401001000032],[106.41222,11.973905],[106.450681,11.670402],[105.80966500100004,11.618903001000035],[106.18951,10.79026200100003],[105.083699,10.957136001000038],[104.868787,10.521969],[104.44175765200004,10.423692353000035]]]},"properties":{"id":"VNM","name":"Vietnam","iso":"VNM"}},
{"type":"Feature","geometry":{"type":"Polygon","coordinates":[[[23.434227347000046,-17.637867338999968],[23.434229112000025,-17.63786700999998],[24.390971,-17.469689],[25.261752,-17.790483998999946],[25.262913,-17.791340998999942],[27.041529,-17.962467998999955],[27.830225,-16.962098],[28.816366,-16.484423],[28.924353,-15.951705],[30.42184,-15.621168],[30.219874,-14.99716499899995],[33.21633487300005,-14.007062570999949],[32.67252054900007,-13.620837774999927],[33.01963516300003,-12.653990131999933],[33.54883474400003,-12.372251454999969],[33.257120745000066,-12.139809621999973],[33.24466190000004,-10.894678055999975],[33.70903048100007,-10.567245885999967],[32.95964153600005,-9.400681324999937],[31.06517,-8.619658],[30.772846,-8.203284],[28.890855,-8.476691],[28.38008,-9.246694],[28.697158001000048,-9.804797998999959],[28.43559,-11.81596],[29.043617,-12.384598],[29.47943,-12.460157998999932],[29.814759,-12.149713998999971],[29.814759,-13.444499],[29.585564,-13.203669],[29.005688,-13.423190998999928],[28.44798,-12.516378],[27.622486,-12.270365],[27.20508,-11.563135],[26.877597001000026,-11.984941998999943],[25.979775,-11.947891998999978],[25.331982,-11.626927],[25.3524,-11.196124998999949],[24.441231,-11.46719399899996],[23.999872,-10.889962],[24.05812679400003,-13.000767548999931],[22.00372436600003,-12.999688490999972],[21.999350925000044,-16.206396868999946],[23.434227347000046,-17.637867338999968]]]},"properties":{"id":"ZMB","name":"Zambia","iso":"ZMB"}},
{"type":"Feature","geometry":{"type":"Polygon","coordinates":[[[29.375304,-22.19547099899995],[31.309523,-22.42199899899998],[32.497132,-21.340902],[32.496873,-20.612846],[33.028368,-20.034898],[32.697882,-18.936608],[33.068236,-18.348767],[32.989987,-16.70006],[31.277896,-16.005296],[30.424583,-16.009519],[30.42184,-15.621168],[28.924353,-15.951705],[28.816366,-16.484423],[27.830225,-16.962098],[27.041529,-17.962467998999955],[25.262913,-17.791340998999942],[26.170226,-19.546351998999967],[27.205938,-20.081982998999933],[27.288662,-20.498941998999953],[27.723918,-20.513677],[28.018256,-21.573539998999934],[28.999486,-21.771061],[29.375304,-22.19547099899995]]]},"properties":{"id":"ZWE","name":"Zimbabwe","iso":"ZWE"}},
{"type":"Feature","geometry":{"type":"MultiPolygon","coordinates":[[[[53.509971618000066,12.708749771000043],[53.30622100900007,12.534972191000065],[53.687473297000054,12.306194305000076],[54.54291534400005,12.540833473000077],[53.509971618000066,12.708749771000043]]],[[[52,18.999633],[49.116667,18.616667],[48.183333,18.166667],[47.18333300100005,16.95],[46.75,17.283333],[43.35475,17.55638900100007],[43.23472200100008,16.642833001000042],[42.77121189600007,16.404110848000073],[42.81039047300004,15.278333665000048],[42.59869384800004,15.230777741000054],[42.947055816000045,14.922472],[43.45786285400004,12.682472229000041],[43.96247100800008,12.59361076500005],[45.039943695000034,12.75122261000007],[45.66086196900005,13.347861290000026],[48.69830703700006,14.042055130000051],[49.34244537300003,14.637888910000072],[52.19580459600007,15.607889175000025],[52.349582672000054,16.34250068600005],[53.10908508300008,16.65008354300005],[52,18.999633]]]]},"properties":{"id":"YEM","name":"Yemen","iso":"YEM"}},
{"type":"Feature","geometry":{"type":"Polygon","coordinates":[[[23.617825999000047,51.507880001000046],[24.069870001000027,50.50293400100003],[22.64071,49.52979299900005],[22.891502090000074,49.00779394300008],[22.56573833400006,49.087986157000046],[22.155218501000036,48.40395637600005],[22.896020373000056,47.954051605000075],[25.040169,47.72522],[26.63025876200004,48.25982410900008],[27.593449,48.491636002000064],[29.175039,47.99375000400005],[29.15741600100006,47.45925300300007],[29.979398999000068,46.81941400200003],[30.16359,46.41358000300005],[28.981506,46.48917800300006],[28.97879099900007,46.003373003000036],[28.212888839000072,45.467437963000066],[29.673407804000078,45.289373762000025],[29.631166458000052,45.82411194000008],[29.742416381000055,45.60202789400006],[30.131166458000052,45.90247345000006],[29.720806121000066,45.58286285400004],[30.47708320600003,46.07330703900004],[30.140806198000064,46.38208389300007],[30.47999954200003,46.07788848900003],[30.759166717000028,46.54955673200004],[31.585777283000027,46.84038925200008],[31.427110672000026,46.62749862600003],[31.799999237000065,46.61041641200006],[31.989084244000026,46.88955688400006],[32.44583511400003,46.487888336000026],[31.50872230500005,46.57916641200006],[32.02788925200008,46.43830490100004],[31.787500382000076,46.26711273300003],[33.60541534500004,46.14664077700007],[33.687053680000076,45.833305359000065],[32.48038864100005,45.38669586200007],[33.20330429100005,45.44205475000007],[32.98875045800003,45.320835113000044],[33.60122299200003,45.00333404500003],[33.38208389300007,44.57916641300005],[33.97661209100005,44.387889863000055],[35.485805511000024,45.112888336000026],[36.376609802000075,45.05541610800003],[36.649528503000056,45.380832672000054],[35.465026855000076,45.30122375600007],[34.81502914400005,46.146221162000074],[35.46372222900004,45.28250122000003],[34.977417,45.358749],[34.790779,45.895443],[34.507446,45.78791800100004],[33.76917489300007,46.23925520300003],[34.54981201700008,46.19577503800008],[34.47914095300007,45.95324981400006],[35.18580627400007,46.527862549000076],[34.990806580000026,46.07705688500005],[35.894973755000024,46.647056580000026],[36.12330627400007,46.48875045900007],[38.22965432700005,47.12013990000003],[38.837974332000044,47.865003416000036],[39.79374838600006,47.869502030000035],[40.01884143900003,48.25719819200003],[39.66076824500004,48.608881807000046],[40.07928448100006,48.86973119400005],[39.663475152000046,49.00099405800006],[40.21433671700004,49.24499798200003],[40.13525547100005,49.61683846100004],[38.313036037000074,50.088344523000046],[38.026164720000054,49.90621083100007],[37.48873647600004,50.45780372100006],[36.64793806700004,50.217749146000074],[35.626522108000074,50.352010696000036],[35.40613131200007,51.04812528900004],[34.23081873600006,51.26501756500005],[34.415542,51.825434],[33.83825750300008,52.360346865000054],[33.311200034000024,52.35481695900006],[31.78176936500006,52.11196101000007],[30.949581,52.089521],[30.539411,51.262011],[30.180675,51.512361],[29.32093700100006,51.377604],[29.16514,51.653339],[27.738159,51.47437600100005],[25.258316,51.968677],[23.617825999000047,51.507880001000046]]]},"properties":{"id":"UKR","name":"Ukraine","iso":"UKR"}},
{"type":"Feature","geometry":{"type":"Polygon","coordinates":[[[50.635018,26.316055],[50.315934,26.188435001000073],[50.568763,25.790910001000043],[50.635018,26.316055]]]},"properties":{"id":"BHR","name":"Bahrain","iso":"BHR"}},
{"type":"Feature","geometry":{"type":"Polygon","coordinates":[[[46.55304,29.10117],[47.466006,28.999914],[47.704802,28.524446],[48.430298908000054,28.53433399000005],[48.100387573000035,29.352500916000054],[47.70288848900003,29.374111176000042],[48.187889099000074,29.546638488000042],[47.954430210000055,30.00884878900007],[47.172601919000044,30.017468054000062],[46.55304,29.10117]]]},"properties":{"id":"KWT","name":"Kuwait","iso":"KWT"}},
{"type":"Feature","geometry":{"type":"Polygon","coordinates":[[[51.40177300500005,24.625474741000062],[51.621162738000066,25.930374578000055],[51.249637336000035,26.157881888000077],[50.75689336000005,25.504124748000038],[50.81169815800007,24.74454002400006],[51.09861104600003,24.47111112300007],[51.40177300500005,24.625474741000062]]]},"properties":{"id":"QAT","name":"Qatar","iso":"QAT"}},
{"type":"Feature","geometry":{"type":"Polygon","coordinates":[[[56.37493812000008,24.980909860000054],[56.270690556000034,25.625842222000074],[56.086565560000054,26.050546698000062],[54.099183537000044,24.130230012000027],[52.589846486000056,24.215972849000025],[52.09368527500004,23.94456178100006],[51.59073711600007,24.253670114000045],[52.58126333000007,22.93927472000007],[55.21335,22.70577300100007],[55.48511600100005,23.94432000100005],[56.018126,24.06603300100005],[55.753003,24.234885],[55.812461,24.910705001000053],[56.112912,24.737865001000046],[56.37493812000008,24.980909860000054]]]},"properties":{"id":"ARE","name":"United Arab Emirates","iso":"ARE"}},
{"type":"Feature","geometry":{"type":"MultiPolygon","coordinates":[[[[43.474063,41.12304],[42.830227,41.587244001000045],[41.54952617200007,41.51994993500006],[40.17083358700006,40.921249389000025],[38.37744522100007,40.90874862800007],[36.40913772600004,41.24452591100004],[35.01330566400003,42.09869384900003],[33.34164047200005,42.02619552600004],[31.24497222900004,41.106193543000074],[29.14916610800003,41.21705627400007],[29.25247192300003,40.801277162000076],[29.939556121000066,40.72919464200004],[28.78997230600004,40.55122375500008],[29.054166794000025,40.36372375600007],[26.748222351000038,40.40455627400007],[26.183639526000036,40.00236129800004],[26.07250022900007,39.470359803000065],[26.951250077000054,39.560001373000034],[26.607944490000023,39.27416610700004],[27.06624984700005,38.879112243000066],[26.72208404500003,38.64997100900007],[27.17369461000004,38.44580459700006],[26.67661094600004,38.31124878000003],[26.415000915000064,38.67872238100006],[26.231250763000048,38.265861511000026],[27.25625038100003,37.97583389300007],[27.00374984700005,37.65916824300007],[27.64708328200004,37.244140626000046],[27.26372146600005,36.96413803100006],[28.335416793000036,37.05416488600008],[27.404527664000057,36.663333892000026],[28.11750030500008,36.80455398500004],[28.02663803100006,36.56124877900004],[28.461666107000042,36.879581452000025],[29.68494415300006,36.131248474000074],[30.404972076000035,36.199584962000074],[30.635416031000034,36.85497283900003],[31.17083358700006,36.85041809100005],[32.79247283900003,36.02624893300003],[33.96327591000005,36.22122192300003],[34.63999939000007,36.79708480800008],[35.35497284000007,36.53291702200005],[36,36.91286087000003],[35.917714440000054,35.928778557000044],[36.69441679100004,36.24318897400008],[36.66586532800005,36.828433981000046],[39.212907217000065,36.66910503400004],[42.21533455200006,37.32056890600006],[42.35248040100004,37.09989604100008],[42.792017,37.380746001000034],[44.125838,37.32280700100006],[44.309241,36.96290300100003],[44.78468890400006,37.14464822900004],[44.22275966500007,37.88830726600003],[44.51291101900006,38.34091518400004],[44.22915977100007,38.881504705000054],[44.052400867000074,39.40607189000008],[44.42185714300007,39.41167848300006],[44.61405204500005,39.78223933400005],[44.807855,39.628489],[44.76713318600008,39.71480823600007],[44.35168489000006,40.02772633200004],[43.654734923000035,40.11407271100006],[43.474063,41.12304]]],[[[26.35775496900004,41.711136268000075],[26.627390517000038,41.34819897600005],[26.036417653000058,40.72999089500007],[26.831943512000066,40.58750152600004],[26.182388306000064,40.03952789300007],[27.515806198000064,40.97622299300008],[28.981637955000053,40.99869537300003],[29.109556198000064,41.23413848800004],[28.210750580000024,41.522026062000066],[28.030027140000072,41.98247957400008],[27.065911,42.09320000100007],[26.35775496900004,41.711136268000075]]]]},"properties":{"id":"TUR","name":"Turkey","iso":"TUR"}},
{"type":"Feature","geometry":{"type":"Polygon","coordinates":[[[34.902489959000036,29.490654862000042],[34.978138003000026,29.542927870000028],[35.475645,31.491814],[34.893269,31.367886001000045],[35.22748311700008,31.74452510800006],[35.22359498000003,31.796490340000048],[35.114847,31.824902],[34.965918,31.823515],[34.98689696900004,31.967882969000073],[35.074827,32.461771103000046],[35.494246,32.401665],[35.495838,32.401279001000034],[35.55499772200005,32.38935804600004],[35.630983,32.68319900100005],[35.62529957600003,33.24177705900007],[35.10366821300005,33.09405504700004],[34.49073536800006,31.594539316000066],[34.267257,31.220052],[34.902489959000036,29.490654862000042]]]},"properties":{"id":"ISR","name":"Israel","iso":"ISR"}},
{"type":"Feature","geometry":{"type":"MultiPolygon","coordinates":[[[[90.66626600500007,22.764295249000043],[90.63329644200007,21.994006349000074],[90.86770073800005,22.431137290000038],[90.66626600500007,22.764295249000043]]],[[[90.40415804600008,23.443423375000066],[90.61334933800003,23.607964682000045],[90.64190918000008,22.997648790000028],[91.08770453600005,22.472237277000033],[91.38680772600009,22.77640475900006],[91.69307671500007,22.510787896000068],[92.35580444300007,20.72541618500003],[92.26505586100006,21.06286175100007],[92.26934711100006,21.428106572000047],[92.68011540000003,21.286755630000073],[92.60659416400006,21.97460013600005],[92.27997442200007,23.71938024800005],[91.95703390200003,23.734121667000068],[91.61858158800004,22.937311046000048],[91.14968308000005,23.710430775000077],[91.37448333500004,24.10754047200004],[91.90575058400003,24.138814898000078],[92.42544509900006,25.03030276100003],[89.83831201100008,25.293235523000078],[89.67925021200006,26.23830765400004],[89.35607162200006,26.007781607000027],[88.41045904900005,26.63391353000003],[88.10692301400007,25.81512550900004],[89.00840368700005,25.264385059000062],[88.44171511000008,25.21049722300006],[88.00861437300006,24.66781802500003],[88.73540308600008,24.27907464200007],[88.55827060800004,23.649230768000052],[88.99582104300003,23.215008691000037],[89.04311989500007,22.075716503000024],[89.21910858200005,21.74777794000005],[89.52241516200007,22.085388183000077],[89.77827453600008,21.825250625000024],[89.90244293200004,22.390472413000055],[89.93786946700004,21.957763944000078],[90.06583404600008,22.181222915000035],[90.25471489900008,21.839287109000054],[90.62757758400005,22.36206312400003],[90.61345269100008,23.22917643200003],[89.82245876800005,23.75698228600004],[90.40415804600008,23.443423375000066]]]]},"properties":{"id":"BGD","name":"Bangladesh","iso":"BGD"}},
{"type":"Feature","geometry":{"type":"Polygon","coordinates":[[[97.34548056100004,28.21545671000007],[97.37913626700004,27.89206368600003],[96.88952553400009,27.604513159000078],[97.13821021200005,27.091486874000054],[96.22858935200009,27.27880082200005],[95.14910719700003,26.616014375000077],[95.18568340300004,26.073299559000077],[94.63474079500008,25.395189526000024],[94.71360261100006,24.935002558000065],[94.15658726800007,23.847907993000035],[93.34184056900006,24.102381028000025],[93.19931261100004,22.256020592000027],[92.60659416400006,21.97460013600005],[92.68011540000003,21.286755630000073],[92.26934711100006,21.428106572000047],[92.26505586100006,21.06286175100007],[92.76119232200006,20.198333741000056],[93.08000183100006,20.585388184000067],[92.99580383300008,20.137887954000064],[93.75499725500003,19.91538810700007],[93.59539032000004,19.709110260000045],[94.02285766600005,19.371639252000023],[93.46958160400004,19.36666679500007],[93.93666839600007,18.84372139100003],[94.08621978700006,19.364166259000058],[94.59791564900007,17.553304672000024],[94.24250030500008,15.952860832000056],[94.62269592300004,16.256277084000033],[94.39375305200008,15.829999925000038],[94.63674926700008,16.09411049000005],[94.95580291800007,15.741250038000032],[95.12774658200004,16.120111465000036],[95.11372375500008,15.804139138000039],[95.45583343500005,15.73455524600007],[95.71705627400007,16.246639252000023],[96.32372284000007,16.42083358700006],[96.11746978700006,16.800388336000026],[96.45077514600007,16.48958397000007],[96.89291381900006,16.81916618300005],[96.87277984600007,17.508888245000037],[97.35377502500006,16.50494384800004],[97.74208068900003,16.562528610000072],[97.78788757300003,14.870805740000037],[98.12619781500007,13.552499772000033],[98.22411346400008,13.972916604000034],[98.72039032000004,12.810000419000062],[98.54203033400006,11.882444383000063],[98.88541412400008,11.699999809000076],[98.78663635300006,10.986666681000031],[98.46611023000008,10.743416787000058],[98.54562204000007,9.972972],[98.74778059700009,10.36142015400003],[99.664904,11.823147001000052],[99.099511,13.07273500100007],[99.107729,13.893235],[98.183678,15.096308],[98.55962400100003,15.336037],[98.567064,16.056941],[98.931809,16.329547],[98.67475,16.27201400100006],[97.343421,18.576097],[97.769151,18.578813],[98.034661,19.805705001000035],[98.985646,19.739085],[99.076954,20.101131],[99.538597,20.147665001000064],[99.45841,20.392796],[100.084653,20.352275],[101.14415616600007,21.563907690000065],[101.10078300100008,21.77776],[100.16844,21.485952],[99.971924,22.059284],[99.167696,22.149641],[99.56603,22.933009001000073],[98.885252,23.182777],[98.87804600100009,24.155806],[97.52812,23.929082],[97.768675,24.264455],[97.547112,24.742632],[98.167347,25.625569],[98.705283,25.855488],[98.781857,26.622469],[98.703357,27.56491500100003],[98.317123,27.52312],[97.663623,28.53838100100006],[97.34548056100004,28.21545671000007]]]},"properties":{"id":"MMR","name":"Burma","iso":"MMR"}},
{"type":"Feature","geometry":{"type":"Polygon","coordinates":[[[88.92136938200008,27.32728762800008],[88.754741,28.080301],[88.13562745600007,27.881582533000028],[88.15305768800005,26.885289384000032],[88.00842245600006,26.36126273800005],[85.85169482600008,26.568012012000054],[84.15071261700007,27.51692663400007],[83.30479355800009,27.33136094100007],[81.88492524100008,27.856965091000063],[80.06479615600006,28.837602265000044],[80.36574144000008,29.747885964000034],[80.91692220500005,30.226034076000076],[81.02851943800005,30.232563226000025],[80.19293851500004,30.666710047000038],[79.70073300100006,30.970731],[79.41306149500008,31.072992732000046],[78.88339,31.286193001000072],[78.70487338200007,31.78059207000007],[78.74078652600008,31.88521133300003],[78.763404,31.94768900100007],[78.491309,32.273919],[78.56938344600007,32.61572266500008],[78.63140514600008,32.63473230300008],[78.66406414300008,32.657524986000055],[78.73958861600005,32.69571814500006],[78.968287,32.33574],[79.276039,32.556002],[79.151971,33.18186900100005],[78.936605,33.386916],[78.654448,34.054350965000026],[79.04465380200008,34.32695008400003],[78.272983,34.62975096500003],[77.92412,35.497118],[77.82297836500004,35.51124579900005],[77.00597263100008,35.00858335000004],[75.78509917000008,34.51366781300004],[73.95326976400008,34.67107933700004],[73.75003382600005,34.344077371000026],[74.28202861100004,33.93520201000007],[74.00493118100007,33.221707654000056],[74.70525128500003,32.84195468900003],[74.68799530000007,32.48701877900004],[75.38147784500006,32.268787220000036],[74.48826726500005,31.72034805000004],[74.69609569000005,31.07395723600007],[71.89834746500003,27.96123761700005],[70.87200318500004,27.705547913000032],[70.37223289400004,28.011824310000065],[69.58682895100003,27.183251056000074],[69.51030040000006,26.74353908300003],[70.17428386300003,26.551333114000045],[70.09980594500007,25.93824066800005],[70.66014987200003,25.702020599000036],[71.11965,24.40245],[70.02502,24.171030001000076],[68.82616,24.31736],[68.75299125300006,23.971423774000073],[68.35697642600007,23.974152712000034],[68.34696086900004,23.947672990000058],[68.34630273000005,23.93628692900006],[68.27840712000005,23.908569030000024],[68.26675469400004,23.895092006000027],[68.26580810500008,23.556278229000043],[68.81080627500006,23.87880516000007],[68.42539215100004,23.509166718000074],[69.19580841000004,22.836221695000063],[70.44750213600008,22.970388412000034],[70.17416382000005,22.542028427000048],[68.93538665800008,22.306694030000074],[70.82205200200008,20.69083404500003],[72.11127471900005,21.199111938000044],[72.32622528100006,22.308305741000027],[72.91205596900005,22.264972687000068],[72.50788879500004,21.975805284000046],[72.74958038300008,21.973278047000065],[72.53666687000003,21.66286087000003],[72.92788696300005,21.675777435000043],[72.59786224400005,21.29830551200007],[72.93041992200006,20.75913810800006],[72.65544128400006,19.833305360000054],[72.80622100800008,18.893333435000045],[73.06705474800003,19.020805359000065],[72.85708618100006,18.69416618500003],[73.45705413800005,16.05330467300007],[74.51708221400008,14.24163913700005],[75.20124816900005,12.004111291000072],[75.86955261300005,11.124111175000053],[76.54619598400006,8.899999618000038],[77.53749847400007,8.073721885000054],[78.06999969400005,8.373722076000035],[78.26583099400005,9.017916681000031],[79.18914031900005,9.280388833000075],[78.90039062500006,9.486666679000052],[79.29413604700005,10.26038932800003],[79.88122558600008,10.310832977000075],[79.75875091500006,11.671610832000056],[80.34622192300003,13.283305169000073],[80.04792022700008,15.074138642000037],[80.26419067400008,15.672082902000056],[80.67749786400003,15.889555931000075],[80.93830871600005,15.710389138000039],[81.26747131300004,16.292888641000047],[82.30455780000005,16.55994415300006],[82.30619812100008,17.038333893000072],[84.12916564900007,18.309555053000054],[85.03794097900004,19.391666412000063],[86.37163543700007,19.95208358900004],[87.06958007800006,20.720806121000066],[86.91210937500006,21.33833313100007],[87.80416870100004,21.69622230500005],[88.01955413800005,22.222917557000073],[88.26914215100004,21.554582596000046],[88.63905334500004,22.076194764000036],[88.71619415300006,21.684165955000026],[89.07241821300005,21.613611221000042],[89.04311989500007,22.075716503000024],[88.99582104300003,23.215008691000037],[88.55827060800004,23.649230768000052],[88.73540308600008,24.27907464200007],[88.00861437300006,24.66781802500003],[88.44171511000008,25.21049722300006],[89.00840368700005,25.264385059000062],[88.10692301400007,25.81512550900004],[88.41045904900005,26.63391353000003],[89.35607162200006,26.007781607000027],[89.67925021200006,26.23830765400004],[89.83831201100008,25.293235523000078],[92.42544509900006,25.03030276100003],[91.90575058400003,24.138814898000078],[91.37448333500004,24.10754047200004],[91.14968308000005,23.710430775000077],[91.61858158800004,22.937311046000048],[91.95703390200003,23.734121667000068],[92.27997442200007,23.71938024800005],[92.60659416400006,21.97460013600005],[93.19931261100004,22.256020592000027],[93.34184056900006,24.102381028000025],[94.15658726800007,23.847907993000035],[94.71360261100006,24.935002558000065],[94.63474079500008,25.395189526000024],[95.18568340300004,26.073299559000077],[95.14910719700003,26.616014375000077],[96.22858935200009,27.27880082200005],[97.13821021200005,27.091486874000054],[96.88952553400009,27.604513159000078],[97.37913626700004,27.89206368600003],[97.34548056100004,28.21545671000007],[96.40645336900008,28.505854386000067],[96.63180951800007,28.73370733300004],[96.053699,29.382748],[95.262616,29.06834],[94.693603,29.317934001000026],[92.455818,27.79333500100006],[91.64299604700005,27.761111],[92.12328396000004,27.286608960000024],[92.05643146600005,26.847273689000076],[89.65003208100006,26.717435539000064],[88.87525710200003,26.943214074000025],[88.92136938200008,27.32728762800008]]]},"properties":{"id":"IND","name":"India","iso":"IND"}},
{"type":"Feature","geometry":{"type":"Polygon","coordinates":[[[0.94657118300006,11.023105875000056],[0.916738616000032,10.99999996300005],[0.775412326000037,10.38064524500004],[1.354840912000043,9.992065285000024],[1.621358,9.044713001000048],[1.629028417000029,6.234777941000061],[2.706708228000025,6.375074643000062],[2.778296295000075,9.065921930000059],[3.091936572000066,9.111909815000047],[3.842602391000071,10.58843564800003],[3.595969345000071,11.701416619000042],[2.830389,12.408155001000068],[2.373679,12.242213001000039],[2.404114158000027,11.900253957000075],[2.019379324000056,11.413599662000024],[1.447600685000054,11.481004794000057],[0.94657118300006,11.023105875000056]]]},"properties":{"id":"BEN","name":"Benin","iso":"BEN"}},
{"type":"Feature","geometry":{"type":"Polygon","coordinates":[[[4.266666594000071,19.145555449000028],[4.199854,16.395069001000024],[3.87945,15.706247],[3.495491,15.357762],[1.311499,15.278128001000027],[0.24436,14.914000001000034],[0.440436033000026,13.952831661000062],[1.285810132000051,13.354418666000072],[0.992392195000036,13.37469434600007],[0.992396271000075,13.103355262000036],[2.163399176000041,12.690378616000032],[2.404114158000027,11.900253957000075],[2.373679,12.242213001000039],[2.830389,12.408155001000068],[3.595969345000071,11.701416619000042],[4.141604,13.478063],[4.873818,13.781003],[6.277334,13.676514],[6.942091,13.003533],[7.845216,13.341374],[9.627707,12.807406],[10.656115,13.360672001000069],[12.473627,13.05523],[13.633381001000032,13.70816],[13.471156,14.46276],[15.532533,16.748802],[15.603298001000041,18.88821100100006],[15.999034,20.361491],[15.416656,20.81813],[14.998588514000062,22.999385735000033],[14.189590089000035,22.644514429000026],[13.525999120000051,23.156164704000048],[11.998499906000063,23.51499999200007],[7.459372162000022,20.843413962000056],[5.813022165000064,19.443238785000062],[4.266666594000071,19.145555449000028]]]},"properties":{"id":"NER","name":"Niger","iso":"NER"}},
{"type":"Feature","geometry":{"type":"Polygon","coordinates":[[[14.083333,13.083333],[13.633381001000032,13.70816],[12.473627,13.05523],[10.656115,13.360672001000069],[9.627707,12.807406],[7.845216,13.341374],[6.942091,13.003533],[6.277334,13.676514],[4.873818,13.781003],[4.141604,13.478063],[3.595969345000071,11.701416619000042],[3.842602391000071,10.58843564800003],[3.091936572000066,9.111909815000047],[2.778296295000075,9.065921930000059],[2.706708228000025,6.375074643000062],[4.172762250000062,6.591375238000069],[3.403455014000031,6.396674247000021],[4.439412850000053,6.345181718000049],[5.059584049000023,5.769827999000029],[5.303500971000062,5.920200995000073],[5.454850529000055,4.899086453000052],[6.086218695000071,4.270777876000068],[6.707127057000037,4.549384080000038],[6.870161867000036,4.358897850000062],[6.815071175000071,4.585586488000047],[6.994488705000037,4.370438235000051],[7.080714276000037,4.704513683000073],[7.422849141000029,4.434819184000048],[8.292137109000066,4.536541424000063],[8.297374990000037,4.953565151000021],[8.592001478000043,4.803975594000065],[8.841666,5.825917],[9.779326,6.794368],[10.490173,6.898776],[10.570956,7.16256700100007],[11.350948,6.500974001000031],[11.867554,7.078549],[12.259808,8.44207300100004],[12.783955,8.745363001000044],[13.731405,10.999965001000021],[14.645103,11.578219],[14.676015,12.171109],[14.174003,12.409637001000021],[14.083333,13.083333]]]},"properties":{"id":"NGA","name":"Nigeria","iso":"NGA"}},
{"type":"Feature","geometry":{"type":"Polygon","coordinates":[[[28.999999785000057,9.673558573000037],[29.00000102000007,10.166667117000031],[27.833333639000045,10.166666410000062],[27.905554860000052,9.612500062000038],[28.038889,9.347221001000037],[28.744428,9.347223],[28.999999785000057,9.673558573000037]]]},"properties":{"id":"111","name":"Abyei","iso":"111"}},
{"type":"Feature","geometry":{"type":"Polygon","coordinates":[[[77.92412,35.497118],[78.272983,34.62975096500003],[79.04465380200008,34.32695008400003],[78.654448,34.054350965000026],[78.936605,33.386916],[78.902643,34.001616],[79.403281,34.00233],[80.420182,35.460158],[79.343439,35.987873],[77.92412,35.497118]]]},"properties":{"id":"112","name":"Aksai Chin","iso":"112"}},
{"type":"Feature","geometry":{"type":"Polygon","coordinates":[[[78.88339,31.286193001000072],[79.41306149500008,31.072992732000046],[79.099114,31.454677],[78.88339,31.286193001000072]]]},"properties":{"id":"113","name":"CH-IN","iso":"113"}},
{"type":"Feature","geometry":{"type":"Polygon","coordinates":[[[79.151971,33.18186900100005],[79.276039,32.556002],[79.557271,32.759179],[79.151971,33.18186900100005]]]},"properties":{"id":"114","name":"Demchok","iso":"114"}},
{"type":"Feature","geometry":{"type":"Polygon","coordinates":[[[13.652587108000034,45.45342051200004],[13.585570226000073,45.478600192000044],[13.582765497000025,45.47752459800006],[13.652587108000034,45.45342051200004]]]},"properties":{"id":"115","name":"Dragonja","iso":"115"}},
{"type":"Feature","geometry":{"type":"Polygon","coordinates":[[[89.12804,27.614839001000064],[89.01516010200004,27.50797704100006],[89.152022,27.557446001000073],[89.12804,27.614839001000064]]]},"properties":{"id":"116","name":"Dramana-Shakatoe","iso":"116"}},
{"type":"Feature","geometry":{"type":"MultiPolygon","coordinates":[[[[-59.38583374099994,-51.33761215199996],[-60.664249419999976,-51.34166717499994],[-60.01924896299994,-51.731723785999975],[-60.64672088699996,-51.667110442999956],[-60.179248807999954,-51.75166702299998],[-61.04591751099997,-52.073360442999956],[-60.61341476399997,-52.26044464199998],[-59.85833358699995,-51.966362],[-59.38583374099994,-51.33761215199996]]],[[[-58.96565627999996,-51.23412322899998],[-58.98088836699998,-51.79755401699998],[-59.73091507,-52.09836196899994],[-59.36583328199998,-52.36002731399998],[-59.453334807999966,-52.12794494499997],[-59.009193419999974,-52.257526396999936],[-59.27585983299997,-51.99338912999997],[-58.63502883899997,-52.116249084999936],[-58.95002746599994,-51.78877639799998],[-57.71086120599995,-51.68419265799997],[-58.16086196899994,-51.54752731299993],[-57.762500762999935,-51.543361663999974],[-57.941638944999966,-51.36294555499995],[-58.38588714599996,-51.48419570999994],[-58.27341842699997,-51.66208267099995],[-58.96565627999996,-51.23412322899998]]]]},"properties":{"id":"117","name":"Falkland Islands (UK)","iso":"117"}},
{"type":"Feature","geometry":{"type":"Polygon","coordinates":[[[34.267257,31.220052],[34.49073536800006,31.594539316000066],[34.21872822000006,31.32352067200003],[34.267257,31.220052]]]},"properties":{"id":"118","name":"Gaza Strip","iso":"118"}},
{"type":"Feature","geometry":{"type":"Polygon","coordinates":[[[81.02851943800005,30.232563226000025],[80.91692220500005,30.226034076000076],[81.03456025700007,30.197186608000038],[81.02851943800005,30.232563226000025]]]},"properties":{"id":"119","name":"Kalapani","iso":"119"}},
{"type":"Feature","geometry":{"type":"Polygon","coordinates":[[[-57.64848012199997,-30.19384122899993],[-57.613003376999984,-30.18917643599997],[-57.60466595099996,-30.18020684199996],[-57.64848012199997,-30.19384122899993]]]},"properties":{"id":"120","name":"Isla Brasilera","iso":"120"}},
{"type":"Feature","geometry":{"type":"Polygon","coordinates":[[[76.76045488000005,35.663249069000074],[77.00597263100008,35.00858335000004],[77.82297836500004,35.51124579900005],[76.76045488000005,35.663249069000074]]]},"properties":{"id":"121","name":"Siachen-Saltoro","iso":"121"}},
{"type":"Feature","geometry":{"type":"Polygon","coordinates":[[[0.916762263000066,11.000073875000055],[0.916738616000032,10.99999996300005],[0.94657118300006,11.023105875000056],[0.916762263000066,11.000073875000055]]]},"properties":{"id":"122","name":"Koualou","iso":"122"}},
{"type":"Feature","geometry":{"type":"Polygon","coordinates":[[[131.86691859400003,37.24076077700005],[131.86350062600002,37.241596196000046],[131.86476710600004,37.239513369000065],[131.86691859400003,37.24076077700005]]]},"properties":{"id":"123","name":"Liancourt Rocks","iso":"123"}},
{"type":"Feature","geometry":{"type":"Polygon","coordinates":[[[35.114847,31.824902],[34.98689696900004,31.967882969000073],[34.965918,31.823515],[35.114847,31.824902]]]},"properties":{"id":"124","name":"No Man's Land","iso":"124"}},
{"type":"Feature","geometry":{"type":"Polygon","coordinates":[[[112.3340835570001,16.837888717000055],[112.32283020000011,16.831583024000054],[112.33827972400002,16.831193925000036],[112.3340835570001,16.837888717000055]]]},"properties":{"id":"125","name":"Paracel Is","iso":"125"}},
{"type":"Feature","geometry":{"type":"Polygon","coordinates":[[[34.525541642000064,28.01308745500006],[34.50293973700008,27.944974195000043],[34.62024419000005,27.919384281000077],[34.525541642000064,28.01308745500006]]]},"properties":{"id":"126","name":"Sanafir & Tiran Is.","iso":"126"}},
{"type":"Feature","geometry":{"type":"Polygon","coordinates":[[[123.479858,25.750695],[123.457916,25.736528],[123.492363,25.740694001000065],[123.479858,25.750695]]]},"properties":{"id":"127","name":"Senkakus","iso":"127"}},
{"type":"Feature","geometry":{"type":"Polygon","coordinates":[[[114.33955383300008,11.44330597000004],[114.33499908400006,11.444527626000024],[114.3341369630001,11.437944412000036],[114.33955383300008,11.44330597000004]]]},"properties":{"id":"128","name":"Spratly Is","iso":"128"}},
{"type":"Feature","geometry":{"type":"Polygon","coordinates":[[[35.55499772200005,32.38935804600004],[35.495838,32.401279001000034],[35.494246,32.401665],[35.074827,32.461771103000046],[34.98689696900004,31.967882969000073],[35.114847,31.824902],[35.22359498000003,31.796490340000048],[35.22748311700008,31.74452510800006],[34.893269,31.367886001000045],[35.475645,31.491814],[35.55499772200005,32.38935804600004]]]},"properties":{"id":"129","name":"West Bank","iso":"129"}},
{"type":"Feature","geometry":{"type":"Polygon","coordinates":[[[-8.667610882999952,27.66726947500007],[-13.172297039999933,27.667269576000024],[-13.574094756999955,26.731467215000066],[-14.47542845099997,26.17927900600006],[-14.887747157999968,24.69621569700007],[-16.005184173999965,23.648559571000078],[-15.71211225899998,23.894967622000024],[-16.958000268999967,21.827460880000046],[-17.05037979599996,20.769983831000047],[-16.947410068999943,21.334248218000027],[-13.000826149999966,21.33402221600005],[-13.108064479999939,22.935287913000025],[-12.000858516999926,23.45222215600006],[-12.000857674999963,26.000578079000036],[-8.66761099799993,26.00058341700003],[-8.667611098999942,27.31589165200006],[-8.667610882999952,27.66726947500007]]]},"properties":{"id":"ESH","name":"Western Sahara","iso":"ESH"}}
]}